id,clave_bibtex,autores,anio,titulo,fuente,tipo,indexacion,doi,preguntas_que_responde,familia_base,orden_grado,dimension_base,criterio_seleccion_dimension,penalizacion,criterio_seleccion_lambda,tecnica_principal,tipo_datos,dominio_aplicacion,n_curvas,n_puntos_por_curva,frecuencia_muestreo,metricas_reportadas,resultado_principal,Q1,Q2,Q3,Q4,puntuacion_total,es_antecedente_directo,limitacion_declarada,trabajo_futuro_propuesto,cita_textual_clave,cita_pagina
15,reiss_tensor_2020,"Reiss, P.T.; Xu, M.",2020,Tensor product splines and functional principal components,Journal of Statistical Planning and Inference,artículo,indexado,10.1016/j.jspi.2019.10.006,"PR2|PR3, P-spline (tensor product spline penalizado)",no reportado,"no reportado (K genérico, no fijado a un valor concreto en el texto)",no aplica (el trabajo es sobre dirección de penalización, no sobre selección de K),"sí (penalización de rugosidad, tensor product penalty tipo Wood 2006)",REML,FPCA (eigendescomposición del operador de covarianza),reales (con submuestreo artificial para sparsificar),neuroimagen (grosor cortical y DTI cerebral),131 (grosor cortical) y 142 (DTI),"2-5 (grosor cortical, disperso); 55 (DTI completo, submuestreado a 2-50)",no aplica (datos longitudinales dispersos),"varianza explicada por los FPCs, autovalores estimados",La dirección de penalización (square vs triangle smoothing) altera sustancialmente los autovalores y eigenfunciones estimadas en FPCA vía splines tensoriales.,1,2,2,0,5,no,"cuando los datos funcionales se muestrean muy dispersamente, el impacto del prior es especialmente pronunciado y los resultados de FPCA deben tratarse con cautela",más trabajo es necesario para entender mejor las propiedades de los estimadores FPCA vía tensor product smoothing,the effect of penalization can be notably disparate for alternative approaches to tensor product smoothing,1
20,fonseca_wavelet_2020,"Fonseca, R.V.; Pinheiro, A.",2020,Wavelet estimation of the dimensionality of curve time series,Annals of the Institute of Statistical Mathematics,artículo,indexado,10.1007/s10463-019-00724-4,PR3|PR4,wavelet,Daubechies con 4 momentos nulos (DAUB4),no fija; J determinado por niveles de resolución mínimo/máximo (simulación 5-7; aplicación real 3-5) sobre grid de 256 (sim.) u 80 puntos (real),bootstrap (test secuencial de hipótesis sobre autovalores; 4 variantes comparadas),no (aunque usa umbralización/thresholding de coeficientes wavelet en 2 de las 4 variantes),no aplica,estimación de dimensión funcional / eigenanálisis tipo FPCA para series de tiempo de curvas,simulados y reales,tasas de fertilidad de Australia (demografía),"simulación n∈{100,300,600}; aplicación real 90 curvas (años 1921-2010)",simulación 256 puntos; aplicación real 80 puntos,anual (curvas por año),"autovalores estimados vs. verdaderos, tasa de selección correcta de dimensión (%), p-valores bootstrap",El método wavelet estima la dimensión funcional con las mismas propiedades asintóticas que Bathia et al. (2010) permitiendo más variantes de bootstrap y mayor eficiencia computacional; aplicado a fertilidad australiana estima dimensión 5.,2,2,2,0,6,no,no declarada explícitamente,no propuesto explícitamente,the wavelet representation permits the use of several bootstrap procedures and it results in faster computing algorithms,1
31,marin_analyzing_2023,"Marín, J.B.; Marulanda, L.M.; Duque, F.V.",2023,Analyzing Electricity Demand in Colombia: A Functional Time Series Approach,International Journal of Energy Economics and Policy,artículo,indexado,10.32479/ijeep.13728,PR5|PR1,B-spline,no reportado,no reportado (número de elementos de la base no especificado explícitamente),no aplica a la dimensión de la base; el número de componentes FPCA (Ki) se elige minimizando el MAPE en un conjunto de validación (método de Shang 2013),sí (suavizado B-spline penalizado),GCV (validación cruzada generalizada),FPCA + pronóstico ARIMA/ARFIMA sobre los scores,reales,demanda eléctrica horaria en Colombia,~964-1014 días (curvas) por día de la semana,24 (horas por día),horaria (datos 2000-2019),"MAPE, RMSPE, proporción de varianza explicada","FDA vía FPCA con suavizado B-spline (GCV) captura patrones intradía de la demanda eléctrica colombiana; el pronóstico FTS supera levemente a ARFIMA en MAPE, sin comparar otras familias de base.",1,2,1,0,4,no,no declarada explícitamente,"incluir estacionalidad, comparar contra SARIMA/Holt-Winters/redes neuronales/SVM, e incluir variables como precio o reservas hídricas",the regulation parameters or degree of smoothing lambda_i are chosen through generalized cross-validation,78
45,perezplaza_network_2018,"Pérez-Plaza, S.; Fernández-Palacín, F.; Berrocoso, M.; Páez, R.; Rosado, B.",2018,Analysis of a GPS Network Based on Functional Data Analysis,Mathematical Geosciences,artículo,indexado,10.1007/s11004-018-9731-4,PR1|PR2|PR4,Fourier y P-splines (comparación explícita entre ambas familias),no reportado explícitamente,"no reportado (K óptimo obtenido automáticamente vía la función min.basis/GCV, valor no indicado)",GCV (vía función min.basis del paquete fda.usc),sí (penalización de rugosidad / roughness penalty en P-splines),GCV,FPCA + clustering (rotación VARIMAX),reales,geodesia / red GPS (movimiento de placas tectónicas),54 estaciones GPS × 3 componentes (E-N-U),diarios (~1000 días entre 2011 y 2013),diaria,"MSE (error cuadrático medio) por base, varianza explicada por componentes principales","Compara Fourier vs P-splines por MSE para reconstruir curvas GPS geodésicas; P-splines superan a Fourier en componentes East/North, similar en Up; FPCA detecta actividad sísmica sincronizada.",2,2,2,2,8,si,no declarada explícitamente,introducir una medida para detectar diferencias sutiles en la componente Up relacionadas con la velocidad de desplazamiento,"the best result, in general, are obtained with the p-splines basis",18
58,magistris_adaptive_2025,"Magistris, A.D.; Romano, E.; Campagna, R.",2025,Adaptive Generalized P-Splines for Functional Data: A Statistical Framework via Blockwise GSVD,Statistics and Computing,artículo,indexado,10.1007/s11222-025-10734-3,PR1|PR3,P-spline (B-spline cúbico penalizado con nudos libres/adaptativos),cúbico,"variable, seleccionado automáticamente (ejemplo Test 4: 10 nudos vs 7 del método de comparación)",criterio propio (minimiza el número de condición κλ1λ2) combinado con AMSE/GCV,"sí (doble penalización tipo Tikhonov, R1 y R2)",GCV,"aproximación/representación funcional (reconstrucción de curvas, no FPCA)",simulados y reales,metodológico/simulación + datos reales (dominio específico no confirmado en el extracto revisado),100 funciones por grupo (4 grupos simulados),"100 puntos aleatorios en el intervalo [0,5]",no aplica,"AMSE, GCV, ISSE, número de condición, SSE","Propone P-splines con nudos libres adaptativos seleccionados por número de condición (no por back-deletion), logrando mejor estabilidad numérica y ajuste con similar o menor número de nudos que métodos previos.",2,2,2,2,8,si,no confirmado en el extracto revisado,no confirmado en el extracto revisado,our approach significantly outperforms traditional free knot and smoothing spline methods in terms of approximation error and conditioning,1
72,dacruz_fast_2026,"da Cruz, A.C.; P. E. de Souza, C.; T. O. Sousa, P.H.; I. Kinsey, S.",2026,Fast Bayesian basis selection for functional data representation with correlated errors,Computational Statistics,artículo,indexado,10.1007/s00180-026-01769-9,PR1|PR3,"no confirmado en el extracto revisado (el marco general menciona Fourier/B-splines, pero la familia usada en las aplicaciones concretas no se confirmó en el texto leído)",no reportado,"selección de subconjunto de bases mediante VEM/MCMC bayesiano, valor final no confirmado en el extracto",selección bayesiana de variables (VEM/Gibbs sampling); no es GCV/AIC clásico,no aplica en sentido clásico (selección de base vía prior bayesiano tipo selección de variables; comparado contra LASSO/LASSO bayesiano como alternativas),no aplica,selección de bases funcionales mediante inferencia bayesiana (VEM vs. MCMC),simulados y reales,"motocicleta (ingeniería), LIDAR, clima de Canadá",no confirmado en el extracto revisado,no confirmado en el extracto revisado,no aplica,"R² ajustado (comparado con splines de regresión/suavizado, LASSO, LASSO bayesiano); tiempo de cómputo","Método bayesiano VEM para selección de bases con errores correlacionados, tan preciso como MCMC pero miles de veces más rápido; R² ajustado comparable o superior a splines/LASSO en datos reales.",2,2,2,2,8,si,no confirmado en el extracto revisado,no confirmado en el extracto revisado,the VB method is in the order of thousands faster than MCMC,no identificable en el texto extraído
74,shamshoian_bayesian_2022,"Shamshoian, J.; Şentürk, D.; Jeste, S.; Telesca, D.",2022,Bayesian analysis of longitudinal and multidimensional functional data,Biostatistics,artículo,indexado,10.1093/biostatistics/kxaa041,PR1|PR2|PR3,"B-spline (tensor product, cúbico)",cúbico,"variable según aplicación (fertilidad: número de splines y factores latentes elegido por DIC, valor exacto no confirmado en el extracto)",DIC (Deviance Information Criterion) + análisis de sensibilidad,"sí (regularización de rango vía priors Gamma jerárquicos, shrinkage bayesiano)","no aplica (regularización vía priors bayesianos jerárquicos, no lambda clásico por GCV/AIC)",modelo bayesiano jerárquico para media y covarianza funcional (comparado con product FPCA),reales (2 estudios de caso) + simulados (estudio de sensibilidad),tasas de fertilidad por edad y país; EEG en aprendizaje implícito en niños con autismo,~30 países (fertilidad); estudio EEG no confirmado en el extracto,44 edades × 56 años (fertilidad),anual por edad (fertilidad),"DIC, varianza explicada, bandas de credibilidad simultáneas","Propone un modelo bayesiano conjunto para media y covarianza en datos funcionales longitudinales multidimensionales, con regularización de rango vía priors; desempeño competitivo frente a product FPCA.",1,1,2,0,4,no,no se han establecido resultados teóricos de consistencia posterior,no confirmado en el extracto revisado,we have not established theoretical results on posterior consistency,no identificable en el texto extraído
86,nie_recovering_2022,"Nie, Y.; Yang, Y.; Wang, L.; Cao, J.",2022,Recovering the underlying trajectory from sparse and irregular longitudinal data,Canadian Journal of Statistics,artículo,indexado,10.1002/cjs.11677,PR1|PR2,empírica (funciones base ortonormales estimadas de los datos),N/A,no confirmado en el extracto revisado,no confirmado en el extracto revisado,no reportado en el extracto revisado,no aplica / no confirmado,FPCA (comparación del método propio SOAP vs. PACE),simulados y reales,porcentaje de CD4 en cohorte de SIDA (Multi-center AIDS Cohort Study),no confirmado en el extracto revisado,escaso e irregular por diseño (longitudinal disperso),irregular/disperso (no aplica frecuencia fija),no confirmado en el extracto revisado,"Propone SOAP, un método de aproximación ortonormal dispersa que evita invertir la matriz de covarianza, como alternativa más estable que PACE para FPCA con datos longitudinales dispersos e irregulares.",2,1,2,1,6,si,no confirmado en el extracto revisado,no confirmado en el extracto revisado,The SOAP method avoids the inverse of the covariance matrix hence the computation is more stable,1
94,berry_cross_2021,"Berry, L.N.; Helwig, N.E.",2021,"Cross-Validation, Information Theory, or Maximum Likelihood? A Comparison of Tuning Methods for Penalized Splines",Stats,artículo,indexado,10.3390/stats4030042,PR3,B-spline,no reportado,"no aplica (spline penalizado con nodos en todos los puntos; el foco es lambda, no K)",no aplica,sí (penalización de rugosidad cuadrática tipo ridge),"GCV, AIC, BIC, ML, REML, OCV (comparación explícita)",otra (comparación de métodos de selección de parámetro de suavizado),ambos,temperatura global (GISTEMP),no aplica,no reportado,no aplica,"sesgo, varianza, MSE de predicción entre métodos de tuning","ML y REML superan a CV en la mayoría de escenarios, especialmente con errores correlacionados o no gaussianos",1,2,2,0,5,no,"solo considera el modelo de regresión no paramétrica simple, no extensiones FDA más complejas",extender a otras extensiones FDA y estimación robusta,maximum likelihood methods outperform the popular cross-validation methods in most situations,701
131,gataric_high_2021,"Gataric, M.",2021,High-resolution signal recovery via generalized sampling and functional principal component analysis,Advances in Computational Mathematics,artículo,indexado,10.1007/s10444-021-09908-0,PR1|PR2,empírica (FPCA); wavelet y Fourier como bases de muestreo del marco,N/A,"p (resolución objetivo) y m (dimensión FPCA truncada), estudiados como parámetros variables","estudiado como parámetro variable, no seleccionado por criterio automático",sí (regularización tipo ridge / sparse PCA thresholding),no reportado,FPCA,simulados (modelo generativo 1D + imágenes fantasma cerebrales 2D),señales/imágenes sintéticas (metodológico),"n (tamaño de entrenamiento) variable, no fijo",no aplica directamente,no aplica,"tasa de aproximación/error de reconstrucción, SNR",combinar muestreo de baja resolución (ej. Fourier) con FPCA de alta resolución permite recuperación de alta resolución bajo condiciones de bajo rango,2,2,2,1,7,si,"no confirmado en el extracto revisado (lectura parcial, ver nota)","no confirmado en el extracto revisado (lectura parcial, ver nota)",high-resolution recovery is indeed possible provided appropriate low-rank and angle conditions hold,no identificable en el texto extraído
135,yang_feature_2022,"Yang, Y.; Yang, Y.; Shang, H.L.",2022,Feature extraction for functional time series: Theory and application to NIR spectroscopy data,Journal of Multivariate Analysis,artículo,indexado,10.1016/j.jmva.2021.104863,PR1|PR4,wavelet (block thresholding) combinada con empírica (FPCA),no reportado,"K (dimensión FPCA), estimado por fórmula propia (Ec. 10)",criterio propio del método (no GCV/AIC estándar),sí (block thresholding de coeficientes wavelet),no aplica directamente / umbral de bloque wavelet,FPCA,ambos (simulación Monte Carlo + datos reales NIR),espectroscopía NIR de paneles de madera,"no reportado (T∈{25,50,100} en simulación)",no reportado,no aplica (datos espectrales),"error de estimación del proceso funcional, precisión de pronóstico",FPCA-BTW supera a FPCA y FPCA dispersa al capturar características locales y globales simultáneamente,2,2,2,2,8,si,no declarada explícitamente en el extracto revisado,"mencionado genéricamente en Sección 7, sin detalle específico visible",the proposed method outperforms competing methods including FPCA and sparse FPCA,no identificable en el texto extraído
168,beyaztas_comparison_2022,"Beyaztas, U.; Shang, H.L.",2022,A comparison of parameter estimation in function-on-function regression,Communications in Statistics: Simulation and Computation,artículo,indexado,10.1080/03610918.2020.1746340,PR1|PR2|PR3,"Gaussiana (RBF), B-spline y Fourier (compara las 3 explícitamente)",no reportado,"número de funciones de base (variable, factor de estudio)","GCV, GIC, MAIC, GBIC (cuatro criterios comparados)","sí (selección de parámetro de rugosidad, roughness penalty)","GCV, GIC, MAIC, GBIC",regresión funcional (function-on-function),ambos (simulación Monte Carlo + datos reales),"clima semanal (radiación, estaciones de Dakota del Norte)",múltiples estaciones climáticas (no reportado número único),no reportado,semanal,"comparación LS vs MPL, intervalos de confianza bootstrap, criterios de información",compara sistemáticamente 3 familias de base y 2 métodos de estimación para determinar la elección óptima de base en regresión función-función,2,2,2,2,8,si,no declarada explícitamente en el extracto revisado,"explorar otras bases como Bernstein polynomial y wavelets, no exploradas en este estudio","we consider three commonly used basis functions, but other basis functions... may also be explored",no identificable en el texto extraído
177,tao_integrated_2025,"Tao, W.; Joshi, S.; Whitaker, R.",2025,Integrated Model Selection and Scalability in Functional Data Analysis Through Bayesian Learning,Algorithms,artículo,indexado,10.3390/a18050254,PR1|PR2|PR3,"otra (expansión de kernel bayesiana no paramétrica, no una familia clásica fija)",N/A,seleccionada automáticamente por el modelo bayesiano (prior disperso/variacional),"bayesiano automático (variational, sparse prior)",sí (prior disperso tipo shrinkage bayesiano),seleccionado automáticamente vía optimización variacional,"otra (aprendizaje bayesiano escalable, estimación de covarianza y selección de dimensión conjunta)",ambos (simulación extensiva + datos reales biomédicos y oceanográficos),"datos oceanográficos (Argo floats), biomédicos",no reportado (grandes conjuntos de datos),"no reportado, muestreo irregular/disperso",irregular/disperso,"precisión de estimación de covarianza, selección de dimensionalidad","BSFDA selecciona automáticamente dimensión y funciones de base, superando técnicas convencionales con datos irregulares/dispersos",2,2,2,2,8,si,enfoques existentes requieren imponer rejillas artificiales; el método aún deja margen de mejora declarado por los autores,"ampliar el alcance y refinar el desempeño unificando aprendizaje disperso, expansiones de kernel e inferencia variacional",future work promises to widen its scope and refine its performance,no identificable en el texto extraído
191,nassar_empirically_2021,"Nassar, H.; Podgórski, K.",2021,Empirically Driven Orthonormal Bases for Functional Data Analysis,Lecture Notes in Computational Science and Engineering,actas,indexado,10.1007/978-3-030-55874-1_76,PR1,"empírica (splinets, basada en datos) vs. Fourier (comparación crítica)",N/A (splinets),"I (número finito de funciones base), estudiado para tamaño muestral 25-700",criterio de optimalidad basado en MSE promedio (estilo machine learning),no reportado explícitamente en el extracto,no aplica,"otra (selección de base ortonormal empírica, aprendizaje de knots)",reales (espectros de vino),espectros de vino (FDA clásico),25 a 700 (tamaño de muestra estudiado),no reportado,no aplica (datos espectrales),MSE promedio por punto de dato funcional,método basado en datos (splinets) para elegir la base ortonormal inicial supera la elección ad-hoc habitual (Fourier),2,2,2,2,8,si,solo se considera un número finito I de funciones de base por limitaciones prácticas,no propuesto explícitamente en el extracto revisado,"Usually, Fourier basis is used to describe periodic data",no identificable en el texto extraído
199,basna_driven_2022,"Basna, R.; Nassar, H.; Podgórski, K.",2022,Data driven orthogonal basis selection for functional data analysis,Journal of Multivariate Analysis,artículo,indexado,10.1016/j.jmva.2021.104868,PR1|PR3,empírica (splinets) vs. Fourier/wavelets/splines (elección ad hoc estándar criticada),N/A (splinets),seleccionada por colocación de nodos (algoritmo tipo machine learning),algoritmo de selección de nodos tipo machine learning (no GCV/AIC clásico),"no explícito en el extracto (mecanismo de selección de knots, no penalización de suavizado tradicional)",no aplica,otra (selección de base ortogonal basada en datos),reales (datos funcionales dispersos),no especificado en el extracto revisado,no reportado en el extracto revisado,no reportado,no aplica,"no confirmado en el extracto revisado (mismo enfoque MSE que id 191, mismos autores)","propone un método basado en datos para elegir la base funcional inicial mediante colocación eficiente de nodos (splinets), en vez de la elección ad hoc habitual",2,2,2,2,8,si,no declarada explícitamente en el extracto revisado,no propuesto explícitamente en el extracto revisado,"a rather ad hoc choice of some standard basis such as Fourier, wavelets, splines, etc. is used",no identificable en el texto extraído
201,liang_measurement_2022,"Liang, Z.; Weng, F.; Ma, Y.; Xu, Y.; Zhu, M.; Yang, C.",2022,Measurement and Analysis of High Frequency Assert Volatility Based on Functional Data Analysis,Mathematics,artículo,indexado,10.3390/math10071140,PR2|PR5,Bernstein polynomial (RBF/polinomial),no reportado explícitamente,m (parámetro único determinado por GCV),GCV,no confirmado como penalización explícita; GCV se usa para elegir m directamente,GCV,otra (modelo de volatilidad realizada basado en curvas),reales (datos financieros por segundo),volatilidad de activos financieros de alta frecuencia,no reportado un número único,no reportado (nivel por segundo),por segundo (alta frecuencia),"modelo de volatilidad realizada basado en curvas, sensibilidad a muestreo no equiespaciado","propone una función de base de Bernstein ponderada para el ajuste de curvas de precios financieros de alta frecuencia, con m seleccionado vía GCV",2,1,1,1,5,si,no declarada explícitamente en el extracto revisado,profundizar en propiedades de los polinomios de Bernstein (curvas de Bézier) no exploradas por completo,"the only parameter to be determined is m, which is finally optimal by the minimum generalized cross-validation criterion",no identificable en el texto extraído
205,sousa_bayesian_2024,"Sousa, P.H.T.O.; de Souza, C.P.E.; Dias, R.",2024,Bayesian adaptive selection of basis functions for functional data representation,Journal of Applied Statistics,artículo,indexado,10.1080/02664763.2023.2172143,PR1|PR2|PR3,B-spline y Fourier (ambos probados),no reportado en el extracto,"K en {5,...,30} (14 valores probados)",selección automática vía variable Bernoulli latente bayesiana,"sí (tipo: mixtura spike-and-slab bayesiana, no rugosidad clásica)",no aplica (bayesiano),selección de base (Gibbs sampler),ambos,casos diarios de COVID-19 en Brasil,5 (simulación); no reportado en el extracto para datos reales,100 (simulación),diaria (COVID); no aplica (simulación),"MSE, métrica tipo R2 ajustado (Ec. 7)","Modelo bayesiano vía Gibbs sampler selecciona correctamente el número y conjunto de bases (B-spline/Fourier), superando a OLS y siendo comparable/mejor que LASSO y Bayesian LASSO",2,2,2,2,8,si,no confirmada en el extracto leído,no confirmado en el extracto leído,we developed and applied a new Bayesian approach via Gibbs sampler to select basis functions for a finite representation of functional data,no identificable en el texto extraído
239,basna_splinets_2025,"Basna, R.; Nassar, H.; Podgórski, K.",2025,Splinets – Orthogonal Splines for Functional Data Analysis,R Journal,artículo,indexado,10.32614/RJ-2024-034,PR1,B-spline (ortogonalizado vía dyadic orthonormalization),no reportado,no reportado,no aplica / no reportado,no,no aplica,"FPCA y clasificación (Fashion MNIST, datos de vino)",reales,clasificación de imágenes (Fashion MNIST) y espectros de vino,no reportado (datasets estándar),no reportado,no aplica,eficiencia computacional (no se detalla métrica de precisión en este resumen corto),"El paquete Splinets ofrece bases ortonormales (splinets) vía ortogonalización diádica de B-splines, mejorando la eficiencia computacional en FDA incluyendo FPCA",2,0,1,0,3,no,no declarada explícitamente,no propuesto (nota breve de software),The computational engine of the package is the dyadic orthonormalization of B-splines that leads the so-called splinets,"p.1 (nota de software, pág. inicial 42-61)"
270,amir_flexible_2024,"Amir, W.A.F.W.; Misro, M.Y.; Mohd, M.H.",2024,Flexible functional data smoothing and optimization using beta spline,AIMS Mathematics,artículo,indexado,10.3934/math.20241126,PR1|PR3,otra (beta spline; extensión del B-spline con 2 parámetros de forma),"cúbico, grado 3","no reportado (el foco está en los parámetros de forma β1/β2, no en número de nudos)",no aplica (dimensión no es el foco; se optimizan parámetros de forma),sí (tipo: roughness penalty approach - RPA),GCV (validación cruzada generalizada),suavizado funcional (representación/smoothing),reales,temperatura de 5 estaciones meteorológicas del norte de Malasia,5 (estaciones),no reportado con precisión (enero 2022),diaria (enero 2022),error GCV,Beta spline con parámetros de forma optimizados por GCV logra mayor flexibilidad que B-spline/Fourier estándar para suavizar curvas de temperatura climática con eventos extremos,2,2,1,1,6,si,no declarada explícitamente en el extracto leído,aplicar el método a pronóstico (forecasting) con otros tipos de series de tiempo,"Unlike commonly used basis such as Fourier or B-spline, beta spline...was employed to transform discrete data into a functional form",p.23178 (Conclusiones)
288,basna_spline_2024,"Basna, R.; Nassar, H.; Podgórski, K.",2024,Spline-based methods for functional data on multivariate domains,Journal of Mathematics in Industry,artículo,indexado,10.1186/s13362-024-00153-w,PR1|PR2,"B-spline (producto tensorial, ortonormalizado ""splinet"")","orden k (genérico, no fijado a un valor único)",441 elementos de base (ejemplo dado),"selección de nudos data-driven (DDK, algoritmo de aprendizaje automático simple) en vez de dimensión fija",no (usa selección de nudos en vez de penalización de rugosidad),no aplica,"FPCA (por clase, para clasificación)",reales,espectroscopía de vino (1D) y clasificación de imágenes Fashion MNIST (2D),no reportado con precisión,no reportado,no aplica,"exactitud 73.6%, precisión 73.9%, recall 73.1%, F1 73.1%",Extensión de la selección de nudos data-driven a dominios multidimensionales mediante transformación de topología del espacio de splines; clasificación FPCA logra ~74% de exactitud en Fashion MNIST,2,2,2,2,8,si,exactitud menor que redes neuronales convolucionales de última generación,implementar la clasificación directamente sobre datos 2D en vez de vía transformación de curva de Hilbert,an efficient placement of the knots using a simple machine-learning algorithm,p.1 (resumen)
300,lisi_joint_2024,"Lisi, F.; Shah, I.",2024,Joint Component Estimation for Electricity Price Forecasting Using Functional Models,Energies,artículo,indexado,10.3390/en17143461,PR5,empírica (FPCA/Karhunen-Loève para componente estocástica) + splines de suavizado cúbicas (componente determinística),cúbico (splines de suavizado para tendencia/periodicidad),"d (número de FPCs), seleccionado junto con el orden p","FFPE (functional final prediction error, análogo funcional del AIC)",sí (tipo: smoothing splines vía mínimos cuadrados y backfitting para componente determinística),no especificado con detalle en el extracto leído,regresión funcional (modelos FAR/FARX autorregresivos),reales,precios eléctricos de la zona norte del mercado italiano IPEX,"1826 días (5 años, 2015-2019)",24 (horas del día),diaria con resolución horaria intradía,"MAE, MAPE, RMSE, test de Diebold-Mariano","La estimación conjunta de componentes (modelo FARX) supera significativamente a la estimación separada (SS-SAR, SS-FAR) en la predicción de precios eléctricos",1,1,0,0,2,no,no declarada explícitamente en el extracto leído,no confirmado en el extracto leído,jointly estimating the components leads to significantly more accurate predictions than using a separate instance of modeling,p.1 (resumen)
304,amato_unsupervised_2025,"Amato, U.; Antoniadis, A.; De Feis, I.; Gijbels, I.",2025,Unsupervised curve clustering using wavelets,Advances in Data Analysis and Classification,artículo,indexado,10.1007/s11634-024-00612-7,PR4|PR1,wavelet,"no aplica (no tienen ""grado"" en el sentido de splines)","nivel de truncamiento K (variable por curva, seleccionado por el método)",penalización tipo Birgé-Massart o Huet (minimización de riesgo penalizado),"sí (tipo: penalización Birgé-Massart/Huet para K, más square-root LASSO para coeficientes)","no aplica directamente (el parámetro clave es el nivel de truncamiento K, no un lambda continuo GCV/AIC)",clustering,ambos,espectroscopía infrarroja para clasificar tipos de carne (datos Tecator),"240 (muestras de carne, datos reales)",100 (canales espectrales),"no aplica (dominio espectral, no temporal)",índice de Rand ajustado (aRand),"El método de clustering basado en wavelets logra aRand=0.901 en datos Tecator, superando a WPCA (0.860), FPCA k-means (0.849) y B-spline k-means (0.320)",2,2,2,1,7,si,no declarada explícitamente en el extracto leído,no confirmado en el extracto leído,Wavelets on the contrary are well suited for identifying highly discriminant local time and scale features,p.1 (resumen)
348,gao_factor_2024,"Gao, Y.; Shang, H.L.; Yang, Y.",2024,FACTOR-AUGMENTED MODEL FOR FUNCTIONAL DATA,Statistica Sinica,artículo,indexado,10.5705/ss.202021.0223,PR1|PR2|PR3,B-spline,4 (cúbico),"K grande fijo (ej. K=21 en un escenario; 48 nudos en la aplicación real, uno por punto de dato)",K fijo grande; la suavidad se controla vía el parámetro de penalización en vez de vía K,"sí (tipo: penalización L2/rugosidad — modelo ""Bsmooth"")",no especificado con detalle (Remark 4 menciona métodos comunes sin fijar cuál usan),modelo de factores (suavizado + componente factorial de alta dimensión),ambos,"temperatura horaria en Adelaide, Australia (además de temperatura/precipitación de Canadá en el suplemento)","508 (viernes, Adelaide, 1997-2007)",48 (cada media hora),cada media hora,MISE (simulación); análisis de residuos y autovalores (aplicación real),"El modelo FASM (suavizado + factores) reduce los residuos y mejora la estimación frente a Bsmooth, Localin y PACE, especialmente ante error de medición o mala especificación de la base",2,2,2,1,7,si,no declarada explícitamente (se insinúa la necesidad de extender a cambios estructurales en la dirección muestral),extender el modelo para incorporar puntos de cambio (change points) también en la dirección muestral,a factor-augmented smoothing model is proposed to address these challenges,p.1 (resumen)
359,burkotova_efficient_2026,"Burkotová, J.; Pavlů, I.; Nassar, H.; Machalová, J.; Hron, K.",2026,Efficient spline orthogonal basis for representation of density functions,Journal of Applied Statistics,artículo,indexado,10.1080/02664763.2025.2532621,PR1|PR2,"B-spline (variante especializada ""ZB-spline"", ortogonalizada como ""ZB-splinet"")","cuadrático (k=2, l=1 en el ejemplo demográfico)",9 nudos equidistantes (dos secuencias distintas comparadas),comparación manual de dos secuencias de nudos equidistantes (no automatizado vía GCV/AIC en el extracto leído),"sí (tipo: penalización de rugosidad estándar para splines de suavizado, α=0.5)",manual (α fijado a 0.5),"FPCA (SFPCA, para funciones de densidad en espacios de Bayes)",reales,distribución de edad poblacional por municipio en Alta Austria (más un ejemplo geológico),114 (57 municipios × 2 sexos),19 (intervalos de edad del histograma original),"no aplica (datos transversales, no series temporales)","varianza explicada (56.8%/48.0%), número de elementos no-cero de matrices (eficiencia), soporte local",La base ZB-splinet logra la misma varianza explicada en FPCA que otros métodos de ortogonalización pero con mayor eficiencia computacional y soporte más local,2,2,2,1,7,si,no declarada explícitamente en el extracto leído,incluir herramientas estadísticas más avanzadas en el paquete de software para uso más amplio en la comunidad FDA,ZB-splinet approach has shown to surpass the others in both criteria: having the lowest number of multiplications...and the smallest relative total support,p.706 (Conclusiones)
408,razodeanda_contagion_2023,"Razo-De-Anda, J.O.; Romero-Castro, L.L.; Venegas-Martínez, F.",2023,Contagion Patterns Classification in Stock Indices: A Functional Clustering Analysis Using Decision Trees,Mathematics,artículo,indexado,10.3390/math11132961,PR5|PR1,B-spline,no reportado,no reportado,no reportado,sí (penalización de rugosidad genérica vía lambda en el ajuste B-spline),no reportado en el extracto revisado,FPCA + clustering (K-means) + árboles de clasificación,reales,contagio financiero en índices bursátiles,18,~264 (mensual 2000-2021),mensual,"varianza explicada (85% acumulada, 3 componentes), método silhouette, validación cruzada, reglas de árboles de clasificación","FPCA+K-means+árboles identifican 6 grupos de contagio bursátil entre 18 índices; PIB, IPC y FDI son determinantes; el contagio se intensifica en crisis (2008, COVID-19)",1,1,1,0,3,no,no confirmado en el extracto revisado,no confirmado en el extracto revisado,Mexico's IPC was not clustered in the same group of US stock market indices anytime,1 (resumen)
432,cederbaum_fast_2018,"Cederbaum, J.; Scheipl, F.; Greven, S.",2018,Fast symmetric additive covariance smoothing,Computational Statistics and Data Analysis,artículo,indexado,10.1016/j.csda.2017.11.002,PR2|PR3,B-spline (tensor product bivariado),no reportado,no reportado,no reportado,sí (penalización cuadrática de suavidad isotrópica sobre coeficientes bivariados),REML,FPCA (suavizado de la función de covarianza),ambos,producción de habla (señales acústicas) y conteo de células CD4,no reportado en el extracto revisado,no reportado en el extracto revisado,no aplica,"tiempo de cómputo frente a métodos previos (Xiao et al., Di et al.)","propone suavizador bivariado simétrico rápido para covarianzas en FDA, reduce a la mitad los coeficientes de spline y acelera el cómputo frente a métodos previos",1,2,2,0,5,no,no confirmado en el extracto revisado,no confirmado en el extracto revisado,imposing the symmetry constraint almost halves the number of spline coefficients that have to be estimated,no identificable en el texto extraído
471,dang_smoothem_2025,"Dang, H.; Cremona, M.A.; Chiaromonte, F.",2025,smoothEM: A new approach for the simultaneous assessment of smooth patterns and spikes,Electronic Journal of Statistics,artículo,indexado,10.1214/25-EJS2428,PR3|PR1,B-spline,cúbico,300 (en el ejemplo ilustrativo; nodos equiespaciados),"fijo arbitrario (el método se enfoca en seleccionar lambda, no la dimensión de la base)",sí (penalización de rugosidad de orden 1),GCV (critican su sesgo con datos con picos; comparan con RWSS-GCV y mgcv-AS),suavizado funcional + EM,ambos,índice de olas de calor (EE.UU.) y consumo eléctrico (Irlanda),no aplica (método de suavizado de una curva por vez),"n=200,500,1000,2000 (variado en simulaciones)","no aplica (simulación equiespaciada en [0,1]; aplicaciones reales anual/semanal)","error L2, tasa de falsos negativos (FNR) y falsos positivos (FPR) en identificación de picos","propone smoothEM, que combina EM con suavizado penalizado iterativo para identificar picos y estimar la componente suave simultáneamente, superando a RWSS-GCV y mgcv-AS",2,2,2,1,7,si,no confirmado en el extracto revisado,no confirmado en el extracto revisado,"the cross validation procedure to be biased towards small values of lambda, i.e. towards under-smoothed f-hat",no identificable en el texto extraído
534,aguilera_comparative_2013,"Aguilera, A.M.; Aguilera-Morillo, M.C.",2013,Comparative study of different B-spline approaches for functional data,Mathematical and Computer Modelling,artículo,indexado,10.1016/j.mcm.2013.04.007,PR3|PR4|PR1,"B-spline (regression splines, smoothing splines, P-splines)",no reportado explícitamente en el extracto revisado,no reportado explícitamente (P-splines usa número relativamente grande de nodos equiespaciados),"no aplica (el foco es la penalización, no la selección de nodos)",sí (compara penalización continua -smoothing splines- y discreta -P-splines- frente a no penalizado -regression splines-),GCV y validación cruzada,comparación sistemática de suavizado de bases (representación funcional),ambos,no reportado en el extracto revisado,no reportado en el extracto revisado,no reportado en el extracto revisado,no aplica / no reportado,"error cuadrático medio (MSE), costo computacional",P-splines dan la mejor aproximación con menor costo computacional; ambos enfoques penalizados reducen drásticamente el MSE frente a regression splines no penalizadas,2,2,2,2,8,si,no confirmado en el extracto revisado,no confirmado en el extracto revisado,both penalized approaches drastically reduced the mean squared errors...with P-splines giving the best approximations with less computational cost,1 (resumen)
572,yang_efficient_2017,"Yang, J.; Cox, D.D.; Lee, J.S.; Ren, P.; Choi, T.",2017,Efficient Bayesian hierarchical functional data analysis with basis function approximations using Gaussian–Wishart processes,Biometrics,artículo,indexado,10.1111/biom.12705,PR1|PR2,B-spline,no reportado,L=20 (rejilla de trabajo en simulación); L=30 en aplicación real,"fijo (nodos ubicados por método de de Boor/Gaffney-Powell, número L fijado a priori)",no (evita afinar parámetros de suavizado explícitos vía proceso IWP a priori bayesiano),no aplica,modelo jerárquico bayesiano con MCMC (relacionado a FPCA),ambos,energía espectral eléctrica (SEE) en niños obesos vs no obesos,30 (simulación); 106 (aplicación real),40 (simulación); hasta 405 (aplicación real),no aplica (rejilla común),"RMSE, tasa de error de clasificación (SVM, leave-one-out CV)",BABF mejora la escalabilidad computacional de BHM manteniendo precisión; produce menor error de clasificación (33.02%) que CSS/PACE/datos crudos,1,1,1,0,3,no,reconocen falta de ajuste (lack-of-fit) en 52% de las curvas reales por varianzas residuales heterogéneas entre observaciones,asumir varianzas residuales específicas por muestra en el modelo jerárquico bayesiano,which is beyond the scope of this paper but will be part of our future research,no identificable en el texto extraído
658,thompson_bayesian_2008,"Thompson, W.K.; Rosen, O.",2008,A Bayesian model for sparse functional data,Biometrics,artículo,indexado,10.1111/j.1541-0420.2007.00829.x,PR1|PR3,B-spline,"4 (cúbico, dos veces continuamente diferenciable)","K=L+p, L variable (30 candidatos, 10 esperados a priori en simulación)","Bayesiano (indicadores latentes de inclusión de breakpoints vía MCMC, no GCV/AIC)",no (usa selección bayesiana de breakpoints en lugar de penalización explícita de rugosidad),no aplica (no hay parámetro lambda; el suavizado lo determina el número de breakpoints seleccionados),FPCA (eigenfunciones de la covarianza) + suavizado bayesiano de curvas dispersas,ambos,curvas de crecimiento longitudinales dispersas (MIT Growth and Development Study),50 (simulación); n real del estudio MIT no confirmado en el extracto revisado,disperso/irregular (datos reales); 100 puntos equiespaciados evaluados en simulación,irregular/dispersa,"cobertura de intervalos de credibilidad (96% promedio), varianza explicada por eigenfunciones (81%, 8%)",modelo bayesiano con base B-spline y breakpoints latentes estima curvas dispersas y produce regiones de credibilidad válidas; primera eigenfunción explica ~81% de la variación,1,1,1,0,3,no,"selecciona las mismas funciones de base para la curva media y cada curva individual, implicando igual nivel de suavidad para todas las trayectorias",desarrollo teórico del desempeño asintótico; construcción de regiones de credibilidad simultáneas (no solo puntuales),it selects the same basis functions for the overall mean curve and for each of the individual curves,no identificable en el texto extraído
667,zhu_stochastic_2011,"Zhu, B.; Song, P.X.-K.; Taylor, J.M.",2011,Stochastic functional data analysis: A diffusion model-based approach,Biometrics,artículo,indexado,10.1111/j.1541-0420.2011.01591.x,PR2,"N/A (proceso de difusión estocástica, conectado a smoothing spline como caso especial)",N/A,N/A,no aplica,no,no aplica,modelo de difusión estocástica bayesiano (MCMC),ambos,perfil de antígeno prostático específico (PSA),no reportado en el extracto revisado (aplicación a paciente individual),"40 (simulación, equiespaciado, intervalo 0.5)",no reportado en el extracto revisado para datos reales,"sesgo, error cuadrático medio (MSE), criterio DIC","propone modelo de difusión estocástica para FDA que generaliza el suavizado spline, con inferencia bayesiana vía MCMC, aplicado a pronóstico de PSA",1,1,1,0,3,no,no confirmado en el extracto revisado,no confirmado en el extracto revisado,The method of smoothing spline estimation is connected to a special case of this approach,1 (resumen)
725,kayano_sparse_2010,"Kayano, M.; Konishi, S.",2010,Sparse functional principal component analysis via regularized basis expansions and its application,Communications in Statistics: Simulation and Computation,artículo,indexado,10.1080/03610918.2010.491586,PR1|PR2|PR3,empírica/RBF (bases gaussianas ortonormalizadas),"N/A (bases gaussianas, hiperparámetro de ancho nu en lugar de grado)",M seleccionado por CV/AIC/BIC (M=7 óptimo en un caso de 3-12; M=12 en otro de 6-15),"AIC, BIC y validación cruzada (comparados explícitamente)","sí (penalización de rugosidad sobre coeficientes de la función media, diferencias de 2º orden)",validación cruzada (cuando AIC/BIC no son calculables por verosimilitud no acotada),FPCA multidimensional,ambos,ángulos de cadera (marcha humana) y datos de escritura a mano,39 (ángulos de cadera),20 (ángulos de cadera),"no aplica (datos biomecánicos, no series temporales económicas)","AIC, BIC, validación cruzada, tasa de contribución/varianza explicada (75.9%, 10.5%)","propone FPCA multidimensional vía bases gaussianas ortonormalizadas regularizadas, con selección conjunta de M, k y nu por CV cuando AIC/BIC fallan; resultados consistentes con FPCA ordinario",1,1,1,0,3,no,"AIC/BIC no calculables en un escenario por verosimilitud no acotada, requiriendo recurrir a validación cruzada",no confirmado en el extracto revisado,"structures of the hip angles were successfully estimated by the principal component model, and the estimated PC curves coincided with the ones estimated by the ordinary FPCA",no identificable en el texto extraído
758,kayano_principal_2009,"Kayano, M.; Konishi, S.",2009,Functional principal component analysis via regularized Gaussian basis expansions and its application to unbalanced data,Journal of Statistical Planning and Inference,artículo,indexado,10.1016/j.jspi.2008.11.002,PR1|PR2,otra (base radial Gaussiana),"N/A (parametrizada por posicion/anchura, no por orden polinomico)","M=15 (dato real, tras probar M=3..20); N=15 curvas por ensayo Monte Carlo","GIC (criterio de informacion generalizado, tipo AIC)","si (verosimilitud penalizada, parametro de suavizado beta_il)",validacion cruzada,FPCA,ambos,estructura 3D de proteinas,12 proteinas reales; 15 por ensayo simulado,"no reportado con precision (varia por proteina, ~92-194 aminoacidos)","no aplica (posicion en secuencia, no tiempo)","AMSE (error cuadratico medio promedio), SD(MSE), RMSD",La FPCA regularizada con base Gaussiana supera a la basada en B-splines en AMSE para datos no balanceados,2,2,2,2,8,si,no declarada explicitamente,derivar criterios de seleccion de modelo desde teoria de la informacion; aplicar enfoques Bayesianos,The numerical results show that our methodology is superior to that based on B-splines for unbalanced data.,"no identificable con precision (documento de repositorio, paginacion interna 1-18)"
769,tarpey_linear_2007,"Tarpey, T.",2007,Linear transformations and the k-means clustering algorithm: Applications to clustering curves,American Statistician,artículo,indexado,10.1198/000313007X171016,PR2,"multiples, uso ilustrativo: B-spline, Fourier, potencias",N/A,"p=5 funciones base (igual para las tres familias, para comparacion controlada)",validacion cruzada (nodo unico del B-spline); fijo para igualar dimension entre familias,no,no aplica,clustering (k-means sobre datos funcionales),ambos,respuesta a tratamiento antidepresivo (HAM-D); ejemplo simulado de clustering,414 (dato real); simulaciones adicionales n=100,no reportado con precision,semanal (12 semanas),error cuadratico entre medias de cluster estimadas y verdaderas,La familia de base/transformacion lineal usada para ajustar las curvas afecta fuertemente los resultados de k-means; propone una transformacion canonica que mejora el clustering,1,2,1,2,6,si,"asume que el error no contiene informacion sobre los clusters, lo cual puede fallar si las varianzas difieren entre clusters","no propuesto explicitamente (menciona mixture models como alternativa ya existente, no como agenda futura propia)",k-means clustering results vary depending on how the curves are fit to the data.,no identificable con precision (Am Stat 2007;61(1):34-40)
804,chen_localized_2015,"Chen, K.; Lei, J.",2015,Localized Functional Principal Component Analysis,Journal of the American Statistical Association,artículo,indexado,10.1080/01621459.2015.1016225,PR1|PR2,"empirica (funciones propias con soporte localizado, LFPCA)",N/A,"k componentes, seleccionados secuencialmente",validacion cruzada (V-fold) o fraccion de varianza explicada (metodo alternativo),si (penalizacion de rugosidad rho1*D mas penalizacion de localizacion L1 rho2),validacion cruzada (V-fold),FPCA (variante localizada),ambos,mortalidad por pais (edad 60),27 paises,no reportado con precision (serie anual 1960-2006),anual,"fraccion de varianza explicada (FVE), consistencia L2 del estimador","LFPCA produce funciones propias localizadas e interpretables, explicando >85% de la varianza con patrones temporalmente identificables que la FPCA estandar no revela",0,1,2,0,3,no,no declarada explicitamente en el extracto disponible (no se alcanzo la discusion final),no identificado en el extracto disponible,looking for orthogonal basis functions with localized support regions that explain most of the variability,no identificable con precision (JASA 2015;110(511):1266-1275)
872,eslami_spline_2024,"Eslami, M.M.",2024,Spline and Wavelet Smoothing Techniques for Functional Data,ACM International Conference Proceeding Series,actas,indexado,10.1145/3694875.3694882,PR1|PR4,"B-spline, P-spline y wavelet (comparacion conceptual)","cubico (splines, ejemplo Dublin); Daubechies con 18-38 momentos de desvanecimiento (wavelets, ejemplos)",20 nodos (ejemplo de fonemas); no reportado de forma sistematica en los demas ejemplos,"validacion cruzada (RMSE, para elegir wavelet madre); ubicacion de nodos guiada por datos",si (P-splines mencionados como preferidos en FDA de alta dimension),"no aplica de forma sistematica (revision conceptual, no ajusta lambda numericamente en un estudio propio)",otra (revision/comparacion de tecnicas de suavizado),reales,"uso de bicicletas compartidas (Dublin), senales ECG, imagenes MRI",no reportado (varios conjuntos de datos distintos),512 muestras a 16kHz (dataset de fonemas TIMIT),variable segun ejemplo (16kHz audio; bicicletas no especificado con precision),RMSE (nodos equidistantes vs. data-driven; spline vs. wavelet),"Splines y wavelets tienen fortalezas complementarias: splines para tendencias suaves, wavelets para cambios/discontinuidades locales; RMSE similar en el caso de Dublin (0.455 vs 0.472)",2,1,1,2,6,si,no declarada explicitamente,no propuesto explicitamente (es una revision que concluye reafirmando relevancia practica),there remains a notable gap in the literature concerning comprehensive comparisons between these methodologies,p. 36
901,ullah_applications_2013,"Ullah, S.; Finch, C.F.",2013,Applications of functional data analysis: A systematic review,BMC Medical Research Methodology,artículo,indexado,10.1186/1471-2288-13-43,PR1|PR5,"N/A (revision de multiples familias: B-spline 29.8%, Fourier 9.5%, otras)",N/A,N/A,no aplica,no (no es un estudio metodologico propio),no aplica,otra (revision sistematica de literatura),no aplica,"multiple (biomedicina, biomecanica, finanzas, demografia, etc. -- revision transversal de 84 estudios)",no aplica,no aplica,no aplica,conteo/porcentaje de estudios por tecnica de FDA usada,"De 84 estudios de aplicacion de FDA (1995-2010), B-spline es la tecnica de suavizado mas comun (29.8%), FPCA se uso en 60.7% de los estudios, y solo 8.3% aplico FDA a pronostico",0,0,0,0,0,no,no confirmada (extracto no alcanzo la seccion de discusion/limitaciones del articulo),no confirmado (extracto truncado antes de la conclusion),"Overall, 72 studies (85.7%) provided information about the type of smoothing techniques used, with B-spline smoothing (29.8%) being the most popular.",p. 2
938,zin_smoothing_2020,"Zin, M.A.M.; Rambely, A.S.; Ariff, N.M.; Ariffin, M.S.",2020,Smoothing and differentiation of kinematic data using functional data analysis approach: An application of automatic and subjective methods,Applied Sciences (Switzerland),artículo,indexado,10.3390/app10072493,PR3,B-spline (cubico y quintico),"quintico (orden 6, optimo); cubico (orden 4) tambien probado","K=100 (igual al numero de puntos de datos, con penalizacion para evitar sobreajuste)","fijo (K=n), corregido mediante penalizacion en vez de seleccionar K por GCV/CV",si (penalizacion de rugosidad sobre la 4a derivada),evaluacion subjetiva (CV y GCV fallaron en dar valores optimos segun los propios autores); lambda optimo = 1e-12 con spline quintico,otra (suavizado y diferenciacion de curvas cinematicas),reales,cinematica del American kettlebell swing (angulo de flexion/extension de cadera),100 (20 sujetos x 5 repeticiones),100 (normalizado en el tiempo),"captura a 100Hz, normalizado a 100 puntos por ciclo","RMSE, GCV, grados de libertad","Ni CV ni GCV dieron el lambda optimo automaticamente; fue necesaria evaluacion subjetiva. El spline quintico con lambda=1e-12 y penalizacion de 4o orden fue optimo, evitando el error de aceleracion cero en los extremos que si afecta al cubico",2,2,1,1,6,si,no se determino como el suavizado con distintos valores de lambda afecta analisis posteriores como la FPCA,estudios futuros deben determinar el efecto de lambda en la variabilidad de resultados de FPCA,"CV and GCV did not give optimal lambda, forcing subjective assessment to be employed instead.",p. 1 (resumen)
958,yu_utilizing_2024,"Yu, Z.; Chai, X.",2024,Utilizing BIC for the intelligent selection of functional data with principal components,Journal of Physics: Conference Series,actas,indexado,10.1088/1742-6596/2898/1/012011,PR2|PR3,B-spline ponderado (metodologia); polinomial (ejemplo empirico -- inconsistencia notada en el propio texto),no reportado con precision,determinado por BIC; cuatro componentes optimos en el ejemplo empirico,BIC,si (termino de penalizacion de rugosidad mas funcion de verosimilitud penalizada),"no reportado con un criterio formal (parametro de regularizacion kappa se inicia en 0.1, sin criterio de seleccion explicito)",FPCA,simulados,"calificaciones escolares simuladas (chino, matematicas, ingles, fisica, quimica, geografia)",40 (conjuntos de datos generados aleatoriamente con Python),"6 (asignaturas, tratadas como dominio continuo)",no aplica (datos transversales simulados),BIC,"El criterio BIC-FPCA selecciona 4 componentes optimos; los datos reconstruidos son mas suaves pero pierden variabilidad, sugiriendo margen de mejora en la seleccion de componentes",1,2,1,0,4,no,"alta carga computacional del algoritmo BIC-FPCA, reconocida por los propios autores",combinar BIC con la tasa de contribucion de varianza acumulada; optimizar el algoritmo para reducir la carga computacional,"the reconstructed data is smoother, there is still room for improvement in the selection of principal components",p. 1 (resumen)
959,salvatore_exploring_2016,"Salvatore, S.; Bramness, Jø.G.; Røislien, J.",2016,Exploring functional data analysis and wavelet principal component analysis on ecstasy (MDMA) wastewater data,BMC Medical Research Methodology,artículo,indexado,10.1186/s12874-016-0179-2,PR1|PR4|PR5,"Fourier, B-spline y wavelet (comparacion explicita de las tres)","no reportado con precision el grado del B-spline; wavelets: Haar, Daubechies (fase extremal y menos asimetrica)","no reportado con precision (el estudio compara familias y suavizado, no fija dimension de base explicitamente)",no reportado con precision / GCV usada principalmente para el parametro de suavizado,"si, implicito via suavizado comun-optimo determinado por GCV",GCV (validacion cruzada generalizada); wavelet madre y regla de encogimiento elegidas por comparacion (universal vs. Bayesiana),FPCA (comparada con PCA tradicional y WPCA),reales,epidemiologia basada en aguas residuales (carga de MDMA/extasis),38 ciudades (tras excluir 4 sin datos por debajo del limite de cuantificacion),8 dias (semana extendida tecnicamente para wavelets),diaria,"porcentaje de varianza explicada por componente, intervalos de confianza bootstrap, sensibilidad a datos faltantes",FPCA con base de Fourier y suavizado comun-optimo fue el metodo mas preciso y estable; WPCA no revelo cambios temporales rapidos adicionales que la FPCA no capturara,2,2,2,2,8,si,el estudio esta restringido a solo una semana de observaciones,tiempos de observacion mas largos permitirian separar cambios de largo plazo del patron semanal; muestreo mas frecuente permitiria evaluar cambios intra-dia,FPCA with Fourier basis functions and common-optimal smoothing parameter as the most accurate approach when analysing WBE data,p. 1 (conclusion del resumen)
1044,svishcheva_region_2015,"Svishcheva, G.R.; Belonogova, N.M.; Axenovich, T.I.",2015,Region-based association test for familial data under functional linear models,PLoS ONE,artículo,indexado,10.1371/journal.pone.0128999,PR1,B-spline y Fourier (comparadas),no reportado,"15 (B-spline) y 25 (Fourier), fijo","fijo, recomendado por trabajo previo (Fan et al. 2013)",no,no aplica,"regresión funcional (test de asociación, modelo lineal funcional)",ambos,"genética, mapeo de asociación de variantes raras",697 individuos (familias GAW17),"variable, hasta 50 variantes genéticas por región","no aplica (posición genómica, no tiempo)","tasa de error tipo I, potencia estadística, tiempo de cómputo",Fourier ofrece mayor potencia y velocidad que B-spline en la mayoría de escenarios; el método FDA supera a burden/kernel en muestras familiares,2,2,0,2,6,no,"análisis restringido a pruebas F de efectos fijos, no a componentes de varianza",estudiar en más detalle las propiedades del test FKST de componentes de varianza,The models based on the Fourier basis functions have an advantage in terms of speed and power over the models that use the B-spline basis functions,1 (resumen)
1081,shah_approach_2022,"Shah, I.; Jan, F.; Ali, S.",2022,Functional Data Approach for Short-Term Electricity Demand Forecasting,Mathematical Problems in Engineering,artículo,indexado,10.1155/2022/6709779,PR5|PR1,Fourier,no reportado,15 funciones (Fig. 2),no reportado explícitamente para la base; d y p del FAR/FARX vía fFPE,no,"no aplica (usa fFPE para d y p, no lambda de suavizado)",series de tiempo funcionales (FAR/FARX),reales,demanda eléctrica intradiaria (Nord Pool),1826 días,24 (horas),horaria,"MAE, MAPE, RMSE",FARX supera a FAR y AR clásico: MAPE=2.74 vs 6.27 (FAR) y 9.73 (AR),1,2,1,0,4,no,no declarada explícitamente,"incluir variables exógenas adicionales (temperatura, estación) y modelos no lineales","The FARX (p) model obtains the lowest MAPE value of 2.736, whereas FAR (P) and AR (P) produce significantly higher MAPE values of 6.274 and 9.732",10
1102,kutta_monitoring_2026,"Kutta, T.; Jach, A.; Kokoszka, P.",2026,Monitoring panels of sparse functional data,Journal of Time Series Analysis,artículo,indexado,10.1111/jtsa.12796,PR5,N/A,N/A,N/A,no aplica,no,no aplica,series de tiempo funcionales (monitoreo/detección de puntos de cambio),ambos,"retornos intradía de ETF, monitoreo de cambios estructurales","9 componentes (ETFs), M=40 días entrenamiento","39 retornos intradía, malla de 50 puntos",intradía cada 10 min,"proporción de detección correcta, nivel de significancia asintótico","el detector Full-CUSUM propuesto detecta cambios de media en 7 de 9 sectores ETF durante la pandemia COVID-19, superando al método ingenuo",0,1,0,0,1,no,no declarada explícitamente en el extracto leído,no identificado en el extracto leído,there are at present no methods to monitor data in infinite dimensional spaces,663
1118,rodriguezcuadro_study_2025,"Rodríguez Cuadro, D.; Pérez-Plaza, S.; Castaño-Martínez, A.; Fernández-Palacín, F.",2025,A Study of the Colombian Stock Market with Multivariate Functional Data Analysis (FDA),Mathematics,artículo,indexado,10.3390/math13050858,PR5|PR1,P-spline,no reportado,seleccionada automáticamente vía min.basis (fda.usc),GCV (min.basis selecciona K y lambda simultáneamente),"sí (penalización de rugosidad, segunda derivada)",GCV,FPCA + clustering (k-means en dos etapas) + correlación funcional,reales,"mercado bursátil colombiano (BVC), 26 empresas",26 empresas,1535 observaciones diarias,diaria,"correlación funcional, varianza explicada FPCA (85.8/6.8/3.2/1.4%), MSE","correlación funcional BVC-Brent pasa de -0.058 (completo) a 0.92-0.96 en crisis (COVID-19, guerra Ucrania); FPCA+clustering identifica 3 grupos de empresas",2,2,1,1,6,si,"la elección del número de clusters es subjetiva, dado el carácter descriptivo de la técnica",validar el procedimiento en otros mercados y crisis; nuevas medidas de volatilidad funcional,the spline's basis is chosen. It is the most appropriate option due to the trend of the data and its lower MSE,5
1169,wang_reexamining_2021,"Wang, D.; Ye, T.; Tian, S.; Wang, X.",2021,Reexamining Spatiotemporal Disparities of Financial Development in China Based on Functional Data Analysis,Mathematical Problems in Engineering,artículo,indexado,10.1155/2021/5539035,PR3|PR5,"no reportada en el extracto leído (expansión genérica en bases, sin nombrar familia)",no reportado,"K=5 (FSE), K=5 (FSA), K=12 (FIE)",GCV (extendida a función de dos variables lambda y K simultáneamente),"sí (roughness penalty, segunda derivada)","GCV: lambda=10^-1.65 (FSE), 10^-3.85 (FSA), 10^-4.3 (FIE)",ANOVA funcional (FANOVA) + índice de Theil funcional,reales,"desarrollo financiero regional en China (31 provincias, 2006-2018)","31 provincias x 3 dimensiones (FSE, FSA, FIE)",13 años (2006-2018),anual,"estadístico F funcional (bootstrap), índice de Theil funcional (T, TW, TB)",disparidad regional significativa en nivel de FSE y en velocidad/aceleración de FIE; disparidad intrarregional domina la tendencia decreciente,0,2,0,0,2,no,no declarada explícitamente en el extracto leído,no identificado en el extracto leído,the innovative functional Theil index decomposition method can continuously decompose our regional disparities in a continuous time,4
1171,li_construction_2022,"Li, B.; Gui, X.; Zhou, Q.",2022,Construction of Development Momentum Index of Financial Technology by Principal Component Analysis in the Era of Digital Economy,Computational Intelligence and Neuroscience,artículo,indexado,10.1155/2022/2244960,PR2 (confianza baja),B-spline,no reportado,3 componentes principales (criterio: varianza acumulada),"umbral de varianza acumulada (~85%), no GCV/CV formal",no reportado,no aplica,FPCA + modelo de predicción por componentes principales,reales,precios bursátiles de 6 empresas estatales chinas (SOEs),6 empresas x 2 series (apertura/cierre),256 días de transacción,diaria,"tasa de contribución de varianza, RMSE, MAPE","el modelo predice bien el precio de cierre; RMSE de CNPC=0.105 (más alto), resto <0.010",1,0,1,0,2,no,"la FDA es un campo relativamente nuevo, se necesitan más ejemplos para verificarlo",verificar el método con más ejemplos/casos,the selected three principal components can obtain the potential information of the original data,no identificable en el texto extraído
1183,chen_linear_2022,"Chen, C.; Guo, S.; Qiao, X.",2022,Functional Linear Regression: Dependence and Error Contamination,Journal of Business and Economic Statistics,artículo,indexado,10.1080/07350015.2020.1832503,"PR2 (confianza baja, enfoque teórico)","otra (base ortonormal genérica, no nombrada)",no reportado,"J (dimensión de la base), seleccionado por G-fold CV",validación cruzada (G-fold CV) para J; bootstrap para d; umbral de varianza para M,no,"no aplica (parámetro ridge en variante, no detallado en el extracto)","regresión funcional (lineal, con error en el predictor, vía GMM)",simulados + un dataset financiero real (no especificado en el extracto leído),dato financiero público (no especificado en el extracto leído),no reportado en el extracto leído,no reportado en el extracto leído,no reportado en el extracto leído,tasas de convergencia asintótica (teóricas); métricas empíricas no vistas en el extracto,"propone el estimador AGMM para regresión lineal funcional con predictor serialmente dependiente y error funcional no paramétrico, superando métodos previos que asumían independencia",1,2,0,0,3,no,no declarada explícitamente en el extracto leído,investigar si la tasa de convergencia obtenida es óptima en sentido minimax,we propose a novel autocovariance-based generalized method-of-moments estimate of the slope function,1 (resumen)
1198,shackleton_comparing_2024,"Shackleton, R.L.; Das, S.; Gupta, R.",2024,Comparing risk profiles of international stock markets as functional data: COVID-19 versus the global financial crisis,Applied Stochastic Models in Business and Industry,artículo,indexado,10.1002/asmb.2879,PR1|PR5,B-spline,"orden 6 (sexto orden, m=6)","K=m+L-2, nodo en cada punto de argumento (~252 días/año)",nodo fijo en cada argumento (regla práctica); orden fijado en 6 por suavidad de 2da derivada,sí (roughness penalty),GCV (lambda=10^4); CVISE para curvas predichas,"análisis de derivadas (velocidad/aceleración), gráficos de fase, regresión función-sobre-función",reales,"volatilidad realizada, 6 mercados bursátiles internacionales, COVID-19 vs crisis 2008",22 curvas anuales (2000-2021) x 6 mercados,~252 días de trading por año,diaria,"energía cinética/potencial (rango velocidad/aceleración), R² (regresión función-sobre-función)","COVID-19 generó recuperación más rápida que la crisis 2008, mayor energía cinética/potencial en 2020 (excepto China); EMVID predice bien la volatilidad en 2020 (R²>0.92) pero no en años sin crisis",2,2,2,1,7,si,"no declarada explícitamente (se advierte que R² puede ser engañoso como medida, no como limitación del estudio)",extender la extracción de energía cinética/potencial de gráficos de fase a otras aplicaciones,"The B-spline basis system was chosen for this analysis over the Fourier system for many reasons, however, the key reason was due to the aperiodicity of the underlying data sets",1157
1232,caldeira_forecasting_2020,"Caldeira, J.F.; Gupta, R.; Torrent, H.S.",2020,Forecasting u.S. aggregate stock market excess return: Do functional data analysis add economic value?,Mathematics,artículo,indexado,10.3390/math8112042,PR5,N/A,N/A,no aplica,validación cruzada (para q y ancho de banda b),no,no aplica,regresión funcional,reales,retornos bursátiles S&P500/DJIA,1116 (S&P500) / 1620 (DJIA) meses,20 (días hábiles por mes),diaria dentro de cada mes,"RMSFE, R2oos, test Clark-West, ganancia de utilidad (equivalente de certeza)",NP-FDA supera al modelo de media histórica y a regresiones predictivas tradicionales generando valor económico significativo para S&P500 y DJIA,0,1,0,0,1,no,no declarada explícitamente,extender el análisis a otras economías desarrolladas y emergentes,NP-FDA is the only one individual model that can overcome the historical average forecasts,15
1354,bongiorno_describing_2019,"Bongiorno, E.G.; Goia, A.",2019,Describing the concentration of income populations by functional principal component analysis on Lorenz curves,Journal of Multivariate Analysis,artículo,indexado,10.1016/j.jmva.2018.09.005,PR1|PR2|PR5,"otra (suavizado polinómico local, no expansión en base clásica)",cúbico (grado 3),no aplica,no aplica (bandwidth vía selector plug-in),no,no aplica,FPCA,reales,distribución de ingreso (encuesta Banco de Italia),70,no reportado,bienal (1987-2014),varianza explicada acumulada (55.3%/81.2%/88.4% primeros 3 PC),propone un embedding vía espacio de Hilbert (transformación log-ratio) para aplicar FPCA de forma coherente a curvas de Lorenz evitando incoherencias de la FPCA ingenua,1,1,1,0,3,no,no declarada explícitamente,no propuesto explícitamente en el texto leído,a naive direct application of FPCA is suboptimal because it could produce incoherent interpretations,12
1358,wang_intraday_2023,"Wang, D.; Su, Z.; Li, Q.",2023,Intraday volatility analysis of CSI 300 index futures: a dependent functional data method,Economic Research-Ekonomska Istrazivanja,artículo,indexado,10.1080/1331677X.2022.2076144,PR3|PR5,Fourier,no reportado,no reportado,GCV,"sí (penalización de rugosidad, GCV)",GCV,FPCA / series de tiempo funcionales,reales,volatilidad intradía futuros índice CSI 300,240 (días de negociación),~47 (datos cada 5 min),intradía cada 5 minutos,"MAFE, MSFE, rentabilidad de estrategia de trading",el modelo de volatilidad funcional dependiente basado en kernel Bartlett sin truncar captura mejor la trayectoria de volatilidad intradía y supera a otros modelos en precisión y rentabilidad,1,2,1,0,4,no,no declarada explícitamente,usar FDA para descomponer los componentes de salto (jump) de la volatilidad a nivel intradía,the WTB estimation method proposed in this study has the smallest error,328
1373,kuhnert_arch_2020,"Kühnert, S.",2020,Functional arch and garch models: A yule-walker approach,Electronic Journal of Statistics,artículo,indexado,10.1214/20-EJS1778,PR5,N/A,no aplica,no aplica,no aplica,no,no aplica,series de tiempo funcionales,simulados,puramente metodológico/simulación,no reportado,no reportado,no aplica,cotas asintóticas de error de estimación (no métricas empíricas),"deriva condiciones suficientes para existencia de soluciones estacionarias y cotas de error de estimación tipo Yule-Walker para procesos ARCH/GARCH funcionales de cualquier orden en Lp[0,1] y C[0,1]",0,2,0,0,2,no,no confirmado en el extracto revisado (lectura parcial hasta sección 2),no confirmado en el extracto revisado (lectura parcial hasta sección 2),This article develops ARCH and GARCH processes for any orders with values in the function spaces,4323
1377,das_effect_2019,"Das, S.; Demirer, R.; Gupta, R.; Mangisa, S.",2019,The effect of global crises on stock market correlations: Evidence from scalar regressions via functional data analysis,Structural Change and Economic Dynamics,artículo,indexado,10.1016/j.strueco.2019.05.007,PR5,B-spline,no reportado,no reportado,fijo arbitrario (elegido por juicio visual),sí (penalización de rugosidad basada en segunda derivada),manual (prueba y error/juicio visual),regresión funcional (MIDAS-FDA),reales,correlaciones bursátiles G7 y crisis económicas globales,no reportado,12 (meses por año),mensual agregado a curvas anuales,no confirmado en el extracto revisado (lectura parcial),propone regresión funcional para modelar el efecto de crisis globales de frecuencia anual sobre correlaciones bursátiles mensuales G7-EEUU sin pérdida de información por promediado,0,0,0,0,0,no,no confirmado en el extracto revisado (lectura parcial),no confirmado en el extracto revisado (lectura parcial),"FDA is in some way, a set of techniques that overcomes the limitations of traditional time series approach",4
1382,jasiak_intraday_2026,"Jasiak, J.; Zhong, C.",2026,Intraday Functional PCA Forecasting of Cryptocurrency Returns,Journal of Forecasting,artículo,indexado,10.1002/for.70127,PR2|PR5,empírica (FPCA/Karhunen-Loève),N/A,no confirmado en el extracto revisado (lectura parcial),no confirmado en el extracto revisado (lectura parcial),no confirmado en el extracto revisado (lectura parcial),no aplica,FPCA,reales,retornos intradía de Bitcoin,no confirmado en el extracto revisado (lectura parcial),no confirmado en el extracto revisado (lectura parcial),horaria y cada 15 minutos,no confirmado en el extracto revisado (lectura parcial),introduce un modelo de factor dinámico KL que incorpora heterocedasticidad condicional de los eigenscores mejorando los intervalos de pronóstico de retornos funcionales de Bitcoin,1,2,1,0,4,no,no confirmado en el extracto revisado (lectura parcial),no confirmado en el extracto revisado (lectura parcial),"by accounting for the conditional heteroscedasticity of eigenscores, we produce improved pointwise interval forecasts",no identificable en el texto extraído
1405,wang_identifying_2022,"Wang, D.; Liu, T.; Li, X.; Huang, Y.; Zhou, Y.",2022,Identifying the Dynamic Influence of Economic Policy Uncertainty on Enterprise Investment Using Functional Data Analysis,Mathematical Problems in Engineering,artículo,indexado,10.1155/2022/7822710,PR1|PR5,B-spline,no reportado,K (valor numérico no reportado en el extracto leído),no confirmado en el extracto revisado (lectura parcial),no confirmado en el extracto revisado (lectura parcial),no confirmado en el extracto revisado (lectura parcial),regresión funcional,reales,"inversión empresarial vs incertidumbre de política económica, China (106 empresas CSI 300)",106 empresas (6890 obs. anuales/5512 trimestrales),4 (trimestral),trimestral,no confirmado en el extracto revisado (lectura parcial),usa un modelo de regresión lineal funcional con base B-spline para mostrar que la incertidumbre de política económica tiene efecto variable en el tiempo sobre nivel y eficiencia de inversión empresarial,2,1,1,0,4,no,no confirmado en el extracto revisado (lectura parcial),no confirmado en el extracto revisado (lectura parcial),"Fourier basis is more suitable for fitting data with periodicity, while B-sample basis is suitable for fitting data without obvious periodicity",6
1420,linshang_nonstationary_2025,"Lin Shang, H.; Yang, Y.",2025,Nonstationary Functional Time Series Forecasting,Journal of Forecasting,artículo,indexado,10.1002/for.3241,PR2|PR3|PR4,empírica (FPCA estática y dinámica),N/A,"K (r=1, K=2 en el caso ilustrado)",criterio de razón de eigenvalores (Ahn & Horenstein),no,no aplica,FPCA,reales,mortalidad por edad en Suecia,272 (años 1751-2022),96 (edades 0 a 95+),anual,"RMSPE, MAPE, interval score, probabilidad de cobertura empírica",propone un modelo FPCA dinámico de dos etapas con pesos geométricamente decrecientes que mejora la precisión de pronóstico de mortalidad especialmente para series masculinas más volátiles frente al enfoque estático,1,0,1,1,3,si,no declarada explícitamente,aplicar detección de puntos de cambio antes del método propuesto; extender a otros países y a distribución de edad de muertes,the dynamic functional principal component analysis method contributes to more accurate male forecasts,23
1421,thompson_mixed_2024,"Thompson, J.R.J.; Davison, M.",2024,Functional Mixed-type Clustering of Investors' Daily Returns During a Market Shock Change-point and Recovery,ICAIF 2024 - 5th ACM International Conference on AI in Finance,actas,indexado,10.1145/3677052.3698633,PR1|PR2|PR5,B-spline,"orden m (grado no numérico especificado, base polinómica a trozos)",25 funciones base; 15 componentes principales retenidos para el clustering,"fijo/manual (nodos colocados manualmente, con nodos extra en fechas del shock de mercado)",sí (regularización por mínimos cuadrados para controlar suavidad vs. sobreajuste),"no reportado (regularización descrita cualitativamente, sin criterio automático explícito como GCV)","clustering (FPCA + k-prototypes, datos mixtos)",reales,retornos diarios de inversores durante el shock de mercado COVID-19 de 2020,no reportado,no reportado,diaria,no reportadas explícitamente (evaluación cualitativa de los clusters resultantes),Proponen un método de clustering de tipo mixto que combina 15 componentes principales funcionales con variables categóricas (k-prototypes) para agrupar el comportamiento de inversores antes/durante/después de un shock de mercado.,2,2,1,0,5,no,no declarada explícitamente,"expandir a otros enfoques de clustering para datos funcionales de tipo mixto, más allá de k-prototypes y métodos basados en distancia",The 25 basis functions used to fit a B-spline to each client's daily returns over time,no identificable en el texto extraído
1460,chen_review_2021,"Chen, Y.; Koch, T.; Lim, K.G.; Xu, X.; Zakiyeva, N.",2021,A review study of functional autoregressive models with application to energy forecasting,Wiley Interdisciplinary Reviews: Computational Statistics,artículo,indexado,10.1002/wics.1525,PR1|PR2|PR3|PR4|PR5,"Fourier, spline/B-spline y eigenbasis empírica (los tres comparados sistemáticamente en la revisión)",no reportado,"mn (parámetro de suavizado del sieve, seleccionado por criterio)","AIC/BIC pseudo-versiones, validación cruzada leave-one-out, o combinación BIC+AIC",sí (estimador penalizado mencionado como alternativa al estimador de forma cerrada),AIC/BIC/validación cruzada (según el modelo FAR específico),"regresión funcional (FAR y variantes: FARX, pFAR, VFAR, WFAR, VC-FAR, AFAR)",reales,flujos de gas natural en la red de transporte de Alemania,no reportado (730 días según el texto),no reportado,diaria (2 años),"MAPE, comparación numérica de desempeño de pronóstico entre modelos FAR","Revisión sistemática de modelos FAR que compara Fourier/spline/eigenbasis y sus variantes para manejar estacionalidad, variables exógenas y quiebres estructurales, ilustrada con datos reales de flujo de gas natural.",2,2,2,2,8,si,no declarada explícitamente,no declarado explícitamente en el extracto revisado,"Fourier basis are usually applied to fit periodic functions, and the spline or B-splines are more suitable for nonperiodic smooth functions",no identificable en el texto extraído
1494,boubaker_trading_2021,"Boubaker, S.; Liu, Z.; Lu, S.; Zhang, Y.",2021,"Trading signal, functional data analysis and time series momentum",Finance Research Letters,artículo,indexado,10.1016/j.frl.2021.101933,PR1|PR5,B-spline,no reportado,no reportado,"no reportado (penalización de rugosidad de cuarto orden, sin criterio automático de selección explícito)","sí (penalización de rugosidad, orden 4 elegido por conveniencia analítica del método, no ajustado)",no reportado (fijo/manual),regresión funcional aplicada a estrategias de trading (time series momentum),reales,"24 futuros de materias primas más líquidos (Bloomberg), 2010-2018",24,no reportado,diaria,"Sharpe ratio, maximum drawdown (MDD)",Usan suavizado B-spline con penalización de rugosidad para generar señales de trading mejoradas en una estrategia de momentum de series de tiempo aplicada a 24 futuros de materias primas.,1,0,0,0,1,no,no declarada explícitamente,no declarado explícitamente en el extracto revisado,we employ the B-Spline basis system to transform the discrete data into smooth functions,no identificable en el texto extraído
1543,guharay_stationary_2013,"Guharay, S.K.; Thakur, G.S.; Goodman, F.J.; Rosen, S.L.; Houser, D.",2013,Analysis of non-stationary dynamics in the financial system,Economics Letters,artículo,indexado,10.1016/j.econlet.2013.09.026,PR2|PR5,empírica (FPCA),no aplica,no reportado (varias componentes vía fPCA de ventana móvil),no reportado,no,no aplica,"FPCA + Synchrosqueezing (técnica wavelet/tiempo-frecuencia complementaria, no para la base principal)",reales,"series de tiempo financieras agregadas de múltiples sectores (equity, commodities, tasas), 1986-2012",no reportado,6222,diaria,"precisión de reconstrucción de fPCA por ventana móvil, índice de densidad (Synchrosqueezing)",Desarrollan dos enfoques (fPCA agregada y Synchrosqueezing) para detectar periodos de inestabilidad macroeconómica en series financieras no estacionarias.,1,0,1,0,2,no,no declarada explícitamente,no declarado explícitamente en el extracto revisado,"fPCA is applied in a new way, aggregating multiple financial time series to identify periods of macroeconomic instability",no identificable en el texto extraído
1562,aue_generalized_2017,"Aue, A.; Horváth, L.; Pellatt, D.F.",2017,Functional Generalized Autoregressive Conditional Heteroskedasticity,Journal of Time Series Analysis,artículo,indexado,10.1111/jtsa.12192,PR1|PR2|PR4|PR5,"empírica (eigenfunciones del kernel de covarianza), con Fourier/B-spline/wavelet mencionados como alternativas típicas sin comparación sistemática propia",no aplica,"M (dimensión finita, valor no especificado numéricamente)",no reportado,no,no aplica,regresión funcional (modelo FGARCH),reales,retornos intradía de 5 minutos del ETF SPY (S&P 500),no reportado,no reportado,"intradía, 5 minutos",no reportadas explícitamente más allá de resultados asintóticos teóricos,"Extienden el modelo GARCH al espacio funcional (FGARCH), usando eigenfunciones del operador de covarianza como base, con teoría asintótica y aplicación a retornos intradía del SPY.",2,2,1,1,6,si,no declarada explícitamente,no declarado explícitamente en el extracto revisado,"Typical choices for the orthonormal class of functions include the common Fourier and B-spline bases, but other choices such as wavelets may be entertained",no identificable en el texto extraído
1694,wang_principal_2014,"Wang, Z.; Sun, Y.; Li, P.",2014,Functional principal components analysis of shanghai stock exchange 50 index,Discrete Dynamics in Nature and Society,artículo,indexado,10.1155/2014/365204,PR1|PR2|PR5,B-spline,no reportado,no reportado,"no reportado (elección cualitativa, sin criterio automático mencionado)",no reportado,no reportado,FPCA,reales,índice Shanghai Stock Exchange (SSE) 50,no reportado,no reportado,no reportado,varianza explicada por componentes principales,Aplican FPCA con base B-spline (elegida por su buen ajuste a datos no periódicos) al índice SSE 50 para extraer patrones principales de variación.,1,0,1,0,2,no,no declarada explícitamente,"tratar las curvas como vectores estándar de alta dimensión para comparar contra el enfoque funcional, en un estudio futuro",B-spline is our first choice because of its goodness of fitting nonperiodic data in our study,no identificable en el texto extraído
1731,yu_mapping_2026,"Yu, M.; Sibbertsen, P.",2026,Mapping price dynamics across electricity market designs: A functional data approach with STL decomposition,Applied Energy,artículo,indexado,10.1016/j.apenergy.2026.127390,PR2|PR5,empírica (FPCA sobre componentes STL),N/A,"1 componente principal (suficiente en todos los casos, 84-99% de varianza explicada)",varianza explicada (proporción acumulada),no,no aplica,FPCA combinado con descomposición STL (trend/seasonal/irregular),reales,precios de electricidad en seis países,6,no reportado,"no reportado (datos de precios de electricidad, resolución no especificada en el extracto)",proporción de varianza explicada por componente,"Combinan STL y FPCA para comparar patrones estacionales de precios de electricidad entre seis países con distintos diseños de mercado, encontrando que el primer componente principal captura la mayoría de la variación (84-99%).",0,0,1,0,1,no,uso de distintos indicadores de precio (mayorista vs. tarifas reguladas) según disponibilidad de datos entre mercados,"expandir la cobertura de países, investigar shocks de política específicos, e integrar modelos de pronóstico funcional",The number of principal components was selected based on the proportion of variance explained,no identificable en el texto extraído
1799,shang_dynamic_2022,"Shang, H.L.; Kearney, F.",2022,Dynamic functional time-series forecasts of foreign exchange implied volatility surfaces,International Journal of Forecasting,artículo,indexado,10.1016/j.ijforecast.2021.07.011,PR1|PR2|PR5,"empírica (FPCA estática vs. dinámica, comparadas explícitamente)",no aplica,K y L seleccionados vía criterio CPV (P1=P2=0.9),"CPV (proporción acumulada de varianza, umbral 0.9)",no,no aplica,"FPCA (estática vs. dinámica, multivariada y multinivel)",reales,superficies de volatilidad implícita de opciones de divisas y S&P500 (Optionmetrics),no reportado,no reportado,diaria,"MSFE, R²","La estimación dinámica de componentes principales funcionales supera a la estática en pronóstico fuera de muestra de superficies de volatilidad implícita de divisas, especialmente al incorporar correlación entre vencimientos.",0,2,1,0,3,no,no declarada explícitamente,no declarado explícitamente en el extracto revisado,the use of dynamic estimation when producing functional principal components leads to the greatest benefit,no identificable en el texto extraído
1814,tang_forecasting_2021,"Tang, C.; Shi, Y.",2021,Forecasting High-Dimensional Financial Functional Time Series: An Application to Constituent Stocks in Dow Jones Index,Journal of Risk and Financial Management,artículo,indexado,10.3390/jrfm14080343,PR2|PR5,N/A,N/A,no aplica,no aplica,no,no aplica,regresión funcional (matrix factor model),reales,"29 acciones DJIA, precios intradía",29,39,"intradía, intervalos de 10 min",no reportadas (comparación cualitativa de robustez del pronóstico),El modelo de factores matriciales reduce la dimensión de series de tiempo funcionales de alta dimensión preservando la estructura matricial y mejora la precisión del pronóstico frente a métodos existentes.,0,0,0,0,0,no,no declarada explícitamente,incorporar cambios estructurales (p. ej. COVID-19) y métodos robustos ante valores atípicos,The matrix factor model could reduce the dimensions of functions and number of functional time series simultaneously,no identificable en el texto extraído
1818,fu_forecasting_2020,"Fu, Y.; Su, Z.; Xu, B.; Zhou, Y.",2020,Forecasting stock index futures intraday returns: Functional time series model,Journal of Advanced Computational Intelligence and Intelligent Informatics,artículo,indexado,10.20965/jaciii.2020.p0265,PR2|PR5,empírica (FPCA/Karhunen-Loève),N/A,K componentes principales (valor no especificado numéricamente),no reportado,"sí (regularización ridge en el pronóstico de los scores, no en la base)","no aplica a la base (el λ regulariza el método de pronóstico RR, no la representación funcional)",FPCA,reales,"futuros de índice bursátil chino (IF1812), precio de cierre cada 5 min",no reportado,no reportado,"intradía, cada 5 minutos","MAFE, MSFE",La representación funcional vía FPCA y el pronóstico dinámico con distintos métodos (BM/OLS/RR/PLS) predicen mejor la tendencia intradía que la predicción puntual tradicional.,1,1,0,0,2,no,no declarada explícitamente,explorar métodos de pronóstico directo de los scores de componentes principales para mejorar la precisión,functional principal component analysis is also the basis for the dynamic forecast,no identificable en el texto extraído
1836,jan_advancing_2025,"Jan, F.; Iftikhar, H.; Gul, N.; Rodrigues, P.C.; Shah, S.; Rehman, M.Z.",2025,Advancing Economic Forecasting With Hybrid Time Series and Functional Models: Evidence From Electricity Demand Data,IEEE Access,artículo,indexado,10.1109/ACCESS.2025.3631725,PR2|PR5,Fourier,no reportado,no reportado (transformación a 1826 trayectorias diarias),no aplica (fijo),no,no aplica,regresión funcional (FAR(P)) comparado con métodos clásicos/ML,reales,demanda eléctrica de Alemania,1826,no reportado,diaria,"MAPE, MAE",Los métodos funcionales (FAR) producen pronósticos más precisos de la demanda eléctrica que métodos clásicos de series de tiempo (VAR/ARMA) y de aprendizaje automático (ARNN/KNN).,1,1,1,0,3,no,no declarada explícitamente,expandir el análisis empírico a otras regiones/mercados para probar el marco FTS bajo distintas condiciones climáticas y regulatorias,the first four functional principal components (FPCs) explain more than 99% of the total variance,no identificable en el texto extraído
1837,rice_exploring_2023,"Rice, G.; Wirjanto, T.; Zhao, Y.",2023,Exploring volatility of crude oil intraday return curves: A functional GARCH-X model,Journal of Commodity Markets,artículo,indexado,10.1016/j.jcomm.2023.100361,PR2|PR3|PR4|PR5,empírica (FPCA truncada) comparada con base dispersa no-negativa y factores predictivos truncados,no aplica,"tres esquemas de base comparados: FPCA truncada, base dispersa/no-negativa (FSNN), factores predictivos truncados",validación cruzada / desempeño de pronóstico (in-sample y out-of-sample),"sí (bases dispersas/no-negativas y factores predictivos, específicamente diseñadas para no-negatividad)","no aplica (selección de tipo de base, no de un lambda continuo)",regresión funcional (FGARCH-X),reales,"futuros de petróleo crudo WTI, retornos intradía",no reportado,no reportado,"intradía, cada 5 minutos","MSE, QLIKE",Proponen bases no-negativas y predictivas construidas a partir de los datos que superan a la FPCA estándar en la estimación y pronóstico de la volatilidad funcional del petróleo crudo.,2,2,2,2,8,si,no declarada explícitamente,"incorporar información adicional mencionada como posible mejora, dejada explícitamente como línea futura","introducing novel data-driven, non-negative and predictive basis functions in the estimation process",no identificable en el texto extraído
1840,horvath_time_2020,"Horváth, L.; Liu, Z.; Rice, G.; Wang, S.",2020,A functional time series analysis of forward curves derived from commodity futures,International Journal of Forecasting,artículo,indexado,10.1016/j.ijforecast.2019.08.003,PR2|PR4|PR5,"otra (interpolación con polinomios cúbicos de Hermite, comparada empíricamente contra B-spline y splines de suavizado)",cúbico (Hermite),no aplica (interpolación determinada por los puntos de contrato),comparación empírica de error de pronóstico (no un criterio automático tipo GCV),no (se evitó suavizado con splines por sobreajuste observado),no aplica,regresión funcional (FAR(1)/FAR(2)/FAR(4)/FSAR) para pronóstico,reales,curvas forward de futuros de materias primas del índice S&P GSCI,no reportado,no reportado,diaria,"medidas de error funcional y multivariado (Errf, Errm), test KPSS funcional",La interpolación con polinomios de Hermite cúbicos supera a la interpolación/suavizado B-spline para construir curvas forward de materias primas; el modelo FSAR con factores predictivos mejora el pronóstico frente a FAR y modelos ingenuos.,2,1,1,2,6,si,no declarada explícitamente,no propuesto,We found Hermite interpolation to be superior to B-spline interpolation and smoothing in this setting,no identificable en el texto extraído
1849,bowsher_dynamics_2008,"Bowsher, C.G.; Meeks, R.",2008,The dynamics of economic functions: Modeling and forecasting the yield curve,Journal of the American Statistical Association,artículo,indexado,10.1198/016214508000000922,PR2|PR3|PR5,otra (spline cúbico natural),cúbico natural,"m nodos, fijados en los vencimientos observados de la curva de rendimiento","fijo (nodos en los vencimientos observados, no seleccionados por un criterio automático)","sí (el spline cúbico natural minimiza la penalización de rugosidad por construcción teórica, no como parámetro ajustado)",no aplica (no se ajusta un lambda continuo; la suavidad viene dada por la propiedad del NCS),regresión funcional / modelo espacio-estado (FSN-ECM),reales,curva de tasas de interés (yield curve),no reportado,no reportado (definido por los nodos de vencimiento),no aplica,error cuadrático medio de pronóstico,"Proponen un modelo FSN-ECM donde la curva de rendimiento es un spline cúbico natural cuya evolución dinámica sigue un VAR cointegrado en los nodos, logrando reducción de dimensión y pronósticos coherentes.",2,1,1,2,6,si,no declarada explícitamente,no declarado explícitamente en el extracto revisado,"The natural cubic spline provides flexible cross-sectional fit and results in a linear, state space model",no identificable en el texto extraído
1939,descary_matrix_2019,"Descary, Marie-Hélène; Panaretos, Victor M.",2019,Functional data analysis by matrix completion,The Annals of Statistics,artículo,indexado,10.1214/17-AOS1590,PR1|PR2|PR3,empírica (Fourier/Gram-Schmidt) comparada contra B-spline (enfoque Ramsay-Silverman),no aplica,rango r de la matriz/operador de covarianza (varía según simulación),"criterio de rango del método de completado de matrices (no GCV/AIC clásico, específico del marco teórico propuesto)","no (el método de comparación B-spline sí usa suavizado B-spline, el método propio no penaliza explícitamente)",no aplica al método propio; GCV/CV mencionados solo para el método de comparación B-spline,FPCA / completado de matrices,simulados,puramente metodológico/simulación,no reportado,no reportado,no aplica,"error cuadrático medio de estimación de la función de covarianza, comparado entre métodos",Proponen un método de completado de matrices para estimar la función de covarianza y las eigenfunciones de datos funcionales dispersos/irregulares sin necesidad de suavizado previo por bases fijas como B-spline.,1,2,2,2,7,si,no declarada explícitamente,no declarado explícitamente en el extracto revisado,the {ηj} as the first r Fourier basis elements,no identificable en el texto extraído
2049,wakayama_horseshoe_2024,"Wakayama, Tomoya; Sugasawa, Shonosuke",2024,Functional horseshoe smoothing for functional trend estimation,Statistica Sinica,artículo,indexado,10.5705/ss.202022.0297,PR1|PR2|PR3,B-spline,no reportado,"L (número de funciones base), seleccionado ~17.9-25 según escenario","pérdida predictiva posterior (criterio bayesiano, no GCV/AIC clásico)","sí (prior tipo horseshoe, shrinkage bayesiano sobre los coeficientes de base)",criterio bayesiano (pérdida predictiva posterior),regresión funcional / suavizado bayesiano de tendencia,ambos,"tasas de fertilidad específicas por edad, Australia",no reportado,no reportado,anual,"MAD, MCIW, CP (probabilidad de cobertura)","Proponen un método de suavizado bayesiano con prior horseshoe que selecciona automáticamente el número de funciones base vía pérdida predictiva posterior, superando al método de referencia (FLS) especialmente ante cambios abruptos.",1,2,2,0,5,no,no declarada explícitamente,no declarado explícitamente en el extracto revisado,the fully Bayesian framework allows us to select the number of basis functions using the posterior predictive loss,no identificable en el texto extraído
2273,gudan_approach_2019,"Gudan, Jovita; Račkauskas, Alfredas",2019,Functional approach to analysis of daily tax revenues,Lietuvos Matematikos Rinkinys. Proceedings of the Lithuanian Mathematical Society. Series A,artículo,indexado,10.15388/LMR.A.2019.14948,PR1|PR5,B-spline,no reportado,no reportado,no aplica (no se discute formalmente),no,no aplica,FPCA (regresión por componentes) + registro de curvas,reales,ingresos tributarios diarios (Lituania),"no reportado explícitamente (~98 meses, ene 2011-feb 2019)",variable (según días bancarios del mes),diaria,"varianza explicada (87% con 8 armónicos), bandas de predicción 95%",FPCA con suavizado B-spline y registro de curvas mejora la predicción de picos de recaudación tributaria en días 15 y 25 del mes.,2,1,1,0,4,no,predicciones fuera de los picos de pago pueden mejorarse,no propuesto explícitamente más allá de mejorar precisión fuera de picos,splines can track such features with satisfactory accuracy,9
2410,hu_sparse_2020,"Hu, Xiaoyu; Yao, Fang",2020,Sparse Functional Principal Component Analysis in High Dimensions,,artículo,preprint,,PR1|PR2,"B-spline y Fourier (basis pre-especificada, alternativa a eigenfunciones empíricas)",cúbico (spline usado en simulación),sn=14 (simulación); no formalmente optimizado,"fijo arbitrario (sensibilidad empírica, no CV/AIC/GCV formal)",no,no aplica,FPCA dispersa (sparse) en alta dimensión,simulados y reales,"EEG (estudio de alcoholismo, clasificación)","n=100 (simulación); n=122 sujetos, p=64 electrodos (datos reales)",m=101 (simulación); 256 puntos por electrodo (datos reales),no aplica (simulación); 256 Hz (datos reales EEG),"MRSE, tasa de clasificación errónea, tiempo de cómputo",El método de FPCA dispersa en alta dimensión supera en precisión y velocidad a MFPCA/UFPCA/TSROAD en clasificación de datos EEG de alta dimensión.,1,2,2,0,5,no,no declarada explícitamente,no propuesto explícitamente (no hay sección de discusión/conclusión separada),our method avoids performing univariate FPCAs which are computationally expensive,no identificable en el texto extraído
2413,nanshan_online_2025,"Nanshan, Muye; Zhang, Nan; Cao, Jiguo",2025,Online Functional Principal Component Analysis on a Multidimensional Domain,,artículo,preprint,,PR1|PR3,B-spline (producto tensorial),grado 3 (1D); producto tensorial en 2D,"5 nodos internos equiespaciados (1D); 8x6 funciones de base marginales (2D, datos reales)","fijo (elegido por el investigador, no optimizado formalmente)",sí (penalización de suavidad vía restricción de variedad de Stiefel),ajuste dinámico basado en validación por bloques móviles (adaptación de validación cruzada al flujo de datos en línea),FPCA en línea (online),simulados y reales,"calidad del aire (mapas espaciales AQI, EE.UU.)","2045 días (datos reales, tras preprocesamiento)",179619 observaciones totales (datos reales); variable por día,diaria (muestreada semanalmente para reducir dependencia temporal),"tiempo de cómputo, score de validación por bloques","El método en línea (RAdam) logra FPCA sobre dominios multidimensionales en 1.6 min frente a 35.4 min de un método por lotes, con ajuste dinámico del parámetro de suavizado.",1,2,2,0,5,no,no declarada explícitamente como limitación (se enmarca como dirección futura),extender a variedades no euclídeas y a otras formulaciones de FPCA por lotes,the optimal smoothing parameter decreases as the sample size grows,no identificable en el texto extraído
2414,sartini_bayesian_2025,"Sartini, Joseph; Zeger, Scott; Crainiceanu, Ciprian",2025,Bayesian Multivariate Sparse Functional Principal Components Analysis,,artículo,preprint,,PR1|PR2|PR3,B-spline (ortogonalizado),no reportado explícitamente,Q=20-40 (basado en literatura de penalized splines),heurística de literatura + análisis de sensibilidad (no CV/AIC/GCV formal),"sí (prior de suavidad tipo rugosidad, forma cuadrática alpha*f^2+(1-alpha)*f''^2)",bayesiano (parámetro de suavizado h_k con prior Gamma jerárquico),FPCA bayesiana multivariante dispersa,simulados y reales,crecimiento infantil (estudio CONTENT),no reportado en el extracto revisado,no reportado en el extracto revisado,no reportado en el extracto revisado,"validez de inferencia, precisión de estimación, tiempo de cómputo","MSFAST produce inferencias bayesianas válidas y estimaciones precisas de FPCs multivariantes dispersas, especialmente en regímenes de baja señal-ruido.",2,2,2,1,7,si,"no declarada como limitación única; se listan preguntas abiertas (generalización a datos no gaussianos, estimación de K, garantías teóricas de convergencia)","generalizar a datos no gaussianos, priors no uniformes en la variedad de Stiefel, mejor estimación de la dimensión K, garantías teóricas de convergencia",how to best estimate the dimension of the FPC basis (K),22
2415,jiao_filtrated_2021,"Jiao, Shuhao; Frostig, Ron D.; Ombao, Hernando",2021,Filtrated Common Functional Principal Components for Multivariate Functional data,,artículo,preprint,,PR1|PR2,empírica (data-driven; simulación generada con base de Fourier ortonormalizada vía Gram-Schmidt),N/A,"5 capas/dimensiones (simulación, coincide con verdad simulada)",criterio de información generalizado (GIC) con búsqueda en grilla de hiperparámetros,sí (criterio penalizado tipo GIC para estructura de comunidad),"búsqueda en grilla (a en {0.05,...,0.5}, b en {1,...,1.4})",FPCA + clustering (detección de comunidades),simulados y reales,"electrofisiología (potenciales de campo local cerebral, isquemia)",500 funciones por grupo x 16 grupos (simulación),no reportado en el extracto revisado,no aplica (simulación); no reportado (datos reales),"razón de reconstrucción R, residuales de reconstrucción",El método filt-fPCA extrae de forma eficiente la estructura de sincronía multi-capa entre electrodos cerebrales sin necesitar conocimiento previo del modelo.,1,2,2,0,5,no,no declarada explícitamente,extender la técnica de filtración a modelos lineales funcionales,"data driven, can be implemented without prior-knowledge",20
2423,cruz_fast_2024,"Cruz, Ana Carolina da; Souza, Camila P. E. de; Sousa, Pedro H. T. O.",2024,Fast Bayesian Basis Selection for Functional Data Representation with Correlated Errors,,artículo,preprint,,PR1|PR3|PR4,B-spline y Fourier (ambas evaluadas y comparadas),cúbico (B-splines),"K (número de bases candidatas, seleccionado vía inferencia bayesiana, no fijo)","bayesiano (prior de selección tipo sparsity-inducing, algoritmo VEM)","sí (prior bayesiano de selección, no penalización de rugosidad clásica)","no aplica en el sentido clásico (selección bayesiana de bases, no lambda continuo)",selección de bases (basis selection) + suavizado bayesiano,simulados y reales,"motocicleta, LIDAR, clima canadiense","m=5 curvas por escenario, 100 datasets simulados",ni=100 (simulación),no aplica,"sensibilidad, especificidad, exactitud, R2 ajustado","El algoritmo VEM bayesiano selecciona correctamente bases B-spline o Fourier según el caso y logra R2 ajustado comparable o superior a splines de regresión/suavizado y LASSO, mucho más rápido que Gibbs sampling.",2,2,2,1,7,si,no cuantifica la incertidumbre en la estimación del parámetro de decaimiento de correlación,extender la estructura de correlación a varianza funcional; tratar K como parámetro desconocido con prior,our method effectively identifies and retains essential basis functions while selectively removing unnecessary ones,26
2434,podgorski_splinets_2021,"Podgórski, Krzysztof",2021,"Splinets -- splines through the Taylor expansion, their support sets and orthogonal bases",,artículo,preprint,,PR1,"B-spline (ortogonalizado, splinets)",3er orden (cúbico),201 nodos equiespaciados (en el ejemplo ilustrado),fijo arbitrario (no formal),no,no aplica,representación en bases (paquete de software) + FPCA (descomposición de Karhunen-Loève),simulados,"ingeniería (respuesta de camión a perfil de carretera, modelo de Slepian)",1000,4095 puntos equiespaciados,no aplica,"reconstrucción con 10/50/100 dimensiones, comparación gráfica de distribución de coeficientes vs. normal estándar","El paquete Splinets implementa una representación ortogonal eficiente de splines (splinets) que preserva localidad, útil para FDA con datos dispersos.",2,2,1,0,5,no,no declarada explícitamente (no hay sección de discusión/limitaciones separada),no propuesto explícitamente,"the locality of the B-splines in terms of the support sets is, to a great extend, preserved",no identificable en el texto extraído
2440,descary_matrix_2016,"Descary, Marie-Hélène; Panaretos, Victor M.",2016,Functional Data Analysis by Matrix Completion,,artículo,preprint,,PR1|PR2|PR4,Fourier (comparada contra B-spline/suavizado y descomposición KL empírica),N/A (no aplica a la componente propia del método; B-spline usado solo como método de comparación),"r (rango del operador L), seleccionado vía scree plot","gráfico de sedimentación (scree plot), informal","sí (formulación penalizada del problema de matrix completion, no roughness penalty clásica)",no aplica en forma clásica (selección de rango r vía scree plot),FPCA / completación de matrices (matrix completion) para separar variación suave y rugosa,simulados y reales,principalmente metodológico/simulación; aplicación real a datos de contaminación del aire (apéndice),no reportado en el extracto revisado (varía por escenario simulado),no reportado en el extracto revisado,no aplica,"error de estimación de covarianza, comparación de rango, desempeño predictivo","El método de completación de matrices recupera por separado las componentes suave y rugosa de datos funcionales, superando o igualando a KL truncada, suavizado por splines (Ramsay & Silverman) y PACE.",2,2,2,2,8,si,la estimación de la componente rugosa B se ve afectada si hay ruido de alta frecuencia global no atribuible correctamente a la componente local,se requiere más conocimiento estructural para separar fluctuaciones globales y locales de alta frecuencia,our method performs equally well or better than all other methods in all scenarios,no identificable en el texto extraído
2452,wakayama_reconciling_2023,"Wakayama, Tomoya; Matsui, Hidetoshi",2023,Reconciling Functional Data Regression with Excess Bases,,artículo,preprint,,PR3,spline (natural spline),no reportado,"variable, K hasta >100 (estudian explícitamente el rango completo, incluyendo K>N)","no aplica (rechazan deliberadamente AIC/GCV/CV clásicos; proponen K en exceso con interpolador de norma mínima, fenómeno double-descent)",no,no aplica,regresión funcional (scalar-on-function y otras 3 variantes),ambos,espectroscopia gasolina; imágenes DTI cerebro,60 (gasolina); 334 (DTI),401 (gasolina); 93 (DTI),"no aplica (espectral/tracto, no temporal)",MSE,"Usar un número excesivo de funciones base (K>N) con interpolador de norma mínima mejora la predicción (fenómeno double-descent), contra la práctica convencional de K<N.",0,2,1,0,3,no,no declarada explícitamente; reconocen falta de fundamento teórico riguroso del fenómeno,extender a series de tiempo funcionales; explorar ridge regression; profundizar teoría del double-descent,choosing an excess number of bases can lead to more accurate predictions,no identificable en el texto extraído
2475,sartini_sufficient_2026,"Sartini, Joseph; Zeger, Scott; Crainiceanu, Ciprian",2026,Sufficient conditions for proper posteriors in fully-Bayesian Functional PCA,,artículo,preprint,,PR2 (baja confianza),empírica (eigenfunciones FPCA proyectadas sobre spline ortonormal),no reportado,"Q (dimensión spline) >= K (número de componentes), sin valor numérico dado","no aplica (trabajo puramente teórico, sobre condiciones de propiedad de la posterior, no sobre selección práctica de Q)","sí (tipo: penalización de Wahba sobre la segunda derivada, integrada como componente de varianza inversa)","no aplica (parámetro de suavizado tratado como componente de varianza en el modelo, no seleccionado por GCV/AIC)",FPCA (bayesiana completa),"no aplica (trabajo teórico, sin simulación ni datos reales nuevos)",puramente metodológico/teórico,no reportado,no reportado,no aplica,"no reportado (ninguna, es una prueba de propiedad de la distribución posterior)",Demuestran que no se requieren condiciones adicionales para que el prior/posterior de suavizado en FPCA bayesiana completa sea propio.,1,1,0,0,2,no,no declarada explícitamente,no propuesto,orthonormality of the principal components is equivalent to orthonormality of the spline coefficients,no identificable en el texto extraído
2505,chung_cosine_2021,"Chung, Moo K.",2021,Cosine Series Representation,,artículo,preprint,,PR1,"Fourier (base coseno, autofunciones de Laplaciano)",no reportado,"k (truncamiento de la serie), sin valor numérico concreto dado","no aplica (marco teórico, no reporta procedimiento de selección numérica de k)","no (usa contracción tipo Wiener filter, no penalización explícita por rugosidad)",no aplica,"otra (representación explícita en base ortonormal, estimación de mínimos cuadrados)","no aplica (cita aplicaciones previas propias -DTI, EEG- sin presentar análisis numérico nuevo en este texto)","DTI (tractos de sustancia blanca); EEG (aplicaciones previas citadas, no reanalizadas aquí)",no reportado,no reportado,no aplica,no reportado en el extracto revisado,Propone construcciones explícitas de base ortonormal (coseno) como alternativa transparente a transformadas implícitas para modelar y suavizar señales biomédicas.,2,1,1,0,4,no,no declarada explícitamente,"no declarado explícitamente en el extracto revisado (el artículo termina en agradecimientos/referencias, sin sección de discusión)","explicit orthonormal basis constructions, in particular the cosine basis obtained from Laplacian eigenfunctions",no identificable en el texto extraído
2514,nie_recovering_2018,"Nie, Yunlong; Yang, Yuping; Cao, JIguo",2018,Recovering the Underlying Trajectory from Sparse and Irregular Longitudinal Data,,artículo,preprint,,PR1|PR2|PR3,"empírica (SOAP: aproximación ortonormal dispersa, comparada contra PACE)",N/A,"3 componentes empíricas funcionales (FECs), seleccionado por AIC entre 1 y 6",AIC,sí (tipo: parámetro de suavizado sobre las funciones base empíricas estimadas),"validación cruzada (leave-one-curve-out), entre {0,10^2,10^4,10^8}",FPCA (método SOAP propio vs. PACE),ambos,"CD4 (VIH, cohorte longitudinal)",283 sujetos,"entre 1 y 14 observaciones por sujeto, mediana 6","semestral (visitas programadas, irregular en la práctica)","AIC, comparación de desempeño en simulación vs. PACE","El método SOAP propuesto evita invertir la matriz de covarianza (a diferencia de PACE), es numéricamente más estable y no requiere normalidad de los scores FPC.",2,2,2,1,7,si,no confirmado en el extracto revisado (no se localizó sección de discusión/limitaciones explícita),no confirmado en el extracto revisado,We propose a sparse orthonormal approximation (SOAP) method as an alternative,no identificable en el texto extraído
2546,dang_smoothem_2022,"Dang, Huy; Cremona, Marzia; Chiaromonte, Francesca",2022,smoothEM: a new approach for the simultaneous assessment of smooth patterns and spikes,,artículo,preprint,,PR1|PR3|PR5,"spline (penalizado, vía suavizado regularizado)",no reportado,no reportado en el extracto revisado,no reportado en el extracto revisado,sí (tipo: suavizado spline regularizado dentro de un algoritmo EM),no confirmado en el extracto revisado,otra (EM para separar tendencia suave de picos/spikes),ambos,índice de olas de calor (EEUU); consumo eléctrico semanal (Irlanda),no reportado en el extracto revisado,no reportado en el extracto revisado,anual (olas de calor); semanal (electricidad),no confirmado en el extracto revisado más allá de consistencia asintótica del EM,Combina suavizado spline regularizado con un algoritmo EM para identificar picos irregulares y estimar simultáneamente el componente suave subyacente.,1,2,2,1,6,si,no confirmado en el extracto revisado,no confirmado en el extracto revisado,combining regularized spline smoothing and an Expectation-Maximization (EM) algorithm,no identificable en el texto extraído
2558,jiao_enhanced_2022,"Jiao, Shuhao; Chan, Ngai-Hang; Yau, Chun-Yip",2022,Enhanced Change-Point Detection in Functional Means,,artículo,preprint,,PR1|PR2|PR4,"otra (bases adaptadas/alineadas al punto de cambio, no una familia fija predeterminada)",N/A,no reportado en el extracto revisado,no confirmado en el extracto revisado,no confirmado en el extracto revisado,no aplica,otra (detección de cambio estructural en la media funcional vía reducción de dimensión),ambos,trayectorias anuales de humedad,no reportado en el extracto revisado,no reportado en el extracto revisado,anual,"potencia de detección, comparación con métodos existentes",Alinear las funciones base con el cambio a detectar mejora sustancialmente la potencia de detección frente a métodos que no lo hacen (fPCA estándar).,2,2,1,2,7,si,no confirmado en el extracto revisado,no confirmado en el extracto revisado,highlight the necessity of aligning the basis functions with the change to be detected,no identificable en el texto extraído
2565,wakayama_horseshoe_2022,"Wakayama, Tomoya; Sugasawa, Shonosuke",2022,Functional Horseshoe Smoothing for Functional Trend Estimation,,artículo,preprint,,PR1|PR3,otra (funciones base bajo prior de contracción horseshoe sobre diferencias de orden general),no reportado,"seleccionado vía pérdida predictiva posterior (posterior predictive loss), sin valor numérico dado",otro (pérdida predictiva posterior bayesiana),sí (tipo: prior de contracción horseshoe sobre diferencias de orden general),"no aplica directamente (bayesiano, vía MCMC, no lambda clásico)",series de tiempo funcionales (estimación de tendencia),ambos,tendencias funcionales tipo GDP y otras no estacionarias,no reportado en el extracto revisado,no reportado en el extracto revisado,no reportado en el extracto revisado,"precisión de suavizado, comparación con métodos alternativos","El método propuesto (functional horseshoe smoothing) captura cambios abruptos en la tendencia con mejor precisión que alternativas, cuantificando incertidumbre bayesiana.",2,2,2,1,7,si,no confirmado en el extracto revisado,no confirmado en el extracto revisado,"functional horseshoe smoothing, by introducing a shrinkage prior to the general order of differences",no identificable en el texto extraído
2573,kowal_semiparametric_2021,"Kowal, Daniel R.; Canale, Antonio",2021,Semiparametric Functional Factor Models with Bayesian Rank Selection,,artículo,preprint,,PR1|PR2,"empírica (base no paramétrica aprendida de los datos, ortogonal a un template paramétrico)",N/A,"rango efectivo de términos no paramétricos, seleccionado bayesianamente (no valor fijo)",otro (prior spike-and-slab ordenado para selección de rango),sí (tipo: prior spike-and-slab regularizador sobre los factores no paramétricos),"no aplica directamente (bayesiano, vía prior, no lambda clásico)",otra (modelo de factores funcionales semiparamétrico),ambos,control motor humano; curvas de tasas de interés (yield curve),no reportado en el extracto revisado,no reportado en el extracto revisado,no reportado en el extracto revisado,"sesgo, incertidumbre posterior/predictiva, comparación con alternativas paramétricas/semiparamétricas","Aumentar un template paramétrico con una base no paramétrica ortogonal elimina sesgo por mala especificación y reduce incertidumbre excesiva, frente a alternativas puramente paramétricas.",2,2,2,1,7,si,no confirmado en el extracto revisado,no confirmado en el extracto revisado,augment the parametric template with an infinite-dimensional nonparametric functional basis,no identificable en el texto extraído
2617,hormann_dynamic_2012,"Hörmann, Siegfried; Kidziński, Łukasz; Hallin, Marc",2012,Dynamic Functional Principal Component,,artículo,preprint,,PR2,Fourier,N/A,15,no reportado,no,no aplica,FPCA dinámica (enfoque de dominio de frecuencia),ambos,contaminación del aire (PM10),175,no reportado explícitamente (mediciones cada media hora),media hora (intradía),% varianza explicada; NMSE (simulación),La FPCA dinámica explica más varianza y reconstruye mejor la dinámica intradía que la FPCA estática (80% vs. 73% de varianza explicada en datos reales de PM10),2,2,2,2,8,si,no declarada explícitamente en el extracto revisado,no identificado en el extracto revisado,"the first dynamic FPC already explains about 80% of the total variance, compared to the 73%","aprox. p. 17 (numeración visible cercana, no confirmada con certeza)"
2630,diks_noise_2023,"Diks, Cees; Wouters, Bram",2023,Noise reduction for functional time series,,artículo,preprint,,PR2,"empírica (FPCA/Karhunen-Loève dinámica, DFPCA)",N/A,"estimado: d=4 (espacio dinámico), d_ε=7 (espacio de ruido), datos reales","procedimiento propio de estimación (bootstrap), sección 3",no,no aplica,"reducción de ruido para series de tiempo funcionales (extensión de DFPCA), denoising MISE-óptimo",ambos,temperatura horaria (clima),4015 (datos reales); también estudio de simulación,"24 (mediciones horarias, datos reales)",horaria,MISE; error de pronóstico ΔF,El denoising MISE-óptimo propuesto supera técnicas existentes de reducción de ruido y mejora el pronóstico como paso de preprocesamiento,2,2,2,1,7,si,supone que el ruido admite una descomposición de baja dimensión; no está claro si esto se cumple en datos reales,incorporar información dinámica adicional (Yt-1) y extender el método a series de tiempo de superficies,this method outperforms DFPCA-based orthogonal denoising and can also be used as a pre-processing step to improve forecasting,"aprox. p. 26-27 (numeración visible cercana, no confirmada con certeza)"
padilla_segarra,padillasegarra_brief_2020,"Padilla-Segarra, Adrián; González-Villacorte, Mabel; Amaro, Isidro R.; Infante, Saba",2020,Brief Review of Functional Data Analysis: a Case Study on Regional Demographic and Economic Data,"TICEC (Tercer Congreso Internacional de Ciencias, Ingeniería y Tecnología del Ecuador)",actas,no_indexado_motivador,,PR1|PR5,B-spline,no reportado explícitamente (solo la regla K = orden + nudos - 2),"determinada por K = orden + nudos - 2, nudos equidistantes (valor numérico no reportado)",regla fija (no GCV/AIC/CV),no,no aplica,FPCA + clustering funcional jerárquico + PCA clásico (comparación),reales,"indicadores demográficos y económicos, América Latina","≈20 (países latinoamericanos, varía por variable)","no reportado con precisión (años ≈1960-2018, varía por variable)",anual,% varianza explicada (umbral 80% en FPCA); distancia L2 (clustering),"Esperanza de vida, MPI y HDI muestran comportamiento de varianza homogéneo; el crecimiento del PIB tiene naturaleza funcional distinta; FDA aporta un enfoque más holístico que los métodos multivariados clásicos",2,2,1,0,5,no,análisis preliminar/exploratorio; no explora otras familias de base más allá de B-spline,"considerar diferentes bases de aproximación (especialmente para el PIB), regresión funcional y correlación canónica funcional","considering different approximation basis, specifically for the case of GDP-GR",no identificable en el texto extraído
