id,title,decision,reason_code,source
0,Model-based Fréchet regression in (quotient) metric spaces with a focus on elastic curves,exclude,E1,manual_access_pool_revisado_usuario
3,Curve Classification Based on Mean-Variance Feature Weighting and Its Application,exclude,E1,auto_fetch_pool_revisado_usuario
4,Optimal design of experiments for functional linear models with dynamic factors,exclude,E1,segunda_revision_usuario_incluidos
5,Parametric and nonparametric conditional quantile regression modeling for dependent spatial functional data,exclude,I5,sin_oa_confirmado
6,L1-regularized functional support vector machine*,exclude,I5,manual_access_pool_revisado_usuario
7,Exponential Lp-quantile estimation of function-on-scalar model with its applications in functional data analysis,exclude,I5,sin_oa_confirmado
8,A sandwich smoother for spatio-temporal functional data,exclude,I5,manual_access_pool_revisado_usuario
9,Registration and estimation for functional generalized linear model,exclude,I5,sin_oa_confirmado
10,Principal Component Analysis of Two-dimensional Functional Data with Serial Correlation,exclude,E1,manual_access_pool_revisado_usuario
11,Unified Principal Component Analysis for Sparse and Dense Functional Data under Spatial Dependency,exclude,E4,auto_fetch_pool_revisado_usuario
14,Two-sample tests for functional data using characteristic functions,exclude,E1,auto_fetch_pool_revisado_usuario
15,Tensor product splines and functional principal components,include,I1,manual_access_pool_revisado_usuario
16,A multivariate coefficient of variation for functional data,exclude,I5,sin_oa_confirmado
17,Variable selection of higher-order partially functional linear multiple varying coefficient spatial autoregressive model,exclude,I5,sin_oa_confirmado
18,Estimation for functional linear semiparametric model,exclude,I5,sin_oa_confirmado
19,Statistical Depth for Text Data: An Application to the Classification of Healthcare Data,exclude,E1,manual_access_pool_revisado_usuario
20,Wavelet estimation of the dimensionality of curve time series,include,I1,auto_fetch_pool_revisado_usuario
21,Semiparametric Functional Factor Models with Bayesian Rank Selection*,exclude,E1,manual_access_pool_revisado_usuario
22,Continuous-Time Multivariate Analysis,exclude,E1,manual_access_pool_revisado_usuario
23,Functional Multivariable Logistic Regression With an Application to HIV Viral Suppression Prediction,exclude,E4,manual_access_pool_revisado_usuario
24,New modeling approaches based on varimax rotation of functional principal components,exclude,E1,manual_access_pool_revisado_usuario
25,High-Dimensional Statistics: Non-Parametric Generalized Functional Partially Linear Single-Index Model,exclude,E1,manual_access_pool_revisado_usuario
26,Morning surge in blood pressure using a random-effects multiple-component cosinor model,exclude,E4,manual_access_pool_revisado_usuario
27,Three-part joint modeling methods for complex functional data mixed with zero-and-one–inflated proportions and zero-inflated continuous outcomes with skewness,exclude,E4,manual_access_pool_revisado_usuario
28,Wavelet-based dimensionality reduction for multiple sets of complicated functional data,exclude,I5,sin_oa_confirmado
29,Partially Linear Functional Additive Models for Multivariate Functional Data,exclude,E1,manual_access_pool_revisado_usuario
30,Enhancing spatial functional linear regression with robust dimension reduction methods,exclude,I5,sin_oa_confirmado
31,Analyzing Electricity Demand in Colombia: A Functional Time Series Approach,include,I1,auto_fetch_pool_revisado_usuario
32,Linear-Phase-Type probability modelling of functional PCA with applications to resistive memories,exclude,E1,manual_access_pool_revisado_usuario
34,Layered Bayesian nonparametric regression for DNA methylation rates,exclude,I5,sin_oa_confirmado
35,Quadratic inference with dense functional responses,exclude,E1,manual_access_pool_revisado_usuario
36,Dynamic Regression Models for Time-Ordered Functional Data,exclude,E1,manual_access_pool_revisado_usuario
37,Functional data analysis of single-trial auditory evoked potentials recorded in the awake rat,exclude,I5,sin_oa_confirmado
38,Adaptive estimation for functional data: Using a framelet block-thresholding method,exclude,I5,sin_oa_confirmado
39,Variation pattern classification of functional data,exclude,E1,manual_access_pool_revisado_usuario
40,The investigation of temperature data in Turkey’s Black Sea Region using functional data analysis,exclude,E4,manual_access_pool_revisado_usuario
41,Stationary Processes via Fourier Transformations: Representation and Estimation,exclude,I5,sin_oa_confirmado
42,On Estimation of the Effect Lag of Predictors and Prediction in a Functional Linear Model,exclude,E1,auto_fetch_pool_revisado_usuario
43,Robust estimation for semi-functional linear regression models,exclude,E1,auto_fetch_pool_revisado_usuario
44,Benchmarking different clustering algorithms on functional data,exclude,I5,sin_oa_confirmado
45,Analysis of a GPS Network Based on Functional Data Analysis,include,I1,auto_fetch_pool_revisado_usuario
46,Surface temperature monitoring in liver procurement via functional variance change-point analysis,exclude,I1,manual_access_pool_revisado_usuario
47,An Overview of Univariate and Multivariate Karhunen Loève Expansions in Statistics,exclude,I5,sin_oa_confirmado
48,Model-based clustering of multiple images incorporating covariates,exclude,I5,manual_access_pool_revisado_usuario
49,Estimation and diagnostic for single-index partially functional linear regression model with p-order autoregressive skew-normal errors,exclude,E1,auto_fetch_pool_revisado_usuario
50,Route identification in the National Football League: An application of model-based curve clustering using the em algorithm,exclude,E4,auto_fetch_pool_revisado_usuario
51,"Bayesian Semiparametric Functional Mixed Models for Serially Correlated Functional Data, With Application to Glaucoma Data",exclude,E1,auto_fetch_pool_revisado_usuario
52,A Generalized Smoother for Linear Ordinary Differential Equations,exclude,I5,sin_oa_confirmado
53,Predicting the onset of breast cancer using mammogram imaging data with irregular boundary,exclude,E4,manual_access_pool_revisado_usuario
54,FCWFA: Functional Cluster-Weighted Factor Analyzers,exclude,I5,sin_oa_confirmado
55,Semiparametric function-on-function quantile regression model with dynamic single-index interactions,exclude,E1,manual_access_pool_revisado_usuario
56,Short-term electricity demand forecasting using a functional state space model,exclude,E1,manual_access_pool_revisado_usuario
57,Repeated measures in functional logistic regression,exclude,E1,manual_access_pool_revisado_usuario
58,Adaptive Generalized P-Splines for Functional Data: A Statistical Framework via Blockwise GSVD,include,I1,auto_fetch_pool_revisado_usuario
59,Bayesian additive adaptive basis tensor product models for modeling high dimensional surfaces: an application to high-throughput toxicity testing,exclude,E1,auto_fetch_pool_revisado_usuario
60,Spatially Correlated Analysis of Infectious Disease Outcomes Based on Bayesian Functional Hierarchical Models,exclude,I5,sin_oa_confirmado
61,FPCA-based estimation for generalized functional partially linear models,exclude,I5,sin_oa_confirmado
62,Learning rates for partially linear functional models with high dimensional scalar covariates,exclude,E1,auto_fetch_pool_revisado_usuario
63,Estimation of functional regression model via functional dimension reduction,exclude,I5,sin_oa_confirmado
64,Robust estimation for varying coefficient partially functional linear regression models based on exponential squared loss function,exclude,E1,manual_access_pool_revisado_usuario
66,Pattern discovery of health curves using an ordered probit model with Bayesian smoothing and functional principal component analysis,exclude,I5,sin_oa_confirmado
67,Phase-II CUSUM Control Chart for Functional Data,exclude,I5,sin_oa_confirmado
68,Missing Data Imputation for Operation Data of Transformer Based on Functional Principal Component Analysis and Wavelet Transform,exclude,I5,sin_oa_confirmado
70,Nonlinear mixed effects modeling and warping for functional data using B-splines,exclude,E1,manual_access_pool_revisado_usuario
71,Simultaneous confidence band for stationary covariance function of dense functional data,exclude,E1,manual_access_pool_revisado_usuario
72,Fast Bayesian basis selection for functional data representation with correlated errors,include,I1,auto_fetch_pool_revisado_usuario
73,Functional Data Analysis of Head Impact Exposure of College Football Athletes,exclude,I5,sin_oa_confirmado
74,Bayesian analysis of longitudinal and multidimensional functional data,include,I1,auto_fetch_pool_revisado_usuario
75,Functional data clustering by projection into latent generalized hyperbolic subspaces,exclude,I5,sin_oa_confirmado
78,SigFPLS: A Signatures-Based Approach for Scalar-on-Function Regression Model,exclude,I5,sin_oa_confirmado
79,Functional Continuum Regression Approach to Wavelet Transformation Data in a Non-Invasive Glucose Measurement Calibration Model,exclude,I1,manual_access_pool_revisado_usuario
80,Weighted composite quantile regression estimation of partial functional linear model with censored response,exclude,I5,sin_oa_confirmado
81,Randomly censored partially linear varying coefficient model with functional single-index interactions,exclude,I5,sin_oa_confirmado
82,Statistical inference in functional quadratic expectile regression model,exclude,E1,auto_fetch_pool_revisado_usuario
83,Landmark-Warped Emulators for Models with Misaligned Functional Response,exclude,E1,auto_fetch_pool_revisado_usuario
84,Bayesian Deep Gaussian Processes for Correlated Functional Data: a Case Study in Cosmological Matter Power Spectra,exclude,E4,manual_access_pool_revisado_usuario
86,Recovering the underlying trajectory from sparse and irregular longitudinal data,include,I1,auto_fetch_pool_revisado_usuario
87,Inference for dependent error functional data with application to event-related potentials,exclude,I5,sin_oa_confirmado
88,Robust estimation in canonical correlation analysis for multivariate functional data,exclude,E1,auto_fetch_pool_revisado_usuario
89,Modeling Experimental Designs Including Longitudinal Data and a Functional Covariate,exclude,E4,auto_fetch_pool_revisado_usuario
90,Functional proportional hazards mixture cure model with applications in cancer mortality in NHANES and post ICU recovery,exclude,I5,sin_oa_confirmado
91,Nonparametric quantile scalar-on-image regression,exclude,I5,sin_oa_confirmado
92,Regional and temporal patterns of influenza: Application of functional data analysis,exclude,E4,manual_access_pool_revisado_usuario
94,"Cross-Validation, Information Theory, or Maximum Likelihood? A Comparison of Tuning Methods for Penalized Splines",include,I1,manual_access_pool_revisado_usuario
95,Function-on-function regression for assessing production quality in industrial manufacturing,exclude,I5,sin_oa_confirmado
96,Varying-coefficient partially functional linear quantile regression models,exclude,I5,sin_oa_confirmado
97,A Time Series Data Classification Method Based on Basis Function Expansion and Bagging Framework,exclude,I5,sin_oa_confirmado
98,Mixture inner product spaces and their application to functional data analysis,exclude,E1,manual_access_pool_revisado_usuario
99,Testing relevant hypotheses in functional variance function via self-normalization,exclude,I5,manual_access_pool_revisado_usuario
101,Stochastic modeling of Random Access Memories reset transitions,exclude,E1,auto_fetch_pool_revisado_usuario
102,Bayesian Function-on-Scalars Regression for High-Dimensional Data,exclude,E1,manual_access_pool_revisado_usuario
103,Functional kernel density estimation: Point and fourier approaches to time series anomaly detection,exclude,E4,manual_access_pool_revisado_usuario
104,Estimation for Partial Functional Multiplicative Regression Model,exclude,E1,manual_access_pool_revisado_usuario
105,Sparse smoothed quantile estimation for partially linear functional additive models,exclude,I5,sin_oa_confirmado
106,Quantile Regression for Longitudinal Functional Data with Application to Feed Intake of Lactating Sows,exclude,E4,auto_fetch_pool_revisado_usuario
107,Asymptotic properties of penalized splines for functional data,exclude,E1,manual_access_pool_revisado_usuario
108,Spectrally Sparse Nonparametric Regression via Elastic Net Regularized Smoothers,exclude,I5,sin_oa_confirmado
109,A Unified Approach to Functional Principal Component Analysis and Functional Multiple-Set Canonical Correlation,exclude,I5,sin_oa_confirmado
111,Sparse logistic regression on functional data*,exclude,E1,auto_fetch_pool_revisado_usuario
112,A fast epigraph and hypograph-based approach for clustering functional data,exclude,E1,auto_fetch_pool_revisado_usuario
113,Robust inference in varying-coefficient additive models for longitudinal/functional data,exclude,I5,sin_oa_confirmado
114,A penalized spline estimator for functional linear regression with functional response,exclude,E1,auto_fetch_pool_revisado_usuario
116,Functional Neural Networks for High-Dimensional Genetic Data Analysis,exclude,I1,manual_access_pool_revisado_usuario
117,Estimation and inference in functional varying-coefficient single-index quantile regression models,exclude,I5,sin_oa_confirmado
118,ICS for complex data with application to outlier detection for density data,exclude,I5,sin_oa_confirmado
119,Functional principal component analysis in age–period–cohort analysis of body mass index data by gender and ethnicity,exclude,I5,sin_oa_confirmado
120,Bayesian Dependent Functional Mixture Estimation for Area and Time-Indexed Data: An Application for the Prediction of Monthly County Employment,exclude,E1,manual_access_pool_revisado_usuario
122,Dynamic prediction in functional concurrent regression with an application to child growth,exclude,E4,manual_access_pool_revisado_usuario
123,Survival on Image Regression With Application to Partially Functional Distributional Representation of Physical Activity,exclude,E4,manual_access_pool_revisado_usuario
124,From sparse to dense functional data: phase transitions from a simultaneous inference perspective,exclude,I5,sin_oa_confirmado
125,Functional data analysis to describe and classify southern resident killer whale calls,exclude,E4,manual_access_pool_revisado_usuario
126,Basis expansions for functional snippets,exclude,E1,auto_fetch_pool_revisado_usuario
127,Local Clustering for Functional Data,exclude,E1,auto_fetch_pool_revisado_usuario
128,Gaussian graphical modeling for spectrometric data analysis,exclude,E1,auto_fetch_pool_revisado_usuario
129,Bayesian estimation of principal components for functional data,exclude,E1,manual_access_pool_revisado_usuario
130,A Fourier representation of kernel Stein discrepancy with application to Goodness-of-Fit tests for measures on infinite dimensional Hilbert spaces,exclude,E1,auto_fetch_pool_revisado_usuario
131,High-resolution signal recovery via generalized sampling and functional principal component analysis,include,I1,auto_fetch_pool_revisado_usuario
132,BASS: An R package for fitting and performing sensitivity analysis of bayesian adaptive spline surfaces,exclude,E1,auto_fetch_pool_revisado_usuario
133,Mean and covariance estimation of functional data streams,exclude,I5,sin_oa_confirmado
134,Learning Bezier-Durrmeyer Type Descriptors for Classifying Curves – Preliminary Studies,exclude,I5,sin_oa_confirmado
135,Feature extraction for functional time series: Theory and application to NIR spectroscopy data,include,I1,auto_fetch_pool_revisado_usuario
136,Functional group bridge for simultaneous regression and support estimation,exclude,E4,auto_fetch_pool_revisado_usuario
137,clusterMLD: An Efficient Hierarchical Clustering Method for Multivariate Longitudinal Data,exclude,E1,manual_access_pool_revisado_usuario
138,Sparse functional partial least squares regression with a locally sparse slope function,exclude,I5,sin_oa_confirmado
139,Multi-dimensional functional principal component analysis,exclude,E1,auto_fetch_pool_revisado_usuario
141,Extremes of projections of functional time series on data–driven basis systems,exclude,I5,sin_oa_confirmado
144,Roughness regularization for functional data analysis with free knots spline estimation,exclude,E1,auto_fetch_pool_revisado_usuario
145,Functional principal component analysis with informative observation times,exclude,E1,manual_access_pool_revisado_usuario
146,Pseudo-quantile functional data clustering,exclude,E1,manual_access_pool_revisado_usuario
147,SPATIAL PREDICTION OF LOCAL SOIL EROSION DISTRIBUTION IN THE WASSERSTEIN SPACE,exclude,I5,sin_oa_confirmado
148,Bayesian wavelet-packet historical functional linear models,exclude,E1,auto_fetch_pool_revisado_usuario
149,Partially Linear Single-Index Models and Functional Principal Component Analysis of Spatially and Temporally Indexed Point Processes,exclude,E1,manual_access_pool_revisado_usuario
150,FILTRATED COMMON FUNCTIONAL PRINCIPAL COMPONENT ANALYSIS OF MULTIGROUP FUNCTIONAL DATA,exclude,E4,auto_fetch_pool_revisado_usuario
152,Composite Quantile Estimation in Partial Functional Linear Regression Model Based on Polynomial Spline,exclude,I5,sin_oa_confirmado
154,"Joint analysis of multivariate longitudinal, imaging, and time-to-event data",exclude,E4,manual_access_pool_revisado_usuario
155,Integrating spatial dependence into functional clustering of NDVI in the Ecuadorian Andes,exclude,I5,sin_oa_confirmado
156,Compositional splines for bivariate density data analysis,exclude,E1,auto_fetch_pool_revisado_usuario
157,Multivariate analysis of variance for functional data,exclude,I5,manual_access_pool_revisado_usuario
158,Fourier Spectral Domain Functional Principal Component Analysis of EEG Signals,exclude,I5,sin_oa_confirmado
159,Unbiased recursive decision tree for supervised functional data classification with applying on electrocardiogram signals,exclude,I5,sin_oa_confirmado
160,Learning Block Structured Graphs in Gaussian Graphical Models,exclude,I5,manual_access_pool_revisado_usuario
162,Spline estimation of functional principal components via manifold conjugate gradient algorithm,exclude,E1,auto_fetch_pool_revisado_usuario
163,Functional semiparametric modeling for nonstationary and periodic time series data,exclude,I5,sin_oa_confirmado
164,A mixture of experts regression model for functional response with functional covariates,exclude,I5,sin_oa_confirmado
165,Robust exponential squared loss-based estimation in semi-functional linear regression models,exclude,I5,sin_oa_confirmado
166,Global Inference and Test for Eigensystems of Imaging Data Over Complicated Domains,exclude,I5,sin_oa_confirmado
167,Estimation and inference for functional linear regression models with partially varying regression coefficients,exclude,I5,sin_oa_confirmado
168,A comparison of parameter estimation in function-on-function regression,include,E1,auto_fetch_pool_revisado_usuario
169,Quadratic regression for functional response models,exclude,E1,auto_fetch_pool_revisado_usuario
170,"Multivariate functional response regression, with application to fluorescence spectroscopy in a cervical pre-cancer study",exclude,E4,manual_access_pool_revisado_usuario
171,Estimation and variable selection for generalized functional partially varying coefficient hybrid models,exclude,I5,sin_oa_confirmado
172,Multidimensional analysis of sectoral equity dynamics: deconstructing market trends via functional data and vine copula integration,exclude,I5,sin_oa_confirmado
173,Functional single-index composite quantile regression,exclude,I5,sin_oa_confirmado
174,Functional principal component analysis for incomplete space–time data,exclude,E1,auto_fetch_pool_revisado_usuario
175,Neural network prediction of crude oil futures using B-splines,exclude,I5,sin_oa_confirmado
176,Robust simultaneous inference for the mean function of functional data,exclude,I5,sin_oa_confirmado
177,Integrated Model Selection and Scalability in Functional Data Analysis Through Bayesian Learning,include,I1,manual_access_pool_revisado_usuario
178,Partial Functional Linear Regression Model Based on Functional Principal Component Basis Expansion and RKHS,exclude,I5,sin_oa_confirmado
179,Estimation in functional partially linear spatial autoregressive model,exclude,E1,auto_fetch_pool_revisado_usuario
180,Functional principal component analysis for longitudinal data with informative dropout,exclude,I5,sin_oa_confirmado
181,Dynamic predictions in Bayesian functional joint models for longitudinal and time-to-event data: An application to Alzheimer’s disease,exclude,E4,manual_access_pool_revisado_usuario
182,Semiparametric mixture regression for asynchronous longitudinal data using multivariate functional principal component analysis,exclude,E4,manual_access_pool_revisado_usuario
183,Smoothed least absolute deviation estimation in functional linear model,exclude,E1,auto_fetch_pool_revisado_usuario
184,Bayesian flexible beta regression model with functional covariate,exclude,E1,auto_fetch_pool_revisado_usuario
185,Model-based regression clustering for high-dimensional data: application to functional data,exclude,I5,sin_oa_confirmado
186,Novel whitening approaches in functional settings,exclude,E1,manual_access_pool_revisado_usuario
187,A Study on the Functional Gaussian Process Regression Model Based on Neural Networks,exclude,E4,manual_access_pool_revisado_usuario
188,Inference on volatility curve at high frequencies via functional data analysis,exclude,I5,sin_oa_confirmado
189,BFDA: A MATLAB toolbox for bayesian functional data analysis,exclude,E1,auto_fetch_pool_revisado_usuario
190,A nonparametric test of group distributional differences for hierarchically clustered functional data,exclude,I5,manual_access_pool_revisado_usuario
191,Empirically Driven Orthonormal Bases for Functional Data Analysis,include,I1,auto_fetch_pool_revisado_usuario
192,Quantile Function on Scalar Regression Analysis for Distributional Data,exclude,E1,segunda_revision_usuario_incluidos
193,Turning Bands in Functional Geostatistics: A Simulation Tool for Spatially Correlated Curves,exclude,I5,sin_oa_confirmado
194,Spatial correlation in weather forecast accuracy: a functional time series approach,exclude,I5,sin_oa_confirmado
195,Statistical inference of varying-coefficient partial functional spatial autoregressive model,exclude,I5,sin_oa_confirmado
196,Partial separability and functional graphical models for multivariate Gaussian processes,exclude,E1,auto_fetch_pool_revisado_usuario
197,Stochastic functional linear models for gene-based association analysis of quantitative traits in longitudinal studies,exclude,I5,sin_oa_confirmado
198,Two-Dimensional Functional Principal Component Analysis for Image Feature Extraction,exclude,I5,sin_oa_confirmado
199,Data driven orthogonal basis selection for functional data analysis,include,I1,manual_access_pool_revisado_usuario
200,Penalized spatial function-on-function regression,exclude,I5,sin_oa_confirmado
201,Measurement and Analysis of High Frequency Assert Volatility Based on Functional Data Analysis,include,I1,manual_access_pool_revisado_usuario
202,An application of functional multivariate regression model to multiclass classification,exclude,E1,manual_access_pool_revisado_usuario
203,Band depth based initialization of K-means for functional data clustering,exclude,E1,auto_fetch_pool_revisado_usuario
204,Partial functional partially linear single-index models,exclude,E1,manual_access_pool_revisado_usuario
205,Bayesian adaptive selection of basis functions for functional data representation,include,I1,auto_fetch_pool_revisado_usuario
206,Multifunctional Principal Component Analysis for Human-Like Grasping,exclude,I5,sin_oa_confirmado
207,BAYESIAN ADAPTIVE AND INTERPRETABLE FUNCTIONAL REGRESSION FOR EXPOSURE PROFILES,exclude,E4,auto_fetch_pool_revisado_usuario
209,Variable selection and estimation of partially functional linear multiple varying coefficient spatial autoregressive model under constraint conditions,exclude,I5,sin_oa_confirmado
210,Spatiotemporal Besov Priors for Bayesian Inverse Problems,exclude,I5,sin_oa_confirmado
211,Translation-invariant functional clustering on COVID-19 deaths adjusted on population risk factors,exclude,E4,auto_fetch_pool_revisado_usuario
212,Linear mixed-effects model for longitudinal complex data with diversified characteristics,exclude,E1,manual_access_pool_revisado_usuario
213,Correcting Measurement Error and Zero Inflation in Functional Covariates for Scalar-on-Function Quantile Regression,exclude,E4,manual_access_pool_revisado_usuario
214,Latent factor model for multivariate functional data,exclude,E1,manual_access_pool_revisado_usuario
215,Robust joint modelling of sparsely observed paired functional data,exclude,E1,manual_access_pool_revisado_usuario
216,Bayesian classification of multiclass functional data,exclude,E1,manual_access_pool_revisado_usuario
217,logitFD: an R package for functional principal component logit regression,exclude,E1,auto_fetch_pool_revisado_usuario
218,Partially functional linear additive model for censored data with heavy-tailed distributions,exclude,E1,manual_access_pool_revisado_usuario
220,Generalized functional additive nonlinear models with multimodal interaction effects,exclude,I5,sin_oa_confirmado
221,Semiparametric Partial Functional Regression Model for Estimating Optimal Individualized Treatment Regime,exclude,I5,sin_oa_confirmado
222,Bivariate Functional Quantile Envelopes With Application to Radiosonde Wind Data,exclude,E1,manual_access_pool_revisado_usuario
223,Functional Modelling of Telecommunications Data∗,exclude,E4,auto_fetch_pool_revisado_usuario
224,Functional Data Regression on Distribution-Valued Data via Logarithm Derivative Quantile Transformation,exclude,E1,manual_access_pool_revisado_usuario
225,A Functional Joint Model for Survival and Multivariate Sparse Functional Data in Multi-Cohort Alzheimer's Disease Study,exclude,E4,manual_access_pool_revisado_usuario
226,Functional Beta Regression Model in Alzheimer’s Disease Studies,exclude,I5,sin_oa_confirmado
227,Wavelet power spectral domain functional principal component analysis for feature extraction of epileptic eegs,exclude,E4,segunda_revision_usuario_incluidos
228,Bivariate Stochastic Functional Linear Models for Gene-based Association Analysis of Quantitative Traits in Longitudinal Studies,exclude,I5,sin_oa_confirmado
229,Functional logistic regression: a comparison of three methods,exclude,I5,sin_oa_confirmado
230,SPARSE FUNCTIONAL PRINCIPAL COMPONENT ANALYSIS IN HIGH DIMENSIONS,exclude,I5,sin_oa_confirmado
232,RSFclust: Robust sparse clustering of functional data using quantile curves,exclude,I5,sin_oa_confirmado
233,Oracle-efficient estimation for functional data error distribution with simultaneous confidence band,exclude,I5,sin_oa_confirmado
234,Additive Function-on-Function Regression,exclude,E1,manual_access_pool_revisado_usuario
235,Nested Hierarchical Functional Data Modeling and Inference for the Analysis of Functional Plant Phenotypes,exclude,E4,auto_fetch_pool_revisado_usuario
236,Change point analysis of functional variance function with stationary error,exclude,I5,sin_oa_confirmado
237,Analysis of rank regression modeling in functional data,exclude,I5,sin_oa_confirmado
238,STATISTICAL INFERENCE FOR FUNCTIONAL TIME SERIES: AUTOCOVARIANCE FUNCTION,exclude,I5,sin_oa_confirmado
239,Splinets – Orthogonal Splines for Functional Data Analysis,include,I1,auto_fetch_pool_revisado_usuario
240,Basis expansion approaches for functional analysis of variance with repeated measures,exclude,E1,auto_fetch_pool_revisado_usuario
243,Fast stable parameter estimation for linear dynamical systems,exclude,E1,manual_access_pool_revisado_usuario
244,Integer-valued functional data analysis for measles forecasting,exclude,E1,auto_fetch_pool_revisado_usuario
246,Wavelet analysis of variance box plot,exclude,E1,manual_access_pool_revisado_usuario
247,Dynamic prediction of multivariate functional data based on Functional Kernel Partial Least Squares,exclude,I5,sin_oa_confirmado
248,Estimation in functional single-index varying coefficient model,exclude,I5,sin_oa_confirmado
249,SIMULTANEOUS FUNCTIONAL QUANTILE REGRESSION,exclude,E1,manual_access_pool_revisado_usuario
250,Dynamic Survival Prediction Using Sparse Longitudinal Images via Multi-Dimensional Functional Principal Component Analysis,exclude,I5,manual_access_pool_revisado_usuario
252,Semiparametric distributed lag quantile regression for modeling time-dependent exposure mixtures,exclude,E1,manual_access_pool_revisado_usuario
253,On asymptotic properties of mean function estimator for sparse noise-contaminated data,exclude,I5,sin_oa_confirmado
254,Joint estimation of monotone curves via functional principal component analysis,exclude,E1,manual_access_pool_revisado_usuario
255,Cross-Validated Functional Generalized Partially Linear Single-Functional Index Model,exclude,E1,manual_access_pool_revisado_usuario
256,BAYESIAN CLUSTERING OF SPATIAL FUNCTIONAL DATA WITH APPLICATION TO A HUMAN MOBILITY STUDY DURING COVID-19,exclude,I5,sin_oa_confirmado
257,Supervised Functional Principal Component Analysis Under the Mixture Cure Rate Model: An Application to Alzheimer'S Disease,exclude,E4,manual_access_pool_revisado_usuario
258,Locally adaptive online functional data analysis,exclude,I5,sin_oa_confirmado
259,The covariance function estimation based on the constrained B-spline smoothing method,exclude,I5,sin_oa_confirmado
260,Semi-supervised approach to event time annotation using longitudinal electronic health records,exclude,E4,manual_access_pool_revisado_usuario
261,Sieve bootstrap for functional time series,exclude,E1,manual_access_pool_revisado_usuario
262,Function-on-function regression for the identification of epigenetic regions exhibiting windows of susceptibility to environmental exposures,exclude,E4,auto_fetch_pool_revisado_usuario
263,Distribution-free uncertainty quantification for daily treasury yield curves with functional principal component forecasting and vector autoregression,exclude,E1,auto_fetch_pool_revisado_usuario
264,Estimation of sparse functional quantile regression with measurement error: a SIMEX approach,exclude,E1,manual_access_pool_revisado_usuario
265,Oracle-efficient estimation and global inferences for variance function of functional data,exclude,I5,sin_oa_confirmado
266,Homogeneity problem for basis expansion of functional data with applications to resistive memories,exclude,E1,auto_fetch_pool_revisado_usuario
267,Boosting AI-Generated Biomedical Images with Confidence through Advanced Statistical Inference,exclude,I5,sin_oa_confirmado
269,Oracally efficient estimation for dense functional data with holiday effects,exclude,I5,sin_oa_confirmado
270,Flexible functional data smoothing and optimization using beta spline,include,I1,auto_fetch_pool_revisado_usuario
271,Dimensionality Reduction of Multivariate Functional Data Using FPCA,exclude,I5,sin_oa_confirmado
272,Adaptive smoothing spline estimator for the function-on-function linear regression model,exclude,E1,auto_fetch_pool_revisado_usuario
273,Dynamic partially functional linear regression model,exclude,I5,sin_oa_confirmado
276,Penalized function-on-function linear quantile regression,exclude,I5,sin_oa_confirmado
277,Functional Partial Linear Regression with Autoregressive Errors,exclude,I5,sin_oa_confirmado
278,Estimation and Identification of a Varying-Coefficient Additive Model for Locally Stationary Processes,exclude,I5,manual_access_pool_revisado_usuario
279,Statistical Learning for Functional Data,exclude,E1,auto_fetch_pool_revisado_usuario
280,A FUNCTIONAL-DATA APPROACH TO THE ARGO DATA,exclude,E4,auto_fetch_pool_revisado_usuario
281,Exploring Functional Structure and Variation of Italian Carbon Emissions,exclude,E4,auto_fetch_pool_revisado_usuario
283,A Frequency-Domain Approach for Integrating Multiple Functional Time Series,exclude,E1,auto_fetch_pool_revisado_usuario
284,A Dynamic Interaction Semiparametric Function-on-Scalar Model,exclude,I5,sin_oa_confirmado
285,The Classification Algorithm Based on Functional Logistic Regression Model With Spatial Effects and Its Application in Air Quality Analysis,exclude,I5,sin_oa_confirmado
286,Comparing spatial and spatio-temporal FPCA to impute large continuous gaps in space,exclude,I5,sin_oa_confirmado
287,Estimating a smooth covariance for functional data,exclude,E1,manual_access_pool_revisado_usuario
288,Spline-based methods for functional data on multivariate domains,include,I1,auto_fetch_pool_revisado_usuario
289,Partially Linear Generalized Single Index Models for Functional Data (PLGSIMF),exclude,E1,manual_access_pool_revisado_usuario
290,Wavelet Feature Screening,exclude,I1,manual_access_pool_revisado_usuario
291,Function-on-Function Partial Quantile Regression,exclude,I5,manual_access_pool_revisado_usuario
292,Adaptive slicing for functional slice inverse regression,exclude,I5,sin_oa_confirmado
293,Bayesian functional mixed-effects models with grouped smoothness for analyzing time-course gene expression data,exclude,I5,sin_oa_confirmado
294,Bootstrap based uncertainty bands for prediction in functional kriging,exclude,E1,auto_fetch_pool_revisado_usuario
295,Truncated estimation in functional generalized linear regression models,exclude,I5,sin_oa_confirmado
296,Functional additive quantile regression,exclude,E1,auto_fetch_pool_revisado_usuario
297,Bayesian latent factor regression for multivariate functional data with variable selection,exclude,I5,sin_oa_confirmado
298,Functional Parallel Factor Analysis for Functions of One- and Two-dimensional Arguments,exclude,I5,auto_fetch_pool_revisado_usuario
299,Wavelet thresholding on independent subspace factorizations of spatially indexed wide functional data for robust estimation of cortical activity,exclude,I5,auto_fetch_pool_revisado_usuario
300,Joint Component Estimation for Electricity Price Forecasting Using Functional Models,include,I1,manual_access_pool_revisado_usuario
302,A FUNCTIONAL INFORMATION CRITERION FOR REGION SELECTION IN FUNCTIONAL LINEAR MODELS,exclude,I5,sin_oa_confirmado
303,Exploiting Functional Time Series Prediction for PM2.5 Based on Multivariate Variational Mode Decomposition and Anomaly Detection,exclude,I5,sin_oa_confirmado
304,Unsupervised curve clustering using wavelets,include,I1,auto_fetch_pool_revisado_usuario
305,Clustering functional data via variational inference,exclude,I5,sin_oa_confirmado
306,A wavelet-based method in aggregated functional data analysis,exclude,I5,sin_oa_confirmado
308,TS-K-means: an improved test-based functional data clustering approach using shrinkage estimation,exclude,I5,sin_oa_confirmado
309,Comparison of some Logistic Regression Methodologies in Supervised Classification for Functional Data,exclude,I5,sin_oa_confirmado
310,Stochastic functional linear models and Malliavin calculus,exclude,I5,sin_oa_confirmado
311,Covariance parameter estimation of Gaussian processes with approximated functional inputs,exclude,E1,manual_access_pool_revisado_usuario
312,Robust estimation for partial functional linear regression models based on FPCA and weighted composite quantile regression,exclude,E1,manual_access_pool_revisado_usuario
313,Functional data analysis with covariate-dependent mean and covariance structures,exclude,E1,manual_access_pool_revisado_usuario
314,Bayesian multi-group functional factor models with parameter-expanded cumulative shrinkage priors,exclude,E1,auto_fetch_pool_revisado_usuario
315,Estimation in functional additive models for high-dimensional functional data,exclude,I5,sin_oa_confirmado
316,Flexible quantile contour estimation for multivariate functional data: Beyond convexity,exclude,E1,manual_access_pool_revisado_usuario
317,Statistical inference and goodness-of-fit test in functional data via error distribution function,exclude,I5,sin_oa_confirmado
318,Variable selection in function-on-scalar single-index model via the alternating direction method of multipliers,exclude,I5,sin_oa_confirmado
319,Functional PCA With Covariate-Dependent Mean and Covariance Structure,exclude,E1,auto_fetch_pool_revisado_usuario
320,Forecasting the monthly retail sales of electricity based on the semi-functional linear model with autoregressive errors,exclude,E4,auto_fetch_pool_revisado_usuario
321,Trend filtering for functional data,exclude,E1,manual_access_pool_revisado_usuario
322,Comparative Study of Missing Data Imputation Methods in Functional Data Analysis,exclude,I5,sin_oa_confirmado
323,Longitudinal dynamic functional regression,exclude,E1,manual_access_pool_revisado_usuario
324,Wavelet Density and Regression Estimators for Continuous Time Functional Stationary and Ergodic Processes,exclude,E1,manual_access_pool_revisado_usuario
325,Smoothing of Hip Angle Kinematics Data during Parachute Landing Using Functional Data Analysis Approach,exclude,I5,sin_oa_confirmado
326,M-based simultaneous inference for the mean function of functional data,exclude,I5,sin_oa_confirmado
327,A new approach for time domain analysis of multivariate and functional time series,exclude,I5,sin_oa_confirmado
328,Dissimilarity for functional data clustering based on smoothing parameter commutation,exclude,E1,manual_access_pool_revisado_usuario
330,Prediction intervals and bands with improved coverage for functional data under noisy discrete observation,exclude,E1,manual_access_pool_revisado_usuario
331,Bivariate densities in Bayes spaces: orthogonal decomposition and spline representation,exclude,E1,auto_fetch_pool_revisado_usuario
332,A functional single-index model,exclude,I5,sin_oa_confirmado
333,A data-adaptive dimension reduction for functional data via penalized low-rank approximation,exclude,E1,auto_fetch_pool_revisado_usuario
334,Bivariate functional archetypoid analysis: An application to financial time series,exclude,E1,manual_access_pool_revisado_usuario
335,Bi-smoothed functional independent component analysis for eeg artifact removal,exclude,E1,manual_access_pool_revisado_usuario
336,Efficient representation of supply and demand curves on day-ahead electricity markets,exclude,I1,auto_fetch_pool_revisado_usuario
337,Real-Time Interpolation Of Streaming Data,exclude,I1,auto_fetch_pool_ia_no_reto
338,Aggregated functional data model applied on clustering and disaggregation of UK electrical load profiles,exclude,I5,sin_oa_confirmado
339,Periodic splinets,exclude,I5,sin_oa_confirmado
340,Functional data clustering via hypothesis testing k-means,exclude,I5,sin_oa_confirmado
342,Variable selection in the functional linear concurrent model,exclude,E4,manual_access_pool_revisado_usuario
343,An adaptive group LASSO approach for domain selection in functional generalized linear models,exclude,I5,sin_oa_confirmado
344,Bayesian Data Sketching for Varying Coefficient Regression Models,exclude,I5,sin_oa_confirmado
345,Quantifying Infinite-Dimensional Data: Functional Data Analysis in Action,exclude,I5,sin_oa_confirmado
346,Variable Selection for Fixed and Random Effects in Multilevel Functional Mixed Effects Models,exclude,E1,manual_access_pool_revisado_usuario
347,Functional logistic discrimination with sparse PCA and its application to the structural MRI,exclude,I5,sin_oa_confirmado
348,FACTOR-AUGMENTED MODEL FOR FUNCTIONAL DATA,include,I1,auto_fetch_pool_revisado_usuario
349,On the Sieve Estimator for Fractional SPDEs from Discrete Observations,exclude,I5,sin_oa_confirmado
350,Electricity Consumption Prediction for Enterprises Based on Neural Network Algorithms,exclude,I5,sin_oa_confirmado
351,Inference for dependent error functional data: Covariance function,exclude,E1,manual_access_pool_revisado_usuario
352,Bayesian change point detection for functional data,exclude,E1,auto_fetch_pool_revisado_usuario
353,Joint analysis of longitudinal and recurrent event data: A functional regression approach with autoregressive frailty,exclude,E1,manual_access_pool_revisado_usuario
354,High-dimensional partially linear functional Cox models,exclude,I5,sin_oa_confirmado
355,Semiparametric local variable selection under misspecification,exclude,E1,manual_access_pool_revisado_usuario
356,Wavelet-based LASSO in functional linear quantile regression,exclude,I5,sin_oa_confirmado
357,Simultaneous inference for covariance function of next-generation functional data,exclude,E1,manual_access_pool_revisado_usuario
358,"Generalization, combination and extension of functional clustering algorithms: The R package funcy",exclude,E1,auto_fetch_pool_revisado_usuario
359,Efficient spline orthogonal basis for representation of density functions,include,I1,manual_access_pool_revisado_usuario
360,Clustering of longitudinal curves via a penalized method and EM algorithm,exclude,E1,auto_fetch_pool_revisado_usuario
361,A Wavelet-Based Independence Test for Functional Data With an Application to MEG Functional Connectivity,exclude,I5,manual_access_pool_revisado_usuario
362,Anomaly Detection and Correction in Dense Functional Data Within Electronic Medical Records,exclude,E4,manual_access_pool_revisado_usuario
364,A note on Herglotz's theorem for time series on function spaces,exclude,E1,auto_fetch_pool_revisado_usuario
365,Functional principal component models for sparse and irregularly spaced data by Bayesian inference,exclude,E1,manual_access_pool_revisado_usuario
366,A new approach to varying-coefficient additive models with longitudinal covariates,exclude,E1,manual_access_pool_revisado_usuario
367,Comparative Analysis of Sampling Frequency Effects on Forecasting Performance in Scalar and Functional Data: Autoregressive and LSTM Models,exclude,I5,sin_oa_confirmado
368,Estimation of trace-variogram using Legendre–Gauss quadrature,exclude,E1,manual_access_pool_revisado_usuario
369,Hypothesis testing for multiple mean and correlation curves with functional data,exclude,I5,sin_oa_confirmado
370,Functional time series forecasting: a systematic review,exclude,E1,auto_fetch_pool_revisado_usuario
371,Conditional bias robust estimation of the total of curve data by sampling in a finite population: An illustration on electricity load curves,exclude,E1,auto_fetch_pool_revisado_usuario
372,Robust functional regression with discretely sampled predictors,exclude,E1,manual_access_pool_revisado_usuario
373,Sieve bootstrapping the memory parameter in long-range dependent stationary functional time series,exclude,E1,auto_fetch_pool_revisado_usuario
374,Hybrid principal components analysis for region-referenced longitudinal functional EEG data,exclude,E4,manual_access_pool_revisado_usuario
376,Fast covariance estimation for sparse functional data,exclude,E1,auto_fetch_pool_revisado_usuario
377,Traffic signal detection from in-vehicle GPS speed profiles using functional data analysis and machine learning,exclude,E4,segunda_revision_usuario_incluidos
378,An Analytical Approach for Temporal Infection Mapping and Composite Index Development,exclude,I1,manual_access_pool_revisado_usuario
379,Estimating Truncated Functional Linear Models With a Nested Group Bridge Approach,exclude,I5,sin_oa_confirmado
380,Multi-class classification of biomechanical data: A functional LDA approach based on multi-class penalized functional PLS,exclude,E4,auto_fetch_pool_revisado_usuario
381,Forecasting high-dimensional functional time series with dual-factor structures,exclude,E1,manual_access_pool_revisado_usuario
382,Estimation of a clustering model for non Gaussian functional data,exclude,I5,manual_access_pool_revisado_usuario
383,Fast Bayesian Functional Principal Components Analysis,exclude,E1,manual_access_pool_revisado_usuario
384,A partial least squares approach for function-on-function interaction regression,exclude,E1,auto_fetch_pool_revisado_usuario
385,Sparse wavelet estimation in quantile regression with multiple functional predictors,exclude,E1,auto_fetch_pool_revisado_usuario
386,Functional data analysis for longitudinal data with informative observation times,exclude,E1,manual_access_pool_revisado_usuario
387,"Functional multiple indicators, multiple causes measurement error models",exclude,E4,manual_access_pool_revisado_usuario
388,Statistical inference for mean function of partially observed functional time series,exclude,I5,sin_oa_confirmado
389,Testing for stationarity of functional time series in the frequency domain,exclude,E1,manual_access_pool_revisado_usuario
390,A case study in engineering model validation using new wavelet-based methods,exclude,I5,sin_oa_confirmado
391,Efficient Multidimensional Functional Data Analysis Using Marginal Product Basis Systems,exclude,E1,auto_fetch_pool_revisado_usuario
392,Hierarchical Bayesian models for predicting spatially correlated curves,exclude,I5,sin_oa_confirmado
393,From multiple Gaussian sequences to functional data and beyond: a Stein estimation approach,exclude,I5,sin_oa_confirmado
394,A sparse estimate to varying-coefficient additive models for functional and longitudinal data,exclude,I5,sin_oa_confirmado
395,Framelet block thresholding estimator for sparse functional data,exclude,I5,sin_oa_confirmado
396,Predicting graphical models based on functional data,exclude,I5,manual_access_pool_revisado_usuario
397,Robust multivariate functional discriminant coordinates,exclude,I5,manual_access_pool_revisado_usuario
398,A method for variable selection in a multivariate functional linear regression model with multiple scalar responses,exclude,I5,sin_oa_confirmado
399,A functional data feature learning method with EM algorithm in industrial soft sensing modeling,exclude,I5,sin_oa_confirmado
400,Supervised dimension reduction for functional time series,exclude,I5,sin_oa_confirmado
401,Sasaki metric for spline models of manifold-valued trajectories,exclude,E1,auto_fetch_pool_revisado_usuario
402,Functional partially linear single-index model with beta distribution,exclude,I5,sin_oa_confirmado
403,Bayesian functional graphical models with change-point detection,exclude,E1,auto_fetch_pool_revisado_usuario
404,Estimation of sparse functional additive models with adaptive group lasso,exclude,I5,sin_oa_confirmado
405,Parametric functional principal component analysis,exclude,I5,sin_oa_confirmado
406,Function-on-function regression for two-dimensional functional data,exclude,I5,sin_oa_confirmado
407,A data-driven approach in functional linear regression: ensemble empirical mode decomposition-based LASSO,exclude,I5,sin_oa_confirmado
408,Contagion Patterns Classification in Stock Indices: A Functional Clustering Analysis Using Decision Trees,include,I1,manual_access_pool_revisado_usuario
409,Wavelet transformation of functional data for hyperspectral image classification,exclude,I5,sin_oa_confirmado
410,A two-population extension of the exponential smoothing state space model with a smoothing penalisation scheme,exclude,E1,manual_access_pool_revisado_usuario
411,Deep Learning for Functional Data Analysis with Adaptive Basis Layers,exclude,I5,sin_oa_confirmado
412,ORDINAL PROBIT FUNCTIONAL OUTCOME REGRESSION WITH APPLICATION TO COMPUTER-USE BEHAVIOR IN RHESUS MONKEYS,exclude,E1,auto_fetch_pool_revisado_usuario
413,Derivative estimation for longitudinal data analysis: Examining features of blood pressure measured repeatedly during pregnancy,exclude,E4,manual_access_pool_revisado_usuario
414,Fast covariance estimation for multivariate sparse functional data,exclude,E1,manual_access_pool_revisado_usuario
415,Elastic analysis of irregularly or sparsely sampled curves,exclude,E1,manual_access_pool_revisado_usuario
416,On function-on-function regression: partial least squares approach,exclude,E1,auto_fetch_pool_revisado_usuario
417,Gaussian modeling with B-splines for spatial functional data on irregular domains,exclude,I5,sin_oa_confirmado
418,Modeling the evolution of deaths from infectious diseases with functional data models: The case of COVID-19 in Brazil,exclude,I5,manual_access_pool_revisado_usuario
419,Clustering multiply imputed multivariate high-dimensional longitudinal profiles,exclude,E1,auto_fetch_pool_revisado_usuario
420,Clustering Functional Data With Measurement Errors: A Simulation-Based Approach,exclude,E4,manual_access_pool_revisado_usuario
421,Multivariate Varying Coefficient Spatiotemporal Model,exclude,E4,auto_fetch_pool_revisado_usuario
423,Generalized Spatio-Temporal Regression with PDE Penalization,exclude,E1,auto_fetch_pool_revisado_usuario
424,A Methodological Framework for Analyzing and Differentiating Daily Physical Activity Across Groups Using Digital Biomarkers from the Frequency Domain,exclude,E4,manual_access_pool_revisado_usuario
425,Estimation for generalized partially functional linear additive regression model,exclude,I5,sin_oa_confirmado
426,Function-on-function regression models with nonlinear dynamic effect and linear concurrent effect,exclude,E1,auto_fetch_pool_revisado_usuario
427,A Unified Analysis of Multi-task Functional Linear Regression Models with Manifold Constraint and Composite Quadratic Penalty,exclude,I5,sin_oa_confirmado
428,Functional nonlinear principal component analysis,exclude,E1,manual_access_pool_revisado_usuario
429,Smooth LASSO estimator for the Function-on-Function linear regression model,exclude,E1,auto_fetch_pool_revisado_usuario
430,Efficient Functional ANOVA Through Wavelet-Domain Markov Groves,exclude,E1,auto_fetch_pool_revisado_usuario
431,Statistical inference for partially shape-constrained function-on-scalar linear regression models,exclude,E1,auto_fetch_pool_revisado_usuario
432,Fast symmetric additive covariance smoothing,include,I1,auto_fetch_pool_revisado_usuario
433,Comparing fpca based on conditional quantile functions and fpca based on conditional mean function,exclude,I5,sin_oa_confirmado
434,Elastic functional Cox regression model with shape predictors,exclude,E1,manual_access_pool_revisado_usuario
435,A simple method to construct confidence bands in functional linear regression,exclude,E1,auto_fetch_pool_revisado_usuario
436,Simultaneous inference for the mean of repeated functional data,exclude,I5,sin_oa_confirmado
437,Functional Mixed Effects Model for the Analysis of Dose-Titration Studies,exclude,I5,sin_oa_confirmado
438,ROBUST SMOOTHED CANONICAL CORRELATION ANALYSIS FOR FUNCTIONAL DATA,exclude,E1,auto_fetch_pool_revisado_usuario
439,Reconciling functional data regression with excess bases,exclude,I5,sin_oa_confirmado
440,"Modelling multi-scale, state-switching functional data with hidden Markov models",exclude,I1,auto_fetch_pool_revisado_usuario
441,Robust functional principal components for irregularly spaced longitudinal data,exclude,I5,sin_oa_confirmado
442,Functional response regression analysis,exclude,E1,manual_access_pool_revisado_usuario
443,Clustering nonstationary circadian rhythms using locally stationary wavelet representations,exclude,I1,auto_fetch_pool_revisado_usuario
444,Detection of Unknown Functional Departure in Generalized Functional Regression,exclude,E4,manual_access_pool_revisado_usuario
445,A robust estimation based on penalised regularisation for the varying-coefficient additive model,exclude,I5,sin_oa_confirmado
446,Functional autoencoder for smoothing and representation learning,exclude,I5,sin_oa_confirmado
447,Simultaneous inference and uniform test for eigensystems of functional data,exclude,I5,sin_oa_confirmado
448,Single-index partially functional linear quantile regression,exclude,I5,sin_oa_confirmado
449,COVID-19 data imputation by multiple function-on-function principal component regression,exclude,E4,manual_access_pool_revisado_usuario
450,Clustering acoustic emission signals by mixing two stages dimension reduction and nonparametric approaches,exclude,E1,manual_access_pool_revisado_usuario
451,Functional L-Optimality Subsampling for Functional Generalized Linear Models with Massive Data,exclude,I5,sin_oa_confirmado
452,Robust estimation with modified Huber's function for functional linear models,exclude,I5,manual_access_pool_revisado_usuario
453,Automatic Variable Selection for Partially Linear Functional Additive Model and Its Application to the Tecator Data Set,exclude,E4,manual_access_pool_revisado_usuario
454,Diagnosing faults in electric motors using B-splines and Bayesian Mixture Model,exclude,I5,sin_oa_confirmado
455,Nonparametric covariance estimation with shrinkage toward stationary models,exclude,I5,sin_oa_confirmado
457,Functional EWMA control chart for phase II profile monitoring,exclude,I5,sin_oa_confirmado
458,Graph-constrained analysis for multivariate functional data,exclude,E1,auto_fetch_pool_revisado_usuario
459,Simulation studies to compare bayesian wavelet shrinkage methods in aggregated functional data,exclude,I5,manual_access_pool_revisado_usuario
460,A moment-based notion of time dependence for functional time series,exclude,I5,sin_oa_confirmado
461,Compositional splines for representation of density functions,exclude,E1,auto_fetch_pool_revisado_usuario
462,Pursuit of dynamic structure in quantile additive models with longitudinal data,exclude,I5,sin_oa_confirmado
463,Multiscale Clustering for Functional Data,exclude,I5,sin_oa_confirmado
464,Locally Sparse Estimation for Simultaneous Functional Quantile Regression,exclude,I5,sin_oa_confirmado
465,Multivariate functional generalized additive models,exclude,I5,sin_oa_confirmado
467,Simultaneous confidence corridors for mean functions in functional data analysis of imaging data,exclude,E4,auto_fetch_pool_revisado_usuario
468,Bayesian covariance regression in functional data analysis with applications to functional brain imaging,exclude,E4,manual_access_pool_revisado_usuario
469,Mixed Data Regression with Compositional Response and an Application in Stock Market Sentiment Analysis,exclude,I5,sin_oa_confirmado
470,Semi-functional varying coefficient mode-based regression,exclude,I5,sin_oa_confirmado
471,smoothEM: A new approach for the simultaneous assessment of smooth patterns and spikes,include,I1,manual_access_pool_revisado_usuario
472,Density ratio model with data-adaptive basis function,exclude,I5,manual_access_pool_revisado_usuario
473,Principal Component Analysis for Distributions Observed by Samples in Bayes Spaces,exclude,E4,auto_fetch_pool_revisado_usuario
474,Fourier approach to goodness-of-fit tests for Gaussian random processes,exclude,I5,sin_oa_confirmado
475,A Functional Regression Approach to Facial Landmark Tracking,exclude,E4,auto_fetch_pool_revisado_usuario
476,On uncertainty estimation in functional linear mixed models,exclude,I5,sin_oa_confirmado
477,Robust estimation for functional logistic regression models,exclude,E1,manual_access_pool_revisado_usuario
478,Online Bayesian learning for mixtures of spatial spline regressions with mixed effects,exclude,I5,sin_oa_confirmado
480,Bayesian functional data analysis over dependent regions and its application for identification of differentially methylated regions,exclude,I5,manual_access_pool_revisado_usuario
481,Penalized spline estimation of principal components for sparse functional data: Rates of convergence,exclude,E1,auto_fetch_pool_revisado_usuario
482,Single-index partially functional linear regression model,exclude,I5,sin_oa_confirmado
483,Multivariate functional clustering and its application to typhoon data,exclude,E4,auto_fetch_pool_revisado_usuario
484,Functional Regression for Densely Observed Data With Novel Regularization,exclude,I5,manual_access_pool_revisado_usuario
485,Interval-valued functional clustering based on the improved Euclidean distance with application to air quality index,exclude,I5,sin_oa_confirmado
486,Nonlinear Functional Modeling Using Neural Networks,exclude,E1,auto_fetch_pool_revisado_usuario
487,Statistical inference in functional semiparametric spatial autoregressive model,exclude,E1,auto_fetch_pool_revisado_usuario
488,NeuroPMD: Neural Fields for Density Estimation on Product Manifolds,exclude,I5,sin_oa_confirmado
489,Generalized partial functional linear regression for network-linked data,exclude,E1,manual_access_pool_revisado_usuario
490,Variable-Domain Functional Principal Component Analysis,exclude,I5,sin_oa_confirmado
491,Mixture of partially functional linear regression,exclude,I5,sin_oa_confirmado
493,Regression Analysis of Asynchronous Longitudinal Functional and Scalar Data,exclude,I5,sin_oa_confirmado
495,A dynamic interaction varying index coefficient quantile regression model,exclude,I5,sin_oa_confirmado
498,Robust optimal estimation of location from discretely sampled functional data,exclude,E1,auto_fetch_pool_revisado_usuario
499,Spatial Functional Data analysis: Irregular spacing and Bernstein polynomials,exclude,I5,sin_oa_confirmado
500,A comparison of tests for the one-way ANOVA problem for functional data,exclude,E1,auto_fetch_pool_revisado_usuario
502,Global sensitivity analysis for models with spatially dependent outputs,exclude,E1,auto_fetch_pool_revisado_usuario
503,Two-step estimation of functional linear models with applications to longitudinal data,exclude,I5,manual_access_pool_revisado_usuario
504,Functional principal component analysis for multivariate multidimensional environmental data,exclude,I5,sin_oa_confirmado
505,Reduced rank regression models with latent variables in Bayesian functional data analysis,exclude,E1,manual_access_pool_revisado_usuario
506,Modeling environmental data by functional principal component logistic regression,exclude,I5,sin_oa_confirmado
507,Functional data analysis in longitudinal settings using smoothing splines,exclude,I5,sin_oa_confirmado
508,Inference in smoothing spline analysis of variance,exclude,I5,sin_oa_confirmado
509,Bivariate splines for spatial functional regression models,exclude,I5,sin_oa_confirmado
510,Robust Classification of Functional and Quantitative Image Data Using Functional Mixed Models,exclude,E1,auto_fetch_pool_revisado_usuario
511,Computing functional estimators of spatiotemporal long-range dependence parameters in the spectral-wavelet domain,exclude,I5,sin_oa_confirmado
512,Functional Regression,exclude,I5,manual_access_pool_revisado_usuario
513,Wavelet-based nonparametric functional mapping of longitudinal curves,exclude,I5,sin_oa_confirmado
514,Smoothing of GRF data using functional data analysis technique,exclude,I5,sin_oa_confirmado
515,A multiresolution approach to time warping achieved by a Bayesian prior-posterior transfer fitting strategy,exclude,E1,manual_access_pool_revisado_usuario
516,Bivariate splines for ozone concentration forecasting,exclude,I5,sin_oa_confirmado
517,Oscillations and time trends in stratospheric ozone levels: A functional data analysis approach,exclude,I5,sin_oa_confirmado
518,Penalized solutions to functional regression problems,exclude,E1,auto_fetch_pool_revisado_usuario
519,Functional dynamic factor models with application to yield curve forecasting,exclude,E1,auto_fetch_pool_revisado_usuario
520,Robust regularized singular value decomposition with application to mortality data,exclude,E1,manual_access_pool_revisado_usuario
521,On rates of convergence in functional linear regression,exclude,E1,manual_access_pool_revisado_usuario
522,Wavelet-Based Weighted LASSO and Screening Approaches in Functional Linear Regression,exclude,I5,manual_access_pool_revisado_usuario
523,Bayesian adaptive regression splines for hierarchical data,exclude,I5,sin_oa_confirmado
524,Wavelet-Based Nonparametric Modeling of Hierarchical Functions in Colon Carcinogenesis,exclude,I5,manual_access_pool_revisado_usuario
525,Mixtures of spatial spline regressions for clustering and classification,exclude,I5,sin_oa_confirmado
526,Functional linear regression analysis based on partial least squares and its application,exclude,I5,sin_oa_confirmado
528,Emulation of multivariate simulators using thin-plate splines with application to atmospheric dispersion,exclude,E1,manual_access_pool_revisado_usuario
529,On the optimal choice of the number of empirical Fourier coefficients for comparison of regression curves,exclude,I5,sin_oa_confirmado
530,Computer model validation with functional output,exclude,E1,manual_access_pool_revisado_usuario
531,Quantifying the lifetime circadian rhythm of physical activity: A covariate-dependent functional approach,exclude,E4,manual_access_pool_revisado_usuario
532,Identifiability in penalized function-on-function regression models,exclude,E1,manual_access_pool_revisado_usuario
534,Comparative study of different B-spline approaches for functional data,include,I1,manual_access_pool_revisado_usuario
535,Restricted likelihood ratio tests for functional effects in the functional linear model,exclude,I5,sin_oa_confirmado
536,Testing equality of two functions using BARS,exclude,I5,sin_oa_confirmado
537,The role of functional data analysis for instantaneous frequency estimation,exclude,I5,sin_oa_confirmado
538,Self-modelling regression for longitudinal data with time-invariant covariates,exclude,I5,sin_oa_confirmado
539,Adaptive basis selection for functional data analysis via stochastic penalization,exclude,E6,manual_access_pool_revisado_usuario
540,A similarity analysis of curves,exclude,I5,sin_oa_confirmado
541,Modelling three-dimensional trajectories by using Bézier curves with application to hand motion,exclude,E4,manual_access_pool_revisado_usuario
542,Bayesian graphical models for multivariate functional data,exclude,I5,sin_oa_confirmado
543,Modeling and Testing Differential Item Functioning in Unidimensional Binary Item Response Models with a Single Continuous Covariate: A Functional Data Analysis Approach,exclude,I5,sin_oa_confirmado
544,A Bayesian Multivariate Functional Dynamic Linear Model,exclude,E1,auto_fetch_pool_revisado_usuario
546,Potential applications of functional data analysis in chemometrics,exclude,E4,manual_access_pool_revisado_usuario
547,Identifying cluster number for subspace projected functional data clustering,exclude,I5,sin_oa_confirmado
548,Varying-coefficient functional linear regression models,exclude,I5,sin_oa_confirmado
551,A hierarchical model for aggregated functional data,exclude,E1,auto_fetch_pool_revisado_usuario
552,Uncertainty Analysis for Functional Computer Output: A Simulation Study in Inverse Problems,exclude,I5,sin_oa_confirmado
554,Linear discriminant analysis based on penalized functional PLS,exclude,I5,sin_oa_confirmado
555,Discriminative interpolation for classification of functional data,exclude,E1,auto_fetch_pool_revisado_usuario
557,Assessing the beneficial effects of economic growth: The harmonic growth index,exclude,I5,sin_oa_confirmado
558,Continuous time-varying kriging for spatial prediction of functional data: An environmental application,exclude,E4,manual_access_pool_revisado_usuario
559,Quantile regression when the covariates are functions,exclude,E1,auto_fetch_pool_revisado_usuario
560,Soft sensor modeling method based on k-nearest neighbor and RBF neural network,exclude,I5,sin_oa_confirmado
561,Functional logistic discrimination via regularized basis expansions,exclude,I5,sin_oa_confirmado
562,Functional approach of flexibly modelling generalized longitudinal data and survival time,exclude,I5,sin_oa_confirmado
563,Lack of fit in self modeling regression: Application to pulse waveforms,exclude,E4,manual_access_pool_revisado_usuario
564,Estimation of space-speed profiles: A functional approach using smoothing splines,exclude,I5,sin_oa_confirmado
565,Robust shrinkage estimation and selection for functional multiple linear model through LAD loss,exclude,I5,sin_oa_confirmado
566,A time-frequency functional model for locally stationary time series data,exclude,E1,auto_fetch_pool_revisado_usuario
567,Bayesian hierarchical curve registration,exclude,I5,sin_oa_confirmado
568,Defining and measuring the development of a country over time: A proposal of a new index,exclude,I5,sin_oa_confirmado
569,Wavelet-RKHS-based functional statistical classification,exclude,I5,sin_oa_confirmado
570,Grouped variable importance with random forests and application to multiple functional data analysis,exclude,E1,auto_fetch_pool_revisado_usuario
571,Non-linear local registration of functional data,exclude,I1,auto_fetch_pool_ia_no_reto
572,Efficient Bayesian hierarchical functional data analysis with basis function approximations using Gaussian–Wishart processes,include,I1,manual_access_pool_revisado_usuario
573,Cramér-Karhunen-Loève representation and harmonic principal component analysis of functional time series,exclude,E1,manual_access_pool_revisado_usuario
574,Wavelet-based LASSO in functional linear regression,exclude,E4,manual_access_pool_revisado_usuario
576,Penalized clustering of large-scale functional data with multiple covariates,exclude,I5,sin_oa_confirmado
577,Modelling price paths in on-line auctions: Smoothing sparse and unevenly sampled curves by using semiparametric mixed models,exclude,I5,sin_oa_confirmado
578,Hierarchical clustering of spatially correlated functional data,exclude,E1,manual_access_pool_revisado_usuario
579,A recursive local polynomial approximation method using dirichlet clouds and radial basis functions,exclude,I1,manual_access_pool_revisado_usuario
581,Methods for characterizing and comparing populations of shock wave curves,exclude,I5,sin_oa_confirmado
582,Functional Generalized Structured Component Analysis,exclude,I5,manual_access_pool_revisado_usuario
584,Computer experiments: A review,exclude,I5,sin_oa_confirmado
585,Bayesian analysis of mass spectrometry proteomic data using wavelet-based functional mixed models,exclude,E1,manual_access_pool_revisado_usuario
586,Generalized functional linear models with semiparametric single-index interactions,exclude,E1,manual_access_pool_revisado_usuario
587,"Fitting Trees to Functional Data, with an Application to Time-of-Day Patterns",exclude,I5,sin_oa_confirmado
588,Clustering functional data using wavelets,exclude,E1,auto_fetch_pool_revisado_usuario
589,A simultaneous confidence corridor for varying coefficient regression with sparse functional data,exclude,E1,manual_access_pool_revisado_usuario
591,Flexible estimation of covariance function by penalized spline with application to longitudinal family data,exclude,E4,manual_access_pool_revisado_usuario
592,Bayesian Latent Factor Regression for Functional and Longitudinal Data,exclude,E1,manual_access_pool_revisado_usuario
593,Curve registration,exclude,I3,manual_access_pool_revisado_usuario
594,Polynomial spline estimation for partial functional linear regression models,exclude,I5,sin_oa_confirmado
595,Free-knot spline smoothing for functional data,exclude,I5,sin_oa_confirmado
596,Fourier analysis of stationary time series in function space,exclude,E1,auto_fetch_pool_revisado_usuario
598,Analysis of aggregated functional data from mixed populations with application to energy consumption,exclude,E1,auto_fetch_pool_revisado_usuario
599,Estimation and inference in functional single-index models,exclude,I5,sin_oa_confirmado
600,Functional data classification: a wavelet approach,exclude,E1,manual_access_pool_revisado_usuario
601,Varying-time random effects models for longitudinal data: Unmixing and temporal interpolation of remote-sensing data,exclude,I5,sin_oa_confirmado
602,Classification of gene functions using support vector machine for time-course gene expression data,exclude,I5,sin_oa_confirmado
603,Kriging for Functional Data,exclude,I5,sin_oa_confirmado
604,Wavelet-based genetic association analysis of functional phenotypes arising from high-throughput sequencing assays,exclude,E4,manual_access_pool_revisado_usuario
605,Functional Components of Variation in Handwriting,exclude,I5,sin_oa_confirmado
606,Functional linear models for zero-inflated count data with application to modeling hospitalizations in patients on dialysis,exclude,E1,auto_fetch_pool_revisado_usuario
607,Multivariate functional clustering for the morphological analysis of electrocardiograph curves,exclude,I5,manual_access_pool_revisado_usuario
608,Clustering functional data,exclude,I5,sin_oa_confirmado
609,Local wavelet-vaguelette-based functional classification of gene expression data,exclude,I5,sin_oa_confirmado
610,Study of Mexican free-tailed bat chirp syllables: Bayesian functional mixed models for nonstationary acoustic time series,exclude,E1,auto_fetch_pool_revisado_usuario
611,Sampled forms of functional PCA in reproducing kernel hilbert spaces,exclude,E1,manual_access_pool_revisado_usuario
612,A powerful test based on tapering for use in functional data analysis,exclude,E1,manual_access_pool_revisado_usuario
614,Multiresolution Karhunen Loéve analysis of galvanic skin response for psycho-physiological studies,exclude,I5,sin_oa_confirmado
615,Functional factorial K-means analysis,exclude,I5,sin_oa_confirmado
616,Multiclass Functional Discriminant Analysis and Its Application to Gesture Recognition,exclude,I5,sin_oa_confirmado
617,Comparing two mean humidity curves using functional t-tests: Turkey case,exclude,I5,sin_oa_confirmado
618,Unsupervised curve clustering using B-splines,exclude,I5,sin_oa_confirmado
619,Consistent variable selection for functional regression models,exclude,E1,manual_access_pool_revisado_usuario
620,Methodology and theory for partial least squares applied to functional data,exclude,E1,manual_access_pool_revisado_usuario
621,Optimal partitioning for linear mixed effects models: Applications to identifying placebo responders,exclude,E1,auto_fetch_pool_ia_no_reto
622,A flexible approach to Bayesian multiple curve fitting,exclude,E1,auto_fetch_pool_revisado_usuario
623,Bayesian curve classification using wavelets,exclude,I5,sin_oa_confirmado
624,Wavelets,exclude,I5,sin_oa_confirmado
625,Interpretable functional principal component analysis,exclude,I5,sin_oa_confirmado
627,Semivarying coefficient models for capture-recapture data: Colony size estimation for the little penguin Eudyptula minor,exclude,I5,sin_oa_confirmado
628,Spline confidence bands for functional derivatives,exclude,E1,auto_fetch_pool_revisado_usuario
629,Likelihood ratio tests for dependent data with applications to longitudinal and functional data analysis,exclude,E1,auto_fetch_pool_revisado_usuario
630,Description length and dimensionality reduction in functional data analysis,exclude,I5,manual_access_pool_revisado_usuario
631,Maximum profile likelihood estimation of differential equation parameters through model based smoothing state estimates,exclude,I5,sin_oa_confirmado
633,Dimension reduction for multivariate response data,exclude,I5,sin_oa_confirmado
634,A Functional Approach to Deconvolve Dynamic Neuroimaging Data,exclude,E4,manual_access_pool_revisado_usuario
635,"Massively parallel nonparametric regression, with an application to developmental brain mapping",exclude,E4,manual_access_pool_revisado_usuario
636,"Automated analysis of quantitative image data using isomorphic functional mixed models, with application to proteomics data",exclude,E4,manual_access_pool_revisado_usuario
637,Functional data analysis,exclude,I5,sin_oa_confirmado
638,Joint modeling of longitudinal drug using pattern and time to first relapse in cocaine dependence treatment data,exclude,E4,manual_access_pool_revisado_usuario
639,Calibration using constrained smoothing with applications to mass spectrometry data,exclude,I5,sin_oa_confirmado
640,Sparse estimation in functional linear regression,exclude,E1,manual_access_pool_revisado_usuario
641,Load carriage analysis for Malaysian military using functional data analysis technique: Trial experiment,exclude,I5,sin_oa_confirmado
642,Explaining and forecasting online auction prices and their dynamics using functional data analysis,exclude,I5,sin_oa_confirmado
643,Functional principal components analysis via penalized rank one approximation,exclude,E1,manual_access_pool_revisado_usuario
645,Penalized spline approaches for functional logit regression,exclude,E1,manual_access_pool_revisado_usuario
647,Functional clustering by Bayesian wavelet methods,exclude,I5,manual_access_pool_revisado_usuario
648,Functional data analysis with application to periodically stimulated foetal heart rate data. II: Functional logistic regression,exclude,I5,sin_oa_confirmado
649,Chapter 16 Wavelets in parsimonious functional data analysis models,exclude,I5,sin_oa_confirmado
650,Wavelet-based functional mixed models,exclude,I5,manual_access_pool_revisado_usuario
651,Supervised neural gas for classification of functional data and its application to the analysis of clinical proteom spectra,exclude,I5,sin_oa_confirmado
652,Cubic spline data reduction choosing the knots from a third derivative criterion,exclude,I5,sin_oa_confirmado
653,Spatial spline regression models,exclude,I5,manual_access_pool_revisado_usuario
654,Fast covariance estimation for high-dimensional functional data,exclude,E1,segunda_revision_usuario_incluidos
655,Penalized function-on-function regression,exclude,E1,auto_fetch_pool_revisado_usuario
657,Aggregated functional data model for near-infrared spectroscopy calibration and prediction,exclude,E4,auto_fetch_pool_revisado_usuario
658,A Bayesian model for sparse functional data,include,I1,manual_access_pool_revisado_usuario
659,Non-parametric estimation for aggregated functional data for electric load monitoring,exclude,I5,sin_oa_confirmado
660,Regression modeling for computer model validation with functional responses,exclude,I5,sin_oa_confirmado
661,Free knot splines for supervised classification,exclude,I5,sin_oa_confirmado
662,Penalized PCA approaches for B-spline expansions of smooth functional data,exclude,I5,segunda_revision_usuario_incluidos
663,Nonparametric models for non-gaussian longitudinal data,exclude,I5,sin_oa_confirmado
664,Bayesian inference for the hazard term structure with functional predictors using Bayesian predictive information criteria,exclude,I5,sin_oa_confirmado
665,Functional data analysis for clients segmentation tasks,exclude,I5,sin_oa_confirmado
666,Sparse functional relevance learning in generalized learning vector quantization,exclude,I5,sin_oa_confirmado
667,Stochastic functional data analysis: A diffusion model-based approach,include,I1,manual_access_pool_revisado_usuario
668,Smoothing parameter selection for a class of semiparametric linear models,exclude,I5,sin_oa_confirmado
669,Functional Mixed Effects Model for Small Area Estimation,exclude,E1,manual_access_pool_revisado_usuario
671,Sensitivity analysis in functional principal component analysis,exclude,I5,sin_oa_confirmado
672,Wavelet-based scalar-on-function finite mixture regression models,exclude,E4,manual_access_pool_revisado_usuario
673,Reduced rank mixed effects models for spatially correlated hierarchical functional data,exclude,E1,manual_access_pool_revisado_usuario
674,Multivariate Adaptive Splines for Analyzing Longitudinal Data,exclude,I5,sin_oa_confirmado
675,Bayesian clustering of functional data using local features,exclude,E1,manual_access_pool_revisado_usuario
676,Wavelet-Based Clustering for Mixed-Effects Functional Models in High Dimension,exclude,I5,sin_oa_confirmado
677,Bootstrap-based inference on the difference in the means of two correlated functional processes,exclude,E1,manual_access_pool_revisado_usuario
678,Introduction: Examples of Functional Data,exclude,I5,sin_oa_confirmado
679,Learned-loss boosting,exclude,I5,sin_oa_confirmado
680,A Bayesian hierarchical model for classification with selection of functional predictors,exclude,E1,manual_access_pool_revisado_usuario
682,Modeling continuous shape change for facial animation,exclude,E4,manual_access_pool_revisado_usuario
683,Functional data clustering: A survey,exclude,E1,manual_access_pool_revisado_usuario
684,Clustering functional data,exclude,I5,sin_oa_confirmado
685,Functional sparsity: Global versus local,exclude,I5,sin_oa_confirmado
686,Continuously additive models for nonlinear functional regression,exclude,E1,manual_access_pool_revisado_usuario
687,Feature extraction in signal regression: A boosting technique for functional data regression,exclude,I5,manual_access_pool_revisado_usuario
688,Warped functional regression,exclude,E1,auto_fetch_pool_revisado_usuario
689,A geometric approach to maximum likelihood estimation of the functional principal components from sparse longitudinal data,exclude,E1,auto_fetch_pool_revisado_usuario
690,A note on functional linear regression,exclude,E1,auto_fetch_pool_revisado_usuario
691,Independent component models for replicated point processes,exclude,I1,auto_fetch_pool_ia_no_reto
692,Self-consistent estimation of mean response functions and their derivatives,exclude,I5,sin_oa_confirmado
693,On convergence rates equivalency and sampling strategies in functional deconvolution models,exclude,E1,manual_access_pool_revisado_usuario
694,Methods of canonical analysis for functional data,exclude,I5,sin_oa_confirmado
695,Structured penalties for functional linear models-partially empirical eigenvectors for regression,exclude,E1,manual_access_pool_revisado_usuario
696,Simultaneous inference for the mean function based on dense functional data,exclude,E1,auto_fetch_pool_revisado_usuario
697,Bayesian multivariate isotonic regression splines: Applications to carcinogenicity studies,exclude,I5,sin_oa_confirmado
699,Simultaneous confidence bands for derivatives of dependent functional data,exclude,E1,manual_access_pool_revisado_usuario
700,Derivation of a State-Space Model by Functional Data Analysis,exclude,I5,sin_oa_confirmado
701,Functional fuzzy clusterwise regression analysis,exclude,I5,sin_oa_confirmado
702,Functional mixed-effects model for periodic data,exclude,I5,manual_access_pool_revisado_usuario
703,Spatio-temporal functional data analysis for wireless sensor networks data,exclude,E4,auto_fetch_pool_revisado_usuario
704,Functional Methods for Classification of Different Petrographic Varieties by Means of Reflectance Spectra,exclude,I5,sin_oa_confirmado
705,Bayesian Modeling in the Wavelet Domain,exclude,E1,manual_access_pool_revisado_usuario
706,A wavelet-based filtering approach to functional bipartite ranking,exclude,E1,manual_access_pool_revisado_usuario
707,Fast bivariate P-splines: The sandwich smoother,exclude,E1,manual_access_pool_revisado_usuario
708,Generalized multilevel function-on-scalar regression and principal component analysis,exclude,E1,manual_access_pool_revisado_usuario
709,Functional zoning for air quality,exclude,E4,manual_access_pool_revisado_usuario
710,Functional linear models to test for differences in prairie wetland hydraulic gradients,exclude,I5,sin_oa_confirmado
711,Penalized spline models for functional principal component analysis,exclude,E1,manual_access_pool_revisado_usuario
713,Cokriging for spatial functional data,exclude,E1,segunda_revision_usuario_incluidos
714,Functional and longitudinal data analysis: Perspectives on smoothing,exclude,I5,sin_oa_confirmado
715,Functional CAR Models for Large Spatially Correlated Functional Datasets,exclude,E1,manual_access_pool_revisado_usuario
716,Improved estimation of dissimilarities by presmoothing functional data,exclude,I5,sin_oa_confirmado
717,Restricted likelihood ratio tests for linearity in scalar-on-function regression,exclude,E1,auto_fetch_pool_revisado_usuario
718,Functional data-analytic approach to signal discrimination,exclude,I5,sin_oa_confirmado
719,Spline estimators for semi-functional linear model,exclude,I5,sin_oa_confirmado
720,Wavelet modeling of functional random effects with application to human vision data,exclude,I5,sin_oa_confirmado
721,Joint modelling of paired sparse functional data using principal components,exclude,E1,manual_access_pool_revisado_usuario
722,Functional Principal Component Analysis of Spatiotemporal Point Processes With Applications in Disease Surveillance,exclude,E4,manual_access_pool_revisado_usuario
723,Spatial prediction of ozone concentration profiles,exclude,I5,sin_oa_confirmado
724,Recovering gradients from sparsely observed functional data,exclude,E1,manual_access_pool_revisado_usuario
725,Sparse functional principal component analysis via regularized basis expansions and its application,include,I1,auto_fetch_pool_revisado_usuario
726,Support vector regression methods for functional data,exclude,I5,sin_oa_confirmado
727,"Estimating derivatives for samples of sparsely observed functions, with application to online auction dynamics",exclude,I5,sin_oa_confirmado
728,A general framework for functional regression modelling,exclude,I5,sin_oa_confirmado
729,Computational considerations in functional principal component analysis,exclude,E1,manual_access_pool_revisado_usuario
730,Forecasting age-specific breast cancer mortality using functional data models,exclude,I5,manual_access_pool_revisado_usuario
731,Spline estimators for the functional linear model,exclude,I5,sin_oa_confirmado
732,geofd: An R package for function-valued geostatistical prediction,exclude,I5,sin_oa_confirmado
733,A Penalized Spline Approach to Functional Mixed Effects Model Analysis,exclude,I5,sin_oa_confirmado
734,Principal Component Analysis of Two-Dimensional Functional Data,exclude,I5,sin_oa_confirmado
735,Dealing with FDA estimation methods,exclude,I5,sin_oa_confirmado
736,Functional Cluster Analysis via Orthonormalized Gaussian Basis Expansions and Its Application,exclude,I5,sin_oa_confirmado
737,Functional linear mixed models for irregularly or sparsely sampled data,exclude,I5,sin_oa_confirmado
738,Functional data analysis for cash flow and transactions intensity continuous-time prediction using Hilbert-valued autoregressive processes,exclude,I5,sin_oa_confirmado
739,Forecasting time series by functional PCA. Discussion of several weighted approaches,exclude,I5,sin_oa_confirmado
740,P-spline Estimation of Functional Classification Methods for Improving the Quality in the Food Industry,exclude,I5,sin_oa_confirmado
741,Marginal Functional Regression Models for Analyzing the Feeding Behavior of Pigs,exclude,I5,manual_access_pool_revisado_usuario
742,"Robust, adaptive functional regression in functional mixed model framework",exclude,E1,auto_fetch_pool_revisado_usuario
743,Functional principal component regression and functional partial least squares,exclude,I5,sin_oa_confirmado
744,Optimally weighted L2 distance for functional data,exclude,E1,auto_fetch_pool_revisado_usuario
746,Identifying Differentially Expressed Genes for Time-course Microarray Data through Functional Data Analysis,exclude,E4,auto_fetch_pool_revisado_usuario
747,Simultaneous non-parametric regressions of unbalanced longitudinal data,exclude,I5,sin_oa_confirmado
748,Analysis of failure time with microearthquakes applications,exclude,I5,sin_oa_confirmado
749,A functional multiple imputation approach to incomplete longitudinal data,exclude,I5,manual_access_pool_revisado_usuario
750,Dissimilarity representation on functional spectral data for classification,exclude,I5,sin_oa_confirmado
751,Hierarchical models for assessing variability among functions,exclude,I5,sin_oa_confirmado
752,Comparison study of orthonormal representations of functional data in classification,exclude,I5,sin_oa_confirmado
753,Joint Modeling and Clustering Paired Generalized Longitudinal Trajectories With Application to Cocaine Abuse Treatment Data,exclude,I5,manual_access_pool_revisado_usuario
754,Locally Sparse Estimator for Functional Linear Regression Models,exclude,I5,manual_access_pool_revisado_usuario
755,A Bayesian regression model for multivariate functional data,exclude,E1,auto_fetch_pool_revisado_usuario
756,Exploring Spatial and Temporal Variations of Cadmium Concentrations in Pacific Oysters from British Columbia,exclude,I5,sin_oa_confirmado
757,M-type smoothing spline estimators for principal functions,exclude,I5,sin_oa_confirmado
758,Functional principal component analysis via regularized Gaussian basis expansions and its application to unbalanced data,include,I1,auto_fetch_pool_revisado_usuario
759,Functional generalized additive models,exclude,E1,manual_access_pool_revisado_usuario
760,Characterizing the functional MRI response using Tikhonov regularization,exclude,I5,sin_oa_confirmado
761,Ozone pollution forecasting using conditional mean and conditional quantiles with functional covariates,exclude,I5,sin_oa_confirmado
762,Mixed-model functional ANOVA for studying human tactile perception,exclude,I5,sin_oa_confirmado
763,A hierarchical functional data analytic approach for analyzing physiologically based pharmacokinetic models,exclude,E4,manual_access_pool_revisado_usuario
764,Functional regression modeling via regularized Gaussian basis expansions,exclude,I5,sin_oa_confirmado
765,Adaptive Wavelets for Sparse Representations of Scattered Data,exclude,I5,sin_oa_confirmado
766,Peak-load forecasting using a functional semi-parametric approach,exclude,I5,sin_oa_confirmado
767,A proposal for robust curve clustering,exclude,I5,sin_oa_confirmado
768,Functional Additive Mixed Models,exclude,E1,segunda_revision_usuario_incluidos
769,Linear transformations and the k-means clustering algorithm: Applications to clustering curves,include,I1,manual_access_pool_revisado_usuario
770,Using Bagidis in nonparametric functional data analysis: Predicting from curves with sharp local features,exclude,E1,manual_access_pool_revisado_usuario
771,Continuously dynamic additive models for functional data,exclude,E1,manual_access_pool_revisado_usuario
772,A comment on the orthogonalization of B-spline basis functions and their derivatives,exclude,I5,sin_oa_confirmado
773,Functional hierarchical models for identifying genes with different time-course expression profiles,exclude,I5,sin_oa_confirmado
774,Regularized 3D functional regression for brain image data via Haar wavelets,exclude,E4,auto_fetch_pool_revisado_usuario
775,Optimal estimation of the mean function based on discretely sampled functional data: Phase transition,exclude,E1,manual_access_pool_revisado_usuario
776,Functional Wavelet-Based Modelling of Dependence Between Lupus and Stress,exclude,I5,segunda_revision_usuario_incluidos
777,Estimation in generalized linear models for functional data via penalized likelihood,exclude,I5,sin_oa_confirmado
778,Preprocessing of centred logratio transformed density functions using smoothing splines,exclude,E1,auto_fetch_pool_revisado_usuario
779,Functional clustering of varved lake sediment to reconstruct past seasonal climate,exclude,I5,sin_oa_confirmado
780,A marginal approach to reduced-rank penalized spline smoothing with application to multilevel functional data,exclude,E1,auto_fetch_pool_revisado_usuario
781,Functional statistical techniques applied to vine leaf water content determination,exclude,E4,manual_access_pool_revisado_usuario
782,Recent history functional linear models for sparse longitudinal data,exclude,E1,auto_fetch_pool_revisado_usuario
783,Fast function-on-scalar regression with penalized basis expansions,exclude,E1,manual_access_pool_revisado_usuario
784,Detecting and Localizing Differences in Functional Time Series Dynamics: A Case Study in Molecular Biophysics,exclude,E4,manual_access_pool_revisado_usuario
785,Quantile regression with functional principal component in statistical downscaling to predict extreme rainfall,exclude,I5,sin_oa_confirmado
786,Smoothed functional canonical correlation analysis of humidity and temperature data,exclude,I5,manual_access_pool_revisado_usuario
787,Wavelets in functional data analysis: Estimation of multidimensional curves and their derivatives,exclude,I5,sin_oa_confirmado
788,Analysing the results of a designed experiment when the response is a curve: Methodology and application in metal injection moulding,exclude,I5,sin_oa_confirmado
789,Structured functional additive regression in reproducing kernel Hilbert spaces,exclude,E1,manual_access_pool_revisado_usuario
790,Functional principal component analysis for longitudinal and survival data,exclude,I5,sin_oa_confirmado
791,Nonparametric Regression Analysis of Longitudinal Data,exclude,I5,sin_oa_confirmado
793,Dynamic retrospective regression for functional data,exclude,E1,auto_fetch_pool_revisado_usuario
794,Model-based clustering of time series in group-specific functional subspaces,exclude,E5,manual_access_pool_revisado_usuario
795,Feature extraction and quantification for mass spectrometry in biomedical applications using the mean spectrum,exclude,E4,manual_access_pool_revisado_usuario
796,A novel semi-distance for measuring dissimilarities of curves with sharp local patterns,exclude,I5,sin_oa_confirmado
797,Functional data analysis of generalized regression quantiles,exclude,I5,sin_oa_confirmado
798,Series expansion for functional sufficient dimension reduction,exclude,E1,segunda_revision_usuario_incluidos
799,Functional Multiple-Set Canonical Correlation Analysis,exclude,I5,sin_oa_confirmado
800,Functional deconvolution in a periodic setting: Uniform case,exclude,E1,manual_access_pool_revisado_usuario
801,Gaussian process functional regression modeling for batch data,exclude,I5,manual_access_pool_revisado_usuario
802,Functional PCA and Base-Line Logit Models,exclude,E1,manual_access_pool_revisado_usuario
803,Functional Data Analysis,exclude,I5,sin_oa_confirmado
804,Localized Functional Principal Component Analysis,include,I1,manual_access_pool_revisado_usuario
805,Random forests for functional covariates,exclude,I5,sin_oa_confirmado
806,Nonparametric functional concurrent regression models,exclude,I5,sin_oa_confirmado
807,Penalized scalar-on-functions regression with interaction term,exclude,I5,sin_oa_confirmado
808,Data reduction for multiple functional data with class information,exclude,I5,sin_oa_confirmado
809,Test of significance when data are curves,exclude,I5,manual_access_pool_revisado_usuario
810,Modeling regional impacts of climate teleconnections using functional data analysis,exclude,I5,sin_oa_confirmado
811,Estimation and inference in functional mixed-effects models,exclude,I5,sin_oa_confirmado
812,Using wavelet-based functional mixed models to characterize population heterogeneity in accelerometer profiles: A case study,exclude,E4,manual_access_pool_revisado_usuario
813,3D face recognition by functional data analysis,exclude,E4,auto_fetch_pool_revisado_usuario
814,A transformation approach for incorporating monotone or unimodal constraints,exclude,I5,manual_access_pool_revisado_usuario
815,Estimating and depicting the structure of a distribution of random functions,exclude,I5,sin_oa_confirmado
816,Application of data reduction technique in agriculture: A functional approach,exclude,I5,sin_oa_confirmado
817,Wavelet-based SPC procedure for complicated functional data,exclude,I5,sin_oa_confirmado
818,Exploring between site differences in water quality trends: A functional data analysis approach,exclude,I5,sin_oa_confirmado
819,Functional variance estimation using penalized splines with principal component analysis,exclude,I5,sin_oa_confirmado
820,Quasi-interpolation for linear functional data,exclude,E1,manual_access_pool_revisado_usuario
821,Hierarchical functional data with mixed continuous and binary measurements,exclude,I5,sin_oa_confirmado
822,Functional generalized linear models with images as predictors,exclude,I5,sin_oa_confirmado
823,The functional data analysis view of longitudinal data,exclude,I5,sin_oa_confirmado
824,Varying-coefficient additive models for functional data,exclude,I5,sin_oa_confirmado
825,Semiparametric mixed models for nested repeated measures applied to ambulatory blood pressure monitoring data,exclude,E4,auto_fetch_pool_revisado_usuario
826,Nonparametric mixed effects models for unequally sampled noisy curves,exclude,I5,sin_oa_confirmado
827,Convolutional autoregressive models for functional time series,exclude,E1,manual_access_pool_revisado_usuario
828,Methods to assess an exercise intervention trial based on 3-level functional data,exclude,E4,manual_access_pool_revisado_usuario
829,Using control charts to monitor process and product quality profiles,exclude,I5,sin_oa_confirmado
830,Posterior simulation across nonparametric models for functional clustering,exclude,I5,sin_oa_confirmado
831,Discussion of the paper “analysis of spatio-temporal mobile phone data: a case study in the metropolitan area of Milan”,exclude,I5,sin_oa_confirmado
832,Predicting the continuation of a function with applications to call center data,exclude,I5,sin_oa_confirmado
833,Analysis of air quality monitoring networks by functional clustering,exclude,I5,sin_oa_confirmado
835,"Efficient estimation of three-dimensional curves and their derivatives by free-knot regression splines, applied to the analysis of inner carotid artery centrelines",exclude,E4,manual_access_pool_revisado_usuario
836,Clustering of time-course gene expression data using functional data analysis,exclude,E4,manual_access_pool_revisado_usuario
837,A mixed model for investigating a population of asymptotic growth curves using restricted B-splines,exclude,I5,sin_oa_confirmado
838,Model selection using modified AIC and BIC in joint modeling of paired functional data,exclude,I5,sin_oa_confirmado
839,Functional Extended Redundancy Analysis,exclude,I5,sin_oa_confirmado
840,Nonparametric method for estimating the distribution of time to failure of engineering materials,exclude,I5,sin_oa_confirmado
841,A simultaneous confidence band for sparse longitudinal regression,exclude,E1,manual_access_pool_revisado_usuario
842,Maximal autocorrelation factors for function-valued spatial/temporal data,exclude,I5,sin_oa_confirmado
843,Local linear regression for functional predictor and scalar response,exclude,E1,manual_access_pool_revisado_usuario
844,Multichannel deconvolution with long-range dependence: A minimax study,exclude,E1,auto_fetch_pool_revisado_usuario
845,Enhancing multiscale fractal descriptors using functional data analysis,exclude,I5,sin_oa_confirmado
846,Nonparametric estimation for functional data by wavelet thresholding,exclude,I5,sin_oa_confirmado
847,Bayesian generalized monotonic functional mixed models for the effects of radiation dose histograms on normal tissue complications,exclude,I5,manual_access_pool_revisado_usuario
848,Semiparametric regression during 2003–2007*,exclude,E1,manual_access_pool_revisado_usuario
849,Hypothesis testing in functional linear regression models with Neyman's truncation and wavelet thresholding for longitudinal data,exclude,I5,sin_oa_confirmado
850,Bayesian function-on-function regression for multilevel functional data,exclude,E1,manual_access_pool_revisado_usuario
851,Generalized monotonic functional mixed models with application to modelling normal tissue complications,exclude,I5,manual_access_pool_revisado_usuario
852,Common functional implied volatility analysis,exclude,I1,auto_fetch_pool_revisado_usuario
853,Generalized Functional Extended Redundancy Analysis,exclude,I5,sin_oa_confirmado
854,Wavelet-based functional linear mixed models: An application to measurement error-corrected distributed lag models,exclude,E1,manual_access_pool_revisado_usuario
855,Nonparametric estimation of smoothed principal components analysis of sampled noisy functions,exclude,I5,sin_oa_confirmado
856,Penalized functional regression,exclude,E1,manual_access_pool_revisado_usuario
857,A Bayesian latent variable approach to functional principal components analysis with binary and count data,exclude,I5,sin_oa_confirmado
858,Estimation for semi-functional linear regression,exclude,I5,sin_oa_confirmado
859,Parameter cascades and profiling in functional data analysis,exclude,I5,sin_oa_confirmado
860,New insights on permutation approach for hypothesis testing on functional data,exclude,I5,sin_oa_confirmado
861,Corrected Confidence Bands for Functional Data Using Principal Components,exclude,E1,auto_fetch_pool_revisado_usuario
862,Functional linear regression after spline transformation,exclude,I5,sin_oa_confirmado
863,Functional data analysis of the dynamics of gene regulatory networks,exclude,I5,sin_oa_confirmado
864,Dynamic functional data analysis with non-parametric state space models,exclude,I5,sin_oa_confirmado
865,Multinomial functional regression with wavelets and LASSO penalization,exclude,I5,sin_oa_confirmado
866,The analysis of two-way functional data using two-way regularized singular value decompositions,exclude,E1,auto_fetch_pool_revisado_usuario
867,Functional data analysis and characterisation of temperature and rainfall patterns in Peninsular Malaysia,exclude,E4,auto_fetch_pool_revisado_usuario
868,Functional maximum-likelihood estimation of ARH(p) models,exclude,E1,auto_fetch_pool_revisado_usuario
869,A family of growth models for representing the price process in online auctions,exclude,I5,sin_oa_confirmado
870,Assessing time-dependent association between scalp EEG and muscle activation: A functional random-effects model approach,exclude,E4,auto_fetch_pool_revisado_usuario
871,"Selection of shape-preserving, discriminative bands using supervised functional principal component analysis",exclude,I5,sin_oa_confirmado
872,Spline and Wavelet Smoothing Techniques for Functional Data,include,I1,manual_access_pool_revisado_usuario
873,Some pitfalls in application of functional data analysis approach to association studies,exclude,E4,auto_fetch_pool_revisado_usuario
874,Function-on-function regression with mode-sparsity regularization,exclude,E1,manual_access_pool_revisado_usuario
875,IGS: An IsoGeometric approach for smoothing on surfaces,exclude,E1,auto_fetch_pool_revisado_usuario
876,Consistency of functional learning methods based on derivatives,exclude,E1,auto_fetch_pool_revisado_usuario
877,Functional Soft Sensor Based on Spectra Data for Predicting Multiple Quality Variables,exclude,E4,auto_fetch_pool_revisado_usuario
879,Analysis of the functional regression problem of temperature on Ozone concentration,exclude,E4,auto_fetch_pool_revisado_usuario
881,A flexible regression model for diameter prediction,exclude,I5,sin_oa_confirmado
882,Algebraic phase unwrapping over collection of triangles based on two-dimensional spline smoothing,exclude,I5,sin_oa_confirmado
883,Smoothness in principal component analysis: A survey,exclude,I5,sin_oa_confirmado
884,Cubic spline for the functional treatment of the global solar radiation,exclude,E6,auto_fetch_pool_revisado_usuario
885,First-passage-based boundary estimation in functional data,exclude,E1,auto_fetch_pool_revisado_usuario
886,A quadriparametric model to describe the diversity of waves applied to hormonal data,exclude,I1,manual_access_pool_revisado_usuario
887,Runoff potentiality of a watershed through SCS and functional data analysis technique,exclude,E4,manual_access_pool_revisado_usuario
888,Past and projected trends of body mass index and weight status in South Australia: 2003 to 2019,exclude,E4,manual_access_pool_revisado_usuario
889,Bayesian functional regression as an alternative statistical analysis of high-throughput phenotyping data of modern agriculture,exclude,E4,auto_fetch_pool_revisado_usuario
890,Smoothing wind and rainfall data through functional data analysis technique,exclude,E4,auto_fetch_pool_revisado_usuario
891,Prediction of functional data with spatial dependence: a penalized approach,exclude,E1,manual_access_pool_revisado_usuario
892,Modelling Resistive Random Access Memories by Means of Functional Principal Component Analysis,exclude,I5,sin_oa_confirmado
893,The effect of vaccine on COVID-19 spread by function-on-scalar regression model: a case study of Africa,exclude,E4,auto_fetch_pool_revisado_usuario
894,Use of Functional Data to Model the Trajectory of an Inertial Measurement Unit and Classify Levels of Motor Impairment for Stroke Patients,exclude,E4,auto_fetch_pool_revisado_usuario
895,Functional regression with mode-sparsity constraint,exclude,I5,sin_oa_confirmado
897,Functional clustering of random curves,exclude,I5,sin_oa_confirmado
899,A comparison of seed germination coefficients using functional regression,exclude,E4,manual_access_pool_revisado_usuario
900,Functional principal component analysis for identifying the child growth pattern using longitudinal birth cohort data,exclude,E4,auto_fetch_pool_revisado_usuario
901,Applications of functional data analysis: A systematic review,include,I1,auto_fetch_pool_revisado_usuario
902,Ridge regression with adaptive additive rectangles and other piecewise functional templates,exclude,I5,manual_access_pool_revisado_usuario
903,A vertical-energy-thresholding procedure for data reduction with multiple complex curves,exclude,I5,sin_oa_confirmado
904,Statistical analysis on mean rainfall and mean temperature via functional data analysis technique,exclude,I5,sin_oa_confirmado
905,Signal classification using random forest with kernels,exclude,I5,sin_oa_confirmado
906,Classification of EEG signals: An interpretable approach using functional data analysis,exclude,I5,sin_oa_confirmado
907,Traffic Flow Prediction by an Ensemble Framework with Data Denoising and Functional Principal Components Analysis,exclude,I5,sin_oa_confirmado
908,"""Rolled-upness"": Phenotyping leaf rolling in cereals using computer vision and functional data analysis approaches",exclude,E4,auto_fetch_pool_revisado_usuario
909,Research on Sensor Motion State Recognition Model Based on Functional Kernel Logistic Ensemble Regression,exclude,I5,sin_oa_confirmado
910,Trends in stratospheric ozone profiles using functional mixed models,exclude,E4,auto_fetch_pool_revisado_usuario
911,Functional Availability Modelling of CNC Machine Tools,exclude,I1,auto_fetch_pool_ia_no_reto
912,Statistical process control procedures for functional data with systematic local variations,exclude,I5,sin_oa_confirmado
913,Bayesian wavelet-based analysis of functional magnetic resonance time series,exclude,I5,sin_oa_confirmado
915,Functional Mixed-Effects Modeling of Longitudinal Duchenne Muscular Dystrophy Electrical Impedance Myography Data Using State-Space Approach,exclude,E1,manual_access_pool_revisado_usuario
916,Ensemble robust SIMPLS with block-penalized smoothing for scalar-on-function regression,exclude,I5,sin_oa_confirmado
917,Derivation of machine learning brain aging biomarkers for a set of forty thousand functional connectomes,exclude,E4,manual_access_pool_revisado_usuario
918,Contrasting pre-vaccine COVID-19 waves in Italy through functional data analysis,exclude,E4,auto_fetch_pool_revisado_usuario
920,Nasal coarticulation in Bininj Kunwok: An aerodynamic analysis,exclude,I5,auto_fetch_pool_revisado_usuario
921,Functional clustering for Italian climate zones identification,exclude,I5,sin_oa_confirmado
922,Spatial and temporal variabilities of rainfall data using functional data analysis,exclude,I5,sin_oa_confirmado
923,Spatial prediction of soil penetration resistance using functional geostatistics,exclude,E6,auto_fetch_pool_revisado_usuario
924,Mixed modeling for irregularly sampled and correlated functional data: Speech science applications,exclude,E1,manual_access_pool_revisado_usuario
925,Penalized Partial Least Squares with applications to B-spline transformations and functional data,exclude,E1,auto_fetch_pool_revisado_usuario
926,Simulation analysis of functional data clustering method under constraints,exclude,I5,sin_oa_confirmado
927,Prediction of Soluble Solid Contents in Apples Using Vis-NIRS and Functional Linear Regression Model,exclude,I5,sin_oa_confirmado
928,Functional principal component analysis for global sensitivity analysis of model with spatial output,exclude,I5,manual_access_pool_revisado_usuario
929,Unveiling air pollution patterns in Yemen: a spatial–temporal functional data analysis,exclude,I5,auto_fetch_pool_revisado_usuario
930,Changes in power curve shapes as an indicator of fatigue during dynamic contractions,exclude,I5,sin_oa_confirmado
932,Circadian intraocular pressure fluctuation and disease progression in primary angle closure glaucoma,exclude,E4,manual_access_pool_revisado_usuario
933,Functional kernel-based modeling of wavelet compressed optical emission spectral Data: Prediction of plasma etch process,exclude,I5,sin_oa_confirmado
934,Machine learning based on functional principal component analysis to quantify the effects of the main drivers of wheat yields,exclude,E4,manual_access_pool_revisado_usuario
935,Functional data analysis of sleeping energy expenditure,exclude,E4,auto_fetch_pool_revisado_usuario
936,Penalized versions of functional PLS regression,exclude,I5,manual_access_pool_revisado_usuario
937,Functional relevance learning in generalized learning vector quantization,exclude,I5,manual_access_pool_revisado_usuario
938,Smoothing and differentiation of kinematic data using functional data analysis approach: An application of automatic and subjective methods,include,I1,manual_access_pool_revisado_usuario
939,Moment and Bayesian wavelet regression from spatially correlated functional data,exclude,I5,sin_oa_confirmado
940,Functional data analysis for the development of a calibration model for near-infrared data,exclude,I5,sin_oa_confirmado
941,Prognostics of Lithium ion battery using functional principal component analysis,exclude,I5,sin_oa_confirmado
942,Beyond Static Assessment: A Proof-of-Concept Evaluation of Functional Data Analysis for Assessing Physiological Responses to High-Intensity Effort,exclude,E4,manual_access_pool_revisado_usuario
943,Functional data analysis: A review of smoothing techniques,exclude,I5,sin_oa_confirmado
944,Bayesian functional data clustering for temporal microarray data,exclude,I1,manual_access_pool_revisado_usuario
945,"Growth curves of wild Mallard, based on functional analysis of capture–recapture data",exclude,E4,manual_access_pool_revisado_usuario
946,Signal and image alignment during the application of functional data analysis. Practical examples of chemometrics and biometrics,exclude,I5,sin_oa_confirmado
947,Generalized linear regression model based on functional data analysis,exclude,I5,sin_oa_confirmado
948,Uncovering regional climate patterns in Turkey using multivariate functional data analysis,exclude,E4,auto_fetch_pool_revisado_usuario
949,Sex Differences in the ECG Interpretation: A Functional Data Analysis Perspective,exclude,I5,manual_access_pool_revisado_usuario
950,Linking demography with drivers: Climate and competition,exclude,E4,manual_access_pool_revisado_usuario
951,Ordinal regression for preference learning in wearables using sensor data,exclude,I5,sin_oa_confirmado
952,SEDLA: Feature-incremental learning with deep neural networks for functional regression,exclude,I5,sin_oa_confirmado
953,Data preparation for functional data analysis of PM10 in Peninsular Malaysia,exclude,I5,sin_oa_confirmado
954,Filling missing data and smoothing altered data in satellite imagery with a spatial functional procedure,exclude,I5,manual_access_pool_revisado_usuario
955,Classification of ADNI PET images via regularized 3D functional data analysis,exclude,E4,manual_access_pool_revisado_usuario
956,Long-term changes in the zooplankton community of Lake Maggiore in response to multiple stressors: A functional principal components analysis,exclude,E4,manual_access_pool_revisado_usuario
957,Modeling computer experiments with functional response,exclude,I5,sin_oa_confirmado
958,Utilizing BIC for the intelligent selection of functional data with principal components,include,I1,auto_fetch_pool_revisado_usuario
959,Exploring functional data analysis and wavelet principal component analysis on ecstasy (MDMA) wastewater data,include,I1,auto_fetch_pool_revisado_usuario
961,Functional data analysis of weather variables linked to Fusarium head blight epidemics in the United States,exclude,E4,manual_access_pool_revisado_usuario
962,An improved representation of regional boundaries on parcellated morphological surfaces,exclude,E4,manual_access_pool_revisado_usuario
963,Trajectories of mHealth-Tracked Mental Health and Their Predictors in Female Chronic Pelvic Pain Disorders,exclude,E4,auto_fetch_pool_revisado_usuario
964,High resolution temperature forecasting using functional time series decomposition and advanced predictive models,exclude,E4,auto_fetch_pool_revisado_usuario
965,Determining optimum wavelengths for leaf water content estimation from reflectance: A distance correlation approach,exclude,I5,manual_access_pool_revisado_usuario
966,A multi-country comparison of stochastic models of breast cancer mortality with P-splines smoothing approach,exclude,E4,auto_fetch_pool_revisado_usuario
967,Smoothing spline analysis of variance models: A new tool for the analysis of cyclic biomechanical data,exclude,E4,manual_access_pool_revisado_usuario
968,Forecasting age-related changes in breast cancer mortality among white and black US women: A functional data approach,exclude,I5,sin_oa_confirmado
969,Robust prediction of three-dimensional spinal curve from back surface for non-invasive follow-up of scoliosis,exclude,I5,sin_oa_confirmado
970,Penalized functional regression using R package PFLR,exclude,E1,auto_fetch_pool_revisado_usuario
971,Study on the Influence of Air Pressure and Temperature on PM2.5 by Multivariate Functional Linear Regression Model,exclude,E4,manual_access_pool_revisado_usuario
972,Adaptive LASSO estimation for functional hidden dynamic geostatistical models,exclude,E1,auto_fetch_pool_revisado_usuario
973,Injury Severity Prediction using Functional Data Analysis based on Select Vehicle Category from NASS-CDS,exclude,I5,sin_oa_confirmado
974,Variable selection in regression models including functional data predictors,exclude,I5,sin_oa_confirmado
975,Meta-learning-based continuous state-space models for rapid monitoring using heterogeneous grade sources with uneven sampling,exclude,I5,sin_oa_confirmado
976,Supervised functional state-space modeling for monitoring multigrade batch processes with irregular data using meta-learning,exclude,I5,sin_oa_confirmado
977,2D MRI intermodal hybrid brain image fusion using stationary wavelet transform,exclude,I5,sin_oa_confirmado
978,Time normalization of voice signals using functional data analysis,exclude,I5,sin_oa_confirmado
979,A prediction interval for a function-valued forecast model: Application to load forecasting,exclude,E1,auto_fetch_pool_revisado_usuario
980,Modelling short time series in metabolomics: A functional data analysis approach,exclude,I5,sin_oa_confirmado
982,Quantile-based Clustering for Functional Data via Modelling Functional Principal Components Scores,exclude,E1,auto_fetch_pool_revisado_usuario
983,The profiled parameter estimation method for dynamic systems applied to the calibration of dynamic crop growth models,exclude,I5,sin_oa_confirmado
986,A comparison of clustering approaches for the study of the temporal coherence of multiple time series,exclude,E1,auto_fetch_pool_revisado_usuario
987,Estimation of Sq variation by means of multiresolution and principal component analyses,exclude,I5,sin_oa_confirmado
988,Criteria and methods of selection of bases and their impact in functional data analysis. Some examples in biometric,exclude,I5,sin_oa_confirmado
989,A Reinforcement Learning Method Using Multifunctional Principal Component Analysis for Human-Like Grasping,exclude,I5,sin_oa_confirmado
990,Distance of mean embedding for testing independence of functional data,exclude,I5,sin_oa_confirmado
992,Functional regression: A new model for predicting market penetration of new products,exclude,I5,sin_oa_confirmado
993,Supervised Functional Data Discriminant Analysis for Hyperspectral Image Classification,exclude,I5,sin_oa_confirmado
995,Functional data geometric morphometrics with machine learning for craniodental shape classification in shrews,exclude,E4,auto_fetch_pool_revisado_usuario
996,Comparison of functional and discrete data analysis regimes for Raman spectra,exclude,E4,auto_fetch_pool_revisado_usuario
998,Quantifying subpopulation differences for a lack of invariance using complex examinee profiles: An exploratory multigroup approach using functional data analysis,exclude,I5,sin_oa_confirmado
1000,Functional data analysis for gait curves study in Parkinson's disease,exclude,I5,sin_oa_confirmado
1002,FPCA-RBF-ELM-Based Gearbox Fault Detection Method,exclude,I5,sin_oa_confirmado
1004,Functional extreme rainfall data in Petaling Jaya,exclude,I5,manual_access_pool_revisado_usuario
1006,Green electrochemical approach for simultaneous quantification of Dapoxetine hydrochloride and Tadalafil integrating design of experiments and functional principal component analysis,exclude,I5,sin_oa_confirmado
1009,Forecasts of COPD mortality in Australia: 2006-2025,exclude,E4,auto_fetch_pool_ia_no_reto
1011,Feature extraction of auto insurance size of loss data using functional principal component analysis,exclude,I5,sin_oa_confirmado
1012,Parametric and Semiparametric Approaches to Analyzing Device-Based Measures of Energy Expenditure in Zucker Diabetic Fatty Rats,exclude,E4,auto_fetch_pool_revisado_usuario
1014,Reorientation to vertical modulated by combined support surface tilt and virtual visual flow in healthy elders and adults with stroke,exclude,I5,sin_oa_confirmado
1018,Association of cardiovascular events and lipoprotein particle size: Development of a risk score base,exclude,E4,auto_fetch_pool_ia_no_reto
1020,Some Paradoxical Perspectives on Approaches and Structures in Functional Data Analysis,exclude,E1,auto_fetch_pool_revisado_usuario
1022,Multilayer Perceptron for Sparse Functional Data,exclude,I5,sin_oa_confirmado
1024,Mixture model-based functional discriminant analysis for curve classification,exclude,E1,auto_fetch_pool_revisado_usuario
1025,A function-on-function linear regression approach for short-term electric load forecasting,exclude,I5,sin_oa_confirmado
1026,Classifying infinite-dimensional data with unified basis functions: An effective machine learning approach,exclude,E1,manual_access_pool_revisado_usuario
1027,Multi-source heterogeneous time series data processing and chatter prediction based on the method of FDA-LSTM in cold rolling processes,exclude,I5,sin_oa_confirmado
1028,Functional data clustering using K-means and random projection with applications to climatological data,exclude,I5,sin_oa_confirmado
1029,Wavelet and K-L seperability based feature extraction method for functional data classification,exclude,I5,sin_oa_confirmado
1032,Multi-task function-on-function regression with co-grouping structured sparsity,exclude,I5,sin_oa_confirmado
1033,Comparing rainfall patterns between regions in Peninsular Malaysia via a functional data analysis technique,exclude,I5,sin_oa_confirmado
1039,Extracting MRS discriminant functional features of brain tumors,exclude,I5,manual_access_pool_revisado_usuario
1040,Music Genre Classification Based on Functional Data Analysis,exclude,E4,manual_access_pool_revisado_usuario
1041,Using basis expansions for estimating functional PLS regression. Applications with chemometric data.,exclude,I5,manual_access_pool_revisado_usuario
1042,Characterization and clustering of intra-day physical activity patterns using accelerometry among se,exclude,E4,auto_fetch_pool_ia_no_reto
1044,Region-based association test for familial data under functional linear models,include,I1,auto_fetch_pool_revisado_usuario
1047,"Exploratory analysis on the performance of K-means, Kmeans.fd and K-median in clustering contaminated PM10 functional data",exclude,I5,sin_oa_confirmado
1049,Model-based functional mixture discriminant analysis with hidden process regression for curve classification,exclude,E1,auto_fetch_pool_revisado_usuario
1050,Statistical evaluation of waveform collapse reveals scale-free properties of neuronal avalanches,exclude,E4,auto_fetch_pool_revisado_usuario
1051,A Novel Divide and Merge Approach for Improved Classification of Functional Data,exclude,I5,sin_oa_confirmado
1052,Nonlinear Fault Detection of Batch Processes Using Functional Local Kernel Principal Component Analysis,exclude,E4,auto_fetch_pool_revisado_usuario
1053,Adaptive basis functions for prototype-based classification of functional data,exclude,E1,auto_fetch_pool_revisado_usuario
1055,Machine Learning-Based Approach to Nonlinear Functional Data Analysis for Photovoltaic Power Forecasting,exclude,I5,sin_oa_confirmado
1059,A Fast Weighted Fuzzy C-Medoids Clustering for Time Series Data Based on P-Splines,exclude,E1,manual_access_pool_revisado_usuario
1062,2D Time-varying functional modeling framework for multi-scale solar irradiance forecasting,exclude,E4,manual_access_pool_revisado_usuario
1063,"Air Quality Research Based on B-Spline Functional Linear Model: A Case Study of Fujian Province, China",exclude,E4,manual_access_pool_revisado_usuario
1066,Performance comparison of initialization representations for functional data analysis based hyperspectral image classification,exclude,I5,sin_oa_confirmado
1069,Global-local based wavelet functional principal component analysis for fault detection and diagnosis in batch processes,exclude,I5,sin_oa_confirmado
1070,A functional data method for causal dynamic network modeling of task-related fMRI,exclude,E4,auto_fetch_pool_ia_no_reto
1071,Prediction of working memory ability based on EEG by functional data analysis,exclude,E4,manual_access_pool_revisado_usuario
1072,Wavelet analysis of MR functional data from the cerebellum,exclude,I1,manual_access_pool_revisado_usuario
1073,Representation of functional data in neural networks,exclude,E1,auto_fetch_pool_revisado_usuario
1074,Machine-Learning-Based Functional Time Series Forecasting: Application to Age-Specific Mortality Rates,exclude,E4,manual_access_pool_revisado_usuario
1076,M-estimation of the regression function under random left truncation and functional time series model,exclude,I5,sin_oa_confirmado
1077,Dynamic principal component regression for forecasting functional time series in a group structure,exclude,E1,auto_fetch_pool_revisado_usuario
1078,Kernel-Based Independence Tests for Causal Structure Learning on Functional Data,exclude,E1,manual_access_pool_revisado_usuario
1081,Functional Data Approach for Short-Term Electricity Demand Forecasting,include,I1,manual_access_pool_revisado_usuario
1082,Uniform in number of neighbors consistency and weak convergence of kNN empirical conditional processes and kNN conditional U-processes involving functional mixing data,exclude,E1,auto_fetch_pool_revisado_usuario
1083,Identifying and responding to outlier demand in revenue management,exclude,E1,manual_access_pool_revisado_usuario
1084,Random-Splitting Random Forest with Multiple Mixed-Data Covariates,exclude,E4,manual_access_pool_revisado_usuario
1085,funBIalign: a hierachical algorithm for functional motif discovery based on mean squared residue scores,exclude,E1,auto_fetch_pool_revisado_usuario
1086,Functional Panel Quantile Regression Models with Group Structured Fixed Effect Functions,exclude,I5,sin_oa_confirmado
1087,Scalar-on-Function Relative Error Regression for Weak Dependent Case,exclude,E1,manual_access_pool_revisado_usuario
1088,Detection of a structural break in intraday volatility pattern,exclude,E1,segunda_revision_usuario_incluidos
1089,On optimal regression trees to detect critical intervals for multivariate functional data,exclude,E4,manual_access_pool_revisado_usuario
1090,Nonparametric depth and quantile regression for functional data,exclude,E1,manual_access_pool_revisado_usuario
1091,ANALYZING THE IMPACT OF BREXIT ON GLOBAL UNCERTAINTY USING FUNCTIONAL LINEAR REGRESSION WITH POINT OF IMPACT: THE ROLE OF CURRENCY AND EQUITY MARKETS,exclude,E4,auto_fetch_pool_revisado_usuario
1092,A general white noise test based on kernel lag-window estimates of the spectral density operator,exclude,E1,auto_fetch_pool_revisado_usuario
1093,Change-points and functional features of intraday volatility in China stock market,exclude,I5,sin_oa_confirmado
1094,An application of functional data analysis to local damage detection,exclude,E1,auto_fetch_pool_revisado_usuario
1095,Using extracted forward rate term structure information to forecast foreign exchange rates,exclude,E1,auto_fetch_pool_revisado_usuario
1096,Not all long-memory estimators are born equal: The case of nonstationary functional time series,exclude,I5,sin_oa_confirmado
1097,Forecasting functional time series using weighted likelihood methodology,exclude,E1,auto_fetch_pool_revisado_usuario
1099,Adaptive smoothing to identify spatial structure in global lake ecological processes using satellite remote sensing data,exclude,E4,auto_fetch_pool_revisado_usuario
1101,Testing Normality of Functional Time Series,exclude,I5,sin_oa_confirmado
1102,Monitoring panels of sparse functional data,include,I1,manual_access_pool_revisado_usuario
1103,Generalized regression estimation for continuous time processes with values in functional spaces,exclude,E1,auto_fetch_pool_revisado_usuario
1104,"Bayesian nonparametric functional mixture estimation for time-series data, with application to estimation of state employment totals",exclude,E4,auto_fetch_pool_revisado_usuario
1106,Risk Analysis of Cumulative Intraday Return Curves,exclude,I5,sin_oa_confirmado
1107,Multivariate functional data clustering using adaptive density peak detection,exclude,E1,manual_access_pool_revisado_usuario
1108,A Comparison of Hurst Exponent Estimators in Long-range Dependent Curve Time Series,exclude,E1,auto_fetch_pool_revisado_usuario
1110,Hybrid Forecasting for Functional Time Series of Dissolved Oxygen Profiles,exclude,E4,manual_access_pool_revisado_usuario
1111,Modeling Temporal Variation in Physical Activity Using Functional Principal Components Analysis,exclude,E4,auto_fetch_pool_revisado_usuario
1113,Functional Clustering of Discount Functions for Behavioural Investor Profiling,exclude,E4,auto_fetch_pool_revisado_usuario
1115,Functional time series approach to analyzing asset returns co-movements,exclude,E1,auto_fetch_pool_revisado_usuario
1116,Analysis of electric vehicle charging behavior patterns with function principal component analysis approach,exclude,E4,manual_access_pool_revisado_usuario
1117,Applying Classification Methods for Multivariate Functional Data,exclude,I5,sin_oa_confirmado
1118,A Study of the Colombian Stock Market with Multivariate Functional Data Analysis (FDA),include,E1,manual_access_pool_revisado_usuario
1120,Tempered functional time series,exclude,E4,manual_access_pool_revisado_usuario
1121,Shape analysis of functional data,exclude,I5,sin_oa_confirmado
1122,MULTIPLE CHANGE POINT DETECTION IN FUNCTIONAL DATA WITH APPLICATIONS TO BIOMECHANICAL FATIGUE DATA,exclude,E4,auto_fetch_pool_revisado_usuario
1125,A Kendall correlation coefficient between functional data,exclude,I5,sin_oa_confirmado
1126,Optimal dimension reduction for high-dimensional and functional time series,exclude,E1,auto_fetch_pool_revisado_usuario
1127,A journey from univariate to multivariate functional time series: A comprehensive review,exclude,I5,sin_oa_confirmado
1128,Research on Population Mortality Based on Generalized Partially Function Linear Model with Interaction Term,exclude,I5,sin_oa_confirmado
1129,Alternative models to functional-ARCH using deep-PCA for high frequency volatility,exclude,I5,sin_oa_confirmado
1130,Parameter regimes in partial functional panel regression,exclude,E1,auto_fetch_pool_revisado_usuario
1131,The functional distance-based approach: An application on long-term Metropolitan Development,exclude,E4,manual_access_pool_revisado_usuario
1132,Functional principal component analysis for derivatives of multivariate curves,exclude,E1,auto_fetch_pool_revisado_usuario
1133,Depth-weighted functional ridge regression for forward realized-volatility curves,exclude,I5,sin_oa_confirmado
1134,EXPLORING SPATIOTEMPORAL VARIATION IN COVID-19 WAVES: NON-EUCLIDEAN SPATIALLY AWARE FUNCTIONAL REGISTRATION,exclude,E4,manual_access_pool_revisado_usuario
1135,A Functional Principal Component Analysis Framework for Vibration-Based Structural Condition Assessment of Highway Bridge Spans,exclude,E4,manual_access_pool_revisado_usuario
1137,Spatio-Temporal Dynamics of European Innovation—An Exploratory Approach via Multivariate Functional Data Cluster Analysis,exclude,E4,manual_access_pool_revisado_usuario
1138,Monitoring of functional time series,exclude,I5,sin_oa_confirmado
1140,Factor-guided estimation of large covariance matrix function with conditional functional sparsity,exclude,I5,sin_oa_confirmado
1141,Developing a functional index to dynamically examine the spatio-temporal disparities of China's inclusive green growth,exclude,E4,manual_access_pool_revisado_usuario
1142,Functional data analysis: An application to COVID-19 data in the United States in 2020,exclude,E4,manual_access_pool_revisado_usuario
1143,Functional mixtures-of-experts,exclude,E1,auto_fetch_pool_revisado_usuario
1144,Sparsely observed functional time series: Estimation and prediction,exclude,E1,manual_access_pool_revisado_usuario
1145,Functional data analysis using deep neural networks,exclude,I5,sin_oa_confirmado
1147,A STATISTICAL FRAMEWORK FOR ANALYZING SHAPE IN A TIME SERIES OF RANDOM GEOMETRIC OBJECTS,exclude,I5,sin_oa_confirmado
1149,Monotone-constrained functional component analysis for forward risk-accumulation curves with Leak-Free temporal validation and regime classification,exclude,E1,auto_fetch_pool_revisado_usuario
1150,Weakly stationary stochastic processes valued in a separable Hilbert space: Gramian-cramér representations and applications,exclude,E1,manual_access_pool_revisado_usuario
1151,Forecasting Day-Ahead Traffic Flow Using Functional Time Series Approach,exclude,E4,manual_access_pool_revisado_usuario
1153,Principal Components Analysis of Periodically Correlated Functional Time Series,exclude,I5,sin_oa_confirmado
1154,Functional Time Series Analysis and Visualization Based on Records,exclude,E4,manual_access_pool_revisado_usuario
1155,Functional regression models for South African economic indicators: a growth curve perspective,exclude,E1,segunda_revision_usuario_incluidos
1156,kNN local linear estimation of the conditional cumulative distribution function: Dependent functional data case,exclude,E1,manual_access_pool_revisado_usuario
1157,Multilevel Longitudinal Functional Principal Component Model,exclude,E4,manual_access_pool_revisado_usuario
1158,On changepoint detection in functional data using empirical energy distance,exclude,E1,manual_access_pool_revisado_usuario
1159,Prediction theory for stationary functional time series,exclude,E1,manual_access_pool_revisado_usuario
1160,An L2-norm based ANOVA test for the equality of weakly dependent functional time series,exclude,I5,sin_oa_confirmado
1161,Functional lagged regression with sparse noisy observations,exclude,E1,auto_fetch_pool_revisado_usuario
1162,Functional data analysis in the banach space of continuous functions,exclude,E1,manual_access_pool_revisado_usuario
1163,"On seasonal functional modeling under strong dependence, with applications to mechanically ventilated breathing activity",exclude,I5,sin_oa_confirmado
1164,Global sensitivity and domain-selective testing for functional-valued responses: An application to climate economy models,exclude,E1,manual_access_pool_revisado_usuario
1165,Measurement and contagion modelling of systemic risk in China's financial sectors: Evidence for functional data analysis and complex network,exclude,I5,sin_oa_confirmado
1166,Short-horizon volatility spike forecasting via integrated functional and topological representations,exclude,I5,sin_oa_confirmado
1167,Two-sample and change-point inference for non-Euclidean valued time series,exclude,E1,manual_access_pool_revisado_usuario
1168,Spatiooral functional neural networks,exclude,E1,auto_fetch_pool_revisado_usuario
1169,Reexamining Spatiotemporal Disparities of Financial Development in China Based on Functional Data Analysis,include,I1,manual_access_pool_revisado_usuario
1170,Hill estimator of projections of functional data on principal components,exclude,I5,sin_oa_confirmado
1171,Construction of Development Momentum Index of Financial Technology by Principal Component Analysis in the Era of Digital Economy,include,I1,manual_access_pool_revisado_usuario
1172,Volatility estimation in a nonlinear heteroscedastic functional regression model with martingale difference errors,exclude,E1,manual_access_pool_revisado_usuario
1173,Nonparametric Expectile Shortfall Regression for Complex Functional Structure,exclude,E1,manual_access_pool_revisado_usuario
1174,Constructing prediction intervals for the age distribution of deaths,exclude,I1,manual_access_pool_revisado_usuario
1175,Crop Yield Prediction Using Bayesian Spatially Varying Coefficient Models with Functional Predictors,exclude,I5,manual_access_pool_revisado_usuario
1176,Empirical Bayes Derivative Estimates,exclude,I5,manual_access_pool_revisado_usuario
1178,The evolvement of momentum effects in China: Evidence from functional data analysis,exclude,I5,sin_oa_confirmado
1179,Forecasting intra-day volatility by vine copula regression using MFPCA and lagged covariates for high-frequency financial time series,exclude,I5,sin_oa_confirmado
1180,Nested functional ANOVA with pointwise and global inference: theory and application to COVID-Era financial data,exclude,I5,sin_oa_confirmado
1183,Functional Linear Regression: Dependence and Error Contamination,include,I1,manual_access_pool_revisado_usuario
1184,Similarities within a multi-model ensemble: Functional data analysis framework,exclude,E4,auto_fetch_pool_ia_no_reto
1185,Review on functional data classification,exclude,I5,sin_oa_confirmado
1186,Wildfires vegetation recovery through satellite remote sensing and functional data analysis,exclude,E4,manual_access_pool_revisado_usuario
1187,Exploring COVID-19 in mainland China during the lockdown of Wuhan via functional data analysis,exclude,I5,manual_access_pool_revisado_usuario
1188,Nonparametric multifunctional GARCH time series data analysis: Application to dynamic forecasting in financial data,exclude,E1,auto_fetch_pool_revisado_usuario
1189,An LM-Type Unit Root Test for Functional Time Series,exclude,E1,manual_access_pool_revisado_usuario
1190,Functional Subspace Variational Autoencoder for Domain-Adaptive Fault Diagnosis,exclude,E1,manual_access_pool_revisado_usuario
1192,Stopping time detection of wood panel compression: A functional time-series approach,exclude,E4,manual_access_pool_revisado_usuario
1193,Exploring the Nonlinear Idiosyncratic Volatility Puzzle: Evidence from China,exclude,I5,sin_oa_confirmado
1194,On the local linear modelization of the conditional density for functional and ergodic data,exclude,I5,sin_oa_confirmado
1195,On sufficient dimension reduction for functional data: Inverse moment-based methods,exclude,I5,sin_oa_confirmado
1196,"Learning delay dynamics for multivariate stochastic processes, with application to the prediction of",exclude,I1,auto_fetch_pool_ia_no_reto
1197,Clustering Brain Signals: a Robust Approach Using Functional Data Ranking,exclude,E4,auto_fetch_pool_revisado_usuario
1198,Comparing risk profiles of international stock markets as functional data: COVID-19 versus the global financial crisis,include,I1,manual_access_pool_revisado_usuario
1199,Principal component analysis approaches for doubly multivariate functional data of local labour markets in wielkopolskie,exclude,I5,sin_oa_confirmado
1200,Permutation tests for equality of distributions of functional data,exclude,I5,sin_oa_confirmado
1201,Evaluating a Stock Market Pairs Trading Strategy Using a Dependent Functional Data Cointegration Method,exclude,E1,segunda_revision_usuario_incluidos
1202,On functional processes with multiple discontinuities,exclude,E1,manual_access_pool_revisado_usuario
1203,Vine copula MFPCA residual control chart for sparse multivariate functional data,exclude,I5,sin_oa_confirmado
1204,Forecasting Age- and Sex-Specific Survival Functions: Application to Annuity Pricing,exclude,E4,manual_access_pool_revisado_usuario
1206,Frequency domain theory for functional time series: Variance decomposition and an invariance principle,exclude,E1,manual_access_pool_revisado_usuario
1207,Bayesian Testing of Granger Causality in Functional Time Series,exclude,E1,auto_fetch_pool_revisado_usuario
1208,Poisson subsampling for large-scale functional data analysis,exclude,I5,sin_oa_confirmado
1209,On Consistent Hypothesis Testing In General Hilbert Spaces,exclude,I1,auto_fetch_pool_ia_no_reto
1210,NETWORK-LEVEL TRAFFIC FLOW PREDICTION: FUNCTIONAL TIME SERIES VS. FUNCTIONAL NEURAL NETWORK APPROACH,exclude,I5,sin_oa_confirmado
1212,Nonlinear prediction of functional time series,exclude,E1,segunda_revision_usuario_incluidos
1213,Comparative Study of FDA and Time Series Approaches for Seabed Classification from Acoustic Curves,exclude,I5,manual_access_pool_revisado_usuario
1214,Change-point detection in functional time series: applications to age-specific mortality and fertility,exclude,I5,sin_oa_confirmado
1215,Scalable multiple changepoint detection for functional data sequences,exclude,E1,auto_fetch_pool_revisado_usuario
1216,Statistical Process Monitoring Based on Functional Data Analysis,exclude,I5,sin_oa_confirmado
1217,Factor models for high-dimensional functional time series I: Representation results,exclude,I5,sin_oa_confirmado
1218,Forecasting Canadian Age-Specific Mortality Rates: Application of Functional Time Series Analysis,exclude,E4,manual_access_pool_revisado_usuario
1219,Multipopulation mortality modelling and forecasting: the weighted multivariate functional principal component approaches,exclude,E1,manual_access_pool_revisado_usuario
1220,Cointegrated linear processes in Bayes Hilbert space,exclude,I5,sin_oa_confirmado
1221,The scalar-on-function modal regression for functional time series data,exclude,I5,sin_oa_confirmado
1223,A Time Series Regression Model Based on Distance Covariance Weighted Bagging Framework and Functional Principal Component Analysis,exclude,I5,sin_oa_confirmado
1224,A novel hybrid algorithm to forecast functional time series based on pattern sequence similarity with application to electricity demand,exclude,E1,manual_access_pool_revisado_usuario
1226,Uniform in Number of Neighbor Consistency and Weak Convergence of k-Nearest Neighbor Single Index Conditional Processes and k-Nearest Neighbor Single Index Conditional U-Processes Involving Functional Mixing Data,exclude,E1,manual_access_pool_revisado_usuario
1228,Choosing the right norm for change point detection in functional data,exclude,E1,manual_access_pool_revisado_usuario
1229,Estimating the conditional distribution in functional regression problems,exclude,E1,manual_access_pool_revisado_usuario
1231,A scenario analysis of future Hong Kong age and labour force profiles and its implications,exclude,I5,manual_access_pool_revisado_usuario
1232,Forecasting u.S. aggregate stock market excess return: Do functional data analysis add economic value?,include,I1,manual_access_pool_revisado_usuario
1234,Coherent mortality forecasting by the weighted multilevel functional principal component approach,exclude,I5,manual_access_pool_revisado_usuario
1235,Testing covariance separability for continuous functional data,exclude,E1,manual_access_pool_revisado_usuario
1236,Different PCA approaches for vector functional time series with applications to resistive switching processes,exclude,E1,manual_access_pool_revisado_usuario
1237,Nonparametric estimation of functional dynamic factor model,exclude,E1,manual_access_pool_revisado_usuario
1238,A Novel Curve Clustering Method for Functional Data: Applications to COVID-19 and Financial Data,exclude,E1,manual_access_pool_revisado_usuario
1239,A weak law of large numbers for realised covariation in a Hilbert space setting,exclude,E1,manual_access_pool_revisado_usuario
1240,"Variable Selection for the Prediction of C[0,1]-Valued Autoregressive Processes using Reproducing Kernel Hilbert Spaces",exclude,E1,manual_access_pool_revisado_usuario
1241,TI-FPCA: Effective and Interpretable Dimensionality Reduction with Transform-Invariant Functional Principal Component Analysis,exclude,I5,sin_oa_confirmado
1242,An autocovariance-based learning framework for high-dimensional functional time series,exclude,E1,manual_access_pool_revisado_usuario
1243,Forecasting the old-age dependency ratio to determine a sustainable pension age,exclude,I5,manual_access_pool_revisado_usuario
1244,The Functional Delta Method for Deriving Asymptotic Distributions,exclude,I1,manual_access_pool_revisado_usuario
1245,Advances in estimation and inference for historical functional linear models,exclude,I5,sin_oa_confirmado
1246,The role of geopolitical risk on the ESG stock market: evidence from functional data analysis,exclude,I5,sin_oa_confirmado
1249,Functional forecasting of dissolved oxygen in high-frequency vertical lake profiles,exclude,E4,manual_access_pool_revisado_usuario
1250,How Does Financial Development Affect Global Energy Security? A Functional Data Analysis,exclude,I5,sin_oa_confirmado
1251,Bayesian estimation of the functional spatial lag model,exclude,E1,auto_fetch_pool_revisado_usuario
1252,Nonlinear function-on-function regression by RKHS,exclude,I5,sin_oa_confirmado
1253,Embedding and learning with signatures,exclude,I1,manual_access_pool_revisado_usuario
1254,Bootstrap prediction intervals for the age distribution of life-table death counts,exclude,E4,manual_access_pool_revisado_usuario
1255,Detecting British Columbia coastal rainfall patterns by clustering Gaussian processes,exclude,E4,auto_fetch_pool_ia_no_reto
1256,A spatial-functional clustering algorithm for panel data with an application to Italian health tax detractions,exclude,I5,sin_oa_confirmado
1257,Research on the Application of Functional Data Regression Analysis in Time Series Forecasting,exclude,I5,sin_oa_confirmado
1258,Analyzing and forecasting the Chinese term structure of interest rates using functional principal component analysis,exclude,I5,sin_oa_confirmado
1259,Spatiotemporal factor models for functional data with application to population map forecast,exclude,E4,manual_access_pool_revisado_usuario
1260,Wasserstein Regression,exclude,I5,sin_oa_confirmado
1261,Nonstationary fractionally integrated functional time series,exclude,E1,auto_fetch_pool_revisado_usuario
1262,Evaluating the Fingerprint of the Mt. Pinatubo Eruption on Stratospheric Temperatures with Spatial Functional Changepoints,exclude,I5,sin_oa_confirmado
1263,Proactive safety monitoring: A functional approach to detect safety-related anomalies using unmanned aerial vehicle video data,exclude,I5,sin_oa_confirmado
1264,Change-Point Detection and Its Modern Applications,exclude,E1,auto_fetch_pool_revisado_usuario
1265,Empirical likelihood inference for partial functional linear model with missing responses,exclude,I5,sin_oa_confirmado
1266,Improving Quality of Smart Grid Data by Functional Data Analysis,exclude,I5,sin_oa_confirmado
1268,Weighted empirical likelihood inference for dynamical correlations,exclude,I5,sin_oa_confirmado
1269,Functional recurrent neural network for vector-on-functional data modeling,exclude,I5,sin_oa_confirmado
1271,A Non-linear Function-on-Function Model for Regression with Time Series Data,exclude,E1,auto_fetch_pool_revisado_usuario
1272,Real-time estimation for functional stochastic regression models,exclude,E1,auto_fetch_pool_revisado_usuario
1273,Functional Principal Component Analysis as an Alternative to Mixed-Effect Models for Describing Sparse Repeated Measures in Presence of Missing Data,exclude,E4,manual_access_pool_revisado_usuario
1274,Forecasting the Yellow River runoff based on functional data analysis methods,exclude,I5,sin_oa_confirmado
1275,Factor models for high-dimensional functional time series II: Estimation and forecasting,exclude,I5,sin_oa_confirmado
1276,Weak convergence of the conditional single index U-statistics for locally stationary functional time,exclude,I1,auto_fetch_pool_ia_no_reto
1277,Bayesian functional forecasting with locally-autoregressive dependent processes,exclude,I1,manual_access_pool_revisado_usuario
1278,Long-Range Dependent Curve Time Series,exclude,E1,auto_fetch_pool_revisado_usuario
1279,Time series of functional data with application to yield curves,exclude,E1,manual_access_pool_revisado_usuario
1280,Forecasting a time series of Lorenz curves: one-way functional analysis of variance,exclude,E1,manual_access_pool_revisado_usuario
1281,Inference on Common Intraday Periodicity at High Frequencies With Jumps,exclude,I5,sin_oa_confirmado
1282,Semi-functional partial linear spatial autoregressive model,exclude,I5,sin_oa_confirmado
1283,Functional Methods for Multimodal Data Analysis,exclude,I5,sin_oa_confirmado
1284,The Area of the Convex Hull of Sampled Curves: a Robust Functional Statistical Depth Measure,exclude,I5,sin_oa_confirmado
1285,A Predictive Trading Framework Using Functional Linear Discriminant Analysis,exclude,I5,sin_oa_confirmado
1286,A note on quadratic forms of stationary functional time series under mild conditions,exclude,E1,auto_fetch_pool_revisado_usuario
1287,Outlier detection for multivariate time series: A functional data approach[Formula presented],exclude,E1,manual_access_pool_revisado_usuario
1288,Cross-validation model averaging for generalized functional linear model,exclude,E1,manual_access_pool_revisado_usuario
1293,Asymptotic Distribution of the Functional Modal Regression Estimator,exclude,E1,manual_access_pool_revisado_usuario
1295,TWO-SAMPLE TESTS FOR RELEVANT DIFFERENCES IN THE EIGENFUNCTIONS OF COVARIANCE OPERATORS,exclude,E1,manual_access_pool_revisado_usuario
1297,Dependence-Based Fuzzy Clustering of Functional Time Series,exclude,E4,manual_access_pool_revisado_usuario
1299,High-dimensional functional time series forecasting: An application to age-specific mortality rates,exclude,E4,manual_access_pool_revisado_usuario
1300,Heteroskedastic geographically weighted regression model for functional data,exclude,I5,sin_oa_confirmado
1301,Intraday forecasts of a volatility index: functional time series methods with dynamic updating,exclude,E1,segunda_revision_usuario_incluidos
1303,Recursive non parametric regression estimation for functional time series data under random censorship,exclude,I5,sin_oa_confirmado
1304,Estimation of functional ARMA models,exclude,I5,sin_oa_confirmado
1305,Graphical Principal Component Analysis of Multivariate Functional Time Series,exclude,E1,auto_fetch_pool_revisado_usuario
1306,Application of an Intensive Longitudinal Functional Model with Multiple Time Scales in Objectively Measured Children’s Physical Activity,exclude,E4,manual_access_pool_revisado_usuario
1307,Variational Nonparametric Inference in Stochastic Block Models with Functional Covariates,exclude,I5,sin_oa_confirmado
1310,Generalized probabilistic principal component analysis of correlated data,exclude,I5,sin_oa_confirmado
1311,Region-referenced spectral power dynamics of EEG signals: A hierarchical modeling approach,exclude,E4,manual_access_pool_revisado_usuario
1312,Resampling-free inference for time series via rkhs embedding,exclude,E1,manual_access_pool_revisado_usuario
1313,Forecasting day-ahead electric power prices with functional data analysis,exclude,E1,auto_fetch_pool_revisado_usuario
1314,Time series clustering and classification via frequency domain methods,exclude,I5,sin_oa_confirmado
1316,Nonparametric testing for differences in electricity prices: The case of the fukushima nuclear accident,exclude,I1,manual_access_pool_revisado_usuario
1317,Functional Cointegration Test for Expectation Hypothesis of the Term Structure of Interest Rates in China,exclude,I5,sin_oa_confirmado
1318,Conformal prediction bands for two-dimensional functional time series,exclude,E1,manual_access_pool_revisado_usuario
1319,Statistical Learning of Conditional Single-Index U-Processes Under Local Stationarity and Missing-At-Random Functional Responses,exclude,E1,manual_access_pool_revisado_usuario
1320,Dynamic Value at Risk Estimation in Multi-Functional Volterra Time-Series Model (MFVTSM),exclude,E1,manual_access_pool_revisado_usuario
1323,Forecasting intraday particle number size distribution: a functional time-series approach,exclude,I5,sin_oa_confirmado
1324,Differential equations in data analysis,exclude,I5,sin_oa_confirmado
1325,Estimation and specification tests for functional quadratic spatial autoregressive model,exclude,I5,sin_oa_confirmado
1327,Non parametric regression for locally stationary functional data,exclude,I5,sin_oa_confirmado
1329,Hidden Markov Mixture of Gaussian Process Functional Regression: Utilizing Multi-Scale Structure for Time Series Forecasting,exclude,E1,manual_access_pool_revisado_usuario
1330,Time-Varying Functional Principal Components for Non-Stationary EpCO 2 in Freshwater Systems,exclude,E4,auto_fetch_pool_revisado_usuario
1331,On the Exact Asymptotic Error of the Kernel Estimator of the Conditional Hazard Function for Quasi-Associated Functional Variables,exclude,E1,manual_access_pool_revisado_usuario
1332,Statistical inference for high-dimensional panel functional time series,exclude,E1,auto_fetch_pool_revisado_usuario
1333,CLUSTERING AND FORECASTING MULTIPLE FUNCTIONAL TIME SERIES,exclude,E1,manual_access_pool_revisado_usuario
1336,Forecasting High-Dimensional Functional Time Series: Application to Sub-National Age-Specific Mortality,exclude,E4,auto_fetch_pool_revisado_usuario
1337,Least Square Estimation for Multiple Functional Linear Model with Autoregressive Errors,exclude,I5,sin_oa_confirmado
1338,Local and global timeseries proxies using functional principal component analysis: application to history-matching and uncertainty quantification,exclude,I5,sin_oa_confirmado
1339,White noise testing for functional time series,exclude,E1,manual_access_pool_revisado_usuario
1340,Recent developments in complex and spatially correlated functional data,exclude,E1,manual_access_pool_revisado_usuario
1341,Nonparametric expectile shortfall regression for functional data,exclude,E1,manual_access_pool_revisado_usuario
1343,Multi-population modelling and forecasting life-table death counts,exclude,I5,sin_oa_confirmado
1344,Multivariate Control Charts and Changepoint Detection for Multivariate Functional Data by Nonparametric Conditional Distribution and FPCA,exclude,I5,sin_oa_confirmado
1345,Single index regression for locally stationary functional time series,exclude,I1,auto_fetch_pool_ia_no_reto
1346,Permutation-based inference for function-on-scalar regression with an application in PET brain imaging,exclude,E4,manual_access_pool_revisado_usuario
1347,Forecasting the Colombian electricity spot price under a functional approach,exclude,I1,auto_fetch_pool_revisado_usuario
1348,Nonparametric relative error regression for functional time series data under random censorship,exclude,I5,sin_oa_confirmado
1350,The Demographics of Defense and Security in Japan,exclude,E1,auto_fetch_pool_ia_no_reto
1351,Functional Time Series Analysis Using Single-Index L1-Modal Regression,exclude,E1,manual_access_pool_revisado_usuario
1352,A goodness-of-fit test for functional time series with applications to Ornstein-Uhlenbeck processes,exclude,E1,manual_access_pool_revisado_usuario
1353,A general bi-clustering algorithm for object data with an application to the analysis of a Lombardy railway line,exclude,I5,sin_oa_confirmado
1354,Describing the concentration of income populations by functional principal component analysis on Lorenz curves,include,I1,manual_access_pool_revisado_usuario
1355,A flexible spatial autoregressive modelling framework for mixed covariates of multiple data types,exclude,E1,auto_fetch_pool_revisado_usuario
1356,Weak convergence of the conditional U-statistics for locally stationary functional time series,exclude,I5,sin_oa_confirmado
1357,A kernel regression approach for identification of first order differential equations based on functional data,exclude,I5,sin_oa_confirmado
1358,Intraday volatility analysis of CSI 300 index futures: a dependent functional data method,include,I1,manual_access_pool_revisado_usuario
1359,Empirical Asset Pricing with Functional Factors,exclude,E1,manual_access_pool_revisado_usuario
1361,Visualization and assessment of spatio-temporal covariance properties,exclude,E1,manual_access_pool_revisado_usuario
1363,Detecting changes in the covariance structure of functional time series with application to fMRI data,exclude,E1,auto_fetch_pool_revisado_usuario
1364,Detection and localization of changes in a panel of densities,exclude,I5,manual_access_pool_revisado_usuario
1365,Dynamically Consistent Analysis of Realized Covariations in Term Structure Models,exclude,E1,manual_access_pool_revisado_usuario
1366,Selection of number of clusters and warping penalty in clustering functional electrocardiogram,exclude,E4,manual_access_pool_revisado_usuario
1367,Forecasting Shor-term Electricity Load of East Java Province using Functional Regression Time-varying Coefficient Model,exclude,I5,sin_oa_confirmado
1369,Deciphering Spatiotemporal Heterogeneity in Urban Networks with Functional Clustering,exclude,I5,sin_oa_confirmado
1370,A nonparametric test for stationarity in functional time series,exclude,I1,auto_fetch_pool_ia_no_reto
1371,Ornstein–Uhlenbeck processes in Hilbert space and autoregressive moving-average time series,exclude,E1,manual_access_pool_revisado_usuario
1372,Bayesian Spatial Homogeneity Pursuit of Functional Data: An Application to the U.S. Income Distribution,exclude,E1,manual_access_pool_revisado_usuario
1373,Functional arch and garch models: A yule-walker approach,include,I1,manual_access_pool_revisado_usuario
1374,Shape-based outlier detection in multivariate functional data,exclude,E1,manual_access_pool_revisado_usuario
1375,Recursive Estimation of the Expectile-Based Shortfall in Functional Ergodic Time Series,exclude,E1,manual_access_pool_revisado_usuario
1377,The effect of global crises on stock market correlations: Evidence from scalar regressions via functional data analysis,include,I1,auto_fetch_pool_revisado_usuario
1378,Forecasting intraday financial time series with sieve bootstrapping and dynamic updating,exclude,I1,manual_access_pool_revisado_usuario
1379,Estimation of total electricity consumption curves by sampling in a finite population when some trajectories are partially unobserved,exclude,I5,manual_access_pool_revisado_usuario
1380,A robust spatial autoregressive scalar-on-function regression with t-distribution,exclude,I5,manual_access_pool_revisado_usuario
1381,"Hedging option contracts with locally weighted regression, functional data analysis, and Markov chain Monte Carlo techniques",exclude,I5,sin_oa_confirmado
1382,Intraday Functional PCA Forecasting of Cryptocurrency Returns,include,I1,manual_access_pool_revisado_usuario
1383,Change point analysis of covariance functions: A weighted cumulative sum approach,exclude,E1,auto_fetch_pool_revisado_usuario
1384,Pivotal tests for relevant differences in the second order dynamics of functional time series,exclude,I5,manual_access_pool_revisado_usuario
1386,Nonparametric Estimation of the Expected Shortfall Regression for Quasi-Associated Functional Data,exclude,E1,manual_access_pool_revisado_usuario
1387,Forecasting Functional Time Series Using Federated Learning,exclude,I5,sin_oa_confirmado
1389,Functional Vašiček Model,exclude,E1,manual_access_pool_revisado_usuario
1392,A similarity measure for second order properties of non-stationary functional time series with applications to clustering and testing,exclude,E1,manual_access_pool_revisado_usuario
1393,Extremal correlation coefficient for functional data,exclude,I5,sin_oa_confirmado
1395,Weighted compositional functional data analysis for modeling and forecasting life-table death counts,exclude,E1,manual_access_pool_revisado_usuario
1396,A Hotelling spatial scan statistic for functional data: Application to economic and climate data,exclude,E1,manual_access_pool_revisado_usuario
1397,A global test for heteroscedastic one-way FMANOVA with applications,exclude,I5,sin_oa_confirmado
1398,Uniform consistency rate of kNN regression estimation for functional time series data,exclude,I5,sin_oa_confirmado
1399,From zero crossings to quantile-frequency analysis of time series with an application to nondestructive evaluation,exclude,I5,sin_oa_confirmado
1400,Functional data analysis of the relationship between electricity consumption and climate change drivers,exclude,E4,manual_access_pool_revisado_usuario
1401,Rethinking energy security in China: Multi-dimensional measurement and spatiotemporal dynamics,exclude,I5,sin_oa_confirmado
1402,Dynamic evolution and spatial–temporal disparities decomposition of high-quality economic development in China,exclude,I5,sin_oa_confirmado
1403,Regression estimation for continuous-time functional data processes with missing at random response,exclude,I1,manual_access_pool_revisado_usuario
1404,Is the Group Structure Important in Grouped Functional Time Series?,exclude,E1,auto_fetch_pool_revisado_usuario
1405,Identifying the Dynamic Influence of Economic Policy Uncertainty on Enterprise Investment Using Functional Data Analysis,include,I1,manual_access_pool_revisado_usuario
1406,FuNVol: multi-asset implied volatility market simulator using functional principal components and neural SDEs,exclude,I5,sin_oa_confirmado
1407,Can High Frequency Data Improve Stock Prices Forecasting? — Empirical Evidence Based on Functional Data Analysis,exclude,I5,sin_oa_confirmado
1408,Asynchronous Changepoint Estimation for Spatially Correlated Functional Time Series,exclude,I5,auto_fetch_pool_revisado_usuario
1409,Efficient Bayesian functional principal component analysis of irregularly-observed multivariate curves,exclude,E1,manual_access_pool_revisado_usuario
1410,MD-MBPLS: A novel explanatory model in computational social science,exclude,I5,sin_oa_confirmado
1411,Local polynomial estimation of regression operators from functional data with correlated errors,exclude,E4,manual_access_pool_revisado_usuario
1412,On semiparametric regression in functional data analysis,exclude,I5,sin_oa_confirmado
1414,Forecasting the Age Structure of the Scientific Workforce in Australia,exclude,E4,manual_access_pool_revisado_usuario
1415,Non-parametric Bayesian covariate-dependent multivariate functional clustering: An application to time-series data for multiple air pollutants,exclude,I5,sin_oa_confirmado
1416,Kolmogorov Entropy for Convergence Rate in Incomplete Functional Time Series: Application to Percentile and Cumulative Estimation in High Dimensional Data,exclude,E1,manual_access_pool_revisado_usuario
1417,Multi-country clustering-based forecasting of healthy life expectancy,exclude,I5,auto_fetch_pool_revisado_usuario
1418,Quantifying time dynamics in the regional disparities and spatial convergence of China’s high-quality economic development,exclude,I5,sin_oa_confirmado
1419,On the Use of Yeo-Johnson Transformation in the Functional Multivariate Time Series,exclude,E1,auto_fetch_pool_revisado_usuario
1420,Nonstationary Functional Time Series Forecasting,include,I1,auto_fetch_pool_revisado_usuario
1421,Functional Mixed-type Clustering of Investors' Daily Returns During a Market Shock Change-point and Recovery,include,I1,manual_access_pool_revisado_usuario
1422,Financial risk management based on functional data analysis,exclude,I5,sin_oa_confirmado
1423,The Maximum of the Periodogram of a Sequence of Functional Data,exclude,I1,auto_fetch_pool_ia_no_reto
1424,Parameter clustering in Bayesian functional principal component analysis of neuroscientific data,exclude,E4,manual_access_pool_revisado_usuario
1425,A robust functional time series forecasting method,exclude,E1,auto_fetch_pool_revisado_usuario
1426,Functional Time Series Prediction Under Partial Observation of the Future Curve,exclude,E1,auto_fetch_pool_revisado_usuario
1427,Brief Review of Functional Data Analysis: A Case Study on Regional Demographic and Economic Data,exclude,I5,sin_oa_confirmado
1428,Tests for conditional heteroscedasticity of functional data,exclude,E1,manual_access_pool_revisado_usuario
1429,Detecting a structural change in functional time series using local Wilcoxon statistic,exclude,E1,segunda_revision_usuario_incluidos
1430,Nonparametric estimation of expectile regression in functional dependent data,exclude,I5,sin_oa_confirmado
1431,Functional singular spectrum analysis,exclude,E1,auto_fetch_pool_revisado_usuario
1432,Robust depth-based estimation of the functional autoregressive model,exclude,E4,manual_access_pool_revisado_usuario
1434,Uncertainty Quantification of Complex Weather Dynamics Using a Novel Functional Autoregressive Model,exclude,E4,manual_access_pool_revisado_usuario
1436,Improved functional portmanteau tests,exclude,I5,sin_oa_confirmado
1437,Change-Point Detection for Object-Valued Time Series,exclude,E1,auto_fetch_pool_revisado_usuario
1438,Risk related brain regions detection and individual risk classification with 3D image FPCA,exclude,I5,sin_oa_confirmado
1439,Functional spherical autocorrelation: A robust estimate of the autocorrelation of a functional time series,exclude,E1,segunda_revision_usuario_incluidos
1440,Enhancing mean-reverting time series prediction with Gaussian Processes: functional and augmented data structures in financial forecasting,exclude,I5,sin_oa_confirmado
1441,Inference for the Lagged Cross-Covariance Operator Between Functional Time Series,exclude,I5,sin_oa_confirmado
1442,Bootstrapping Long-Run Covariance of Stationary Functional Time Series,exclude,E1,manual_access_pool_revisado_usuario
1443,Robust archetypoids for anomaly detection in big functional data,exclude,E1,manual_access_pool_revisado_usuario
1444,Forecasting health expenses using a functional data model,exclude,E4,auto_fetch_pool_revisado_usuario
1445,Modeling and forecasting of the high-dimensional time series data with functional data analysis and ,exclude,E4,auto_fetch_pool_ia_no_reto
1446,Functional analysis of long-run ESG trajectories across world regions,exclude,E4,auto_fetch_pool_revisado_usuario
1448,Monitoring the evolution of sustainable development goals in the European Union: a synthetic approach,exclude,I5,sin_oa_confirmado
1450,Combining unsupervised and supervised learning techniques for enhancing the performance of functional data classifiers,exclude,E1,auto_fetch_pool_revisado_usuario
1451,Decomposing anomalies,exclude,E1,manual_access_pool_revisado_usuario
1452,Analyzing the difference evolution of provincial energy consumption in China using the functional data analysis method,exclude,I5,sin_oa_confirmado
1453,Directional Spectra-Based Clustering for Visualizing Patterns of Ocean Waves and Winds,exclude,I5,sin_oa_confirmado
1454,Advanced Data Augmentation Methods in Neural Network for Functional Data Classification,exclude,I5,sin_oa_confirmado
1455,A FEASIBLE CENTRAL LIMIT THEOREM FOR REALISED COVARIATION OF SPDES IN THE CONTEXT OF FUNCTIONAL DATA,exclude,E1,manual_access_pool_revisado_usuario
1457,The general linear hypothesis testing problem for multivariate functional data with applications,exclude,I5,sin_oa_confirmado
1458,Zooming in on spatiotemporal V-to-C coarticulation with functional PCA,exclude,I5,sin_oa_confirmado
1459,Asymptotic normality of the local linear estimation of the conditional density for functional time-series data,exclude,I5,sin_oa_confirmado
1460,A review study of functional autoregressive models with application to energy forecasting,include,I1,manual_access_pool_revisado_usuario
1461,Topological Hidden Markov Models,exclude,I5,sin_oa_confirmado
1462,Modeling functional data: a test procedure,exclude,I5,sin_oa_confirmado
1463,Testing Separability of Functional Time Series,exclude,E1,auto_fetch_pool_revisado_usuario
1464,Conditional Density Kernel Estimation Under Random Censorship for Functional Weak Dependence Data,exclude,E1,manual_access_pool_revisado_usuario
1465,Time evolution of income distributions with subgroup decompositions,exclude,I5,sin_oa_confirmado
1466,F-KAN: a novel framework for functional regression based on Kolmogorov–Arnold networks,exclude,I5,sin_oa_confirmado
1467,Projection-based white noise and goodness-of-fit tests for functional time series,exclude,I5,sin_oa_confirmado
1468,Clustering-based simultaneous forecasting of life expectancy time series through Long-Short Term Memory Neural Networks,exclude,I5,sin_oa_confirmado
1469,Understanding return variation in crypto assets: a functional ANOVA approach,exclude,E1,auto_fetch_pool_revisado_usuario
1470,Forecasting regional long-run energy demand: A functional coefficient panel approach,exclude,I5,sin_oa_confirmado
1471,Detecting structural breaks in eigensystems of functional time series,exclude,E1,segunda_revision_usuario_incluidos
1472,Aggregating multiple types of complex data in stock market prediction: A model-independent framework,exclude,E1,auto_fetch_pool_revisado_usuario
1473,Convergence rate of kernel regression estimation for time series data when both response and covariate are functional,exclude,I5,sin_oa_confirmado
1474,Robust multivariate and functional archetypal analysis with application to financial time series analysis,exclude,E4,manual_access_pool_revisado_usuario
1475,Fractionally integrated curve time series with cointegration,exclude,E1,manual_access_pool_revisado_usuario
1476,Bayesian variable selection in distributed lag models: a focus on binary quantile and count data regressions,exclude,E1,manual_access_pool_revisado_usuario
1477,Structural stability of functional data — A new adjusted-range-based self-normalization approach,exclude,I5,sin_oa_confirmado
1478,A portmanteau test for the iid hypothesis,exclude,I5,sin_oa_confirmado
1479,Forecasting the Term Structure of Interest Rates of the BRICS: Evidence from a Nonparametric Functional Data Analysis,exclude,E1,auto_fetch_pool_revisado_usuario
1480,HOW FUNCTIONAL DATA CAN ENHANCE THE ESTIMATION OF HEALTH EXPECTANCY: THE CASE OF DISABLED Spanish POPULATION,exclude,E4,auto_fetch_pool_revisado_usuario
1481,Classification of social media users with generalized functional data analysis,exclude,E4,manual_access_pool_revisado_usuario
1482,Self-normalization tests for change points in functional time series,exclude,I5,sin_oa_confirmado
1483,Convolution-based linear discriminant analysis for functional data classification,exclude,I5,manual_access_pool_revisado_usuario
1485,Distributions of GDP across versions of the Penn World Tables: A functional data analysis approach,exclude,I5,sin_oa_confirmado
1486,FORECASTING MULTIPLE FUNCTIONAL TIME SERIES in A GROUP STRUCTURE: AN APPLICATION to MORTALITY,exclude,E1,auto_fetch_pool_revisado_usuario
1487,A time-varying distance based interval-valued functional principal component analysis method – A case study of consumer price index,exclude,I5,sin_oa_confirmado
1488,Frequency modulation increases the specificity of time-resolved connectivity: A resting-state fMRI study,exclude,E4,manual_access_pool_revisado_usuario
1489,Inference and Computation for Sparsely Sampled Random Surfaces,exclude,E1,manual_access_pool_revisado_usuario
1490,Scalar-on-Function Mode Estimation Using Entropy and Ergodic Properties of Functional Time Series Data,exclude,E1,manual_access_pool_revisado_usuario
1491,Functional GARCH models: The quasi-likelihood approach and its applications,exclude,I5,manual_access_pool_revisado_usuario
1492,Functional classification and dynamic prediction of cumulative intraday returns in crude oil futures,exclude,I5,sin_oa_confirmado
1493,Second-Generation Functional Data,exclude,E4,manual_access_pool_revisado_usuario
1494,"Trading signal, functional data analysis and time series momentum",include,I1,manual_access_pool_revisado_usuario
1495,NITPicker: Selecting time points for follow-up experiments,exclude,E4,auto_fetch_pool_ia_no_reto
1496,Functional-SVD for Heterogeneous Trajectories: Case Studies in Health,exclude,I5,sin_oa_confirmado
1497,Asymptotic results of the randomly censored kernel-type expectile regression estimator for functiona,exclude,I1,auto_fetch_pool_ia_no_reto
1498,Functional data analysis approach for mapping change in time series: A case study using bicycle ridership patterns,exclude,E4,manual_access_pool_revisado_usuario
1499,The functional kNN estimator of the conditional expectile: Uniform consistency in number of neighbors,exclude,I5,sin_oa_confirmado
1500,Functional time series forecasting of distributions: A Koopman-Wasserstein approach,exclude,E1,auto_fetch_pool_revisado_usuario
1501,The consistency and asymptotic normality of the kernel type expectile regression estimator for functional data,exclude,E4,manual_access_pool_revisado_usuario
1502,A New Approach to Statistical Inference for Functional Time Series,exclude,E1,manual_access_pool_revisado_usuario
1503,Functional approach for Two Way Dimension Reduction in Time Series,exclude,E1,auto_fetch_pool_revisado_usuario
1504,Nonparametric Functional Times Series Data Analysis by kNN–Local Linear M-Regression,exclude,E1,manual_access_pool_revisado_usuario
1505,How does natural disasters affect China agricultural economic growth？,exclude,I5,sin_oa_confirmado
1506,Finite sample theory for high-dimensional functional/scalar time series with applications,exclude,E1,manual_access_pool_revisado_usuario
1507,"Volatility and dynamic dependence modeling: Review, applications, and financial risk management",exclude,I1,manual_access_pool_revisado_usuario
1508,Robust change-point detection for functional time series based on U-statistics and dependent wild bootstrap,exclude,E1,auto_fetch_pool_revisado_usuario
1509,Degradation Data Analysis based on Wiener Process with a Nonlinear Drift and a Stochastic Volatility,exclude,I5,sin_oa_confirmado
1510,Common Factors in the Profitability of Energy Firms,exclude,I5,sin_oa_confirmado
1511,On consistency and sparsity for high-dimensional functional time series with application to autoregressions,exclude,E1,segunda_revision_usuario_incluidos
1512,Dynamic functional principal components,exclude,I5,sin_oa_confirmado
1513,Conditional quantiles for dependent functional data with application to the climatic El Niño phenomenon,exclude,I5,sin_oa_confirmado
1514,An approach for identifying and predicting economic recessions in real-time using time-frequency functional models,exclude,I5,sin_oa_confirmado
1515,Regularization for Continuously Observed Ordinal Response Variables with Piecewise-constant Functional Covariates,exclude,I5,sin_oa_confirmado
1516,Generalized dynamic semi-parametric factor models for high-dimensional non-stationary time series,exclude,E1,segunda_revision_usuario_incluidos
1517,On the concept of depth for functional data,exclude,E1,manual_access_pool_revisado_usuario
1518,A functional approach to Hill's numbers for assessing changes in species variety of ecological communities over time,exclude,I5,sin_oa_confirmado
1519,Vector-on-function quantile regression for stationary ergodic processes,exclude,I5,sin_oa_confirmado
1520,Bayesian functional data modeling for heterogeneous volatility,exclude,E1,manual_access_pool_revisado_usuario
1521,Bayesian nonparametric mixture estimation for time-indexed functional data in R,exclude,E1,auto_fetch_pool_revisado_usuario
1522,Generalized exponential smoothing in prediction of hierarchical time series,exclude,E1,auto_fetch_pool_revisado_usuario
1523,The evolution of firm-level distributions for Ukrainian manufacturing firms,exclude,I5,sin_oa_confirmado
1524,Maximum-Likelihood Asymptotic Inference for Autoregressive Hilbertian Processes: ML for Autoregressive Hilbertian Processes,exclude,I5,sin_oa_confirmado
1525,Kolmogorov–Zurbenko filters in spatiotemporal analysis,exclude,I5,sin_oa_confirmado
1526,Nonstationarity in time series of state densities,exclude,E1,manual_access_pool_revisado_usuario
1527,Evaluating the complexity of some families of functional data,exclude,I5,sin_oa_confirmado
1528,Functional time series approach for forecasting very short-term electricity demand,exclude,I5,sin_oa_confirmado
1529,Robust clustering for time series using spectral densities and functional data analysis,exclude,E1,auto_fetch_pool_revisado_usuario
1530,Forecasting electricity consumption by aggregating experts; how to design a good set of experts,exclude,I5,sin_oa_confirmado
1531,A dynamic water quality index model based on functional data analysis,exclude,I5,sin_oa_confirmado
1532,Functional samples and bootstrap for predicting sulfur dioxide levels,exclude,I5,sin_oa_confirmado
1533,Some Methods for Analyzing Big Dependent Data,exclude,I5,sin_oa_confirmado
1534,On estimation of mean and covariance functions in repeated time series with long-memory errors*,exclude,I5,sin_oa_confirmado
1535,A longevity basis risk analysis in a joint FDM framework,exclude,I5,sin_oa_confirmado
1536,Functional data analysis for optimizing strategies of cash-flow management,exclude,I5,manual_access_pool_revisado_usuario
1537,"Time series forecasting using functional partial least square regression with stochastic volatility, GARCH, and exponential smoothing",exclude,I5,sin_oa_confirmado
1538,"Using robust FPCA to identify outliers in functional time series, with applications to the electricity market",exclude,I5,sin_oa_confirmado
1539,A spatio-temporal model for Antarctic sea ice formation,exclude,I5,sin_oa_confirmado
1540,An analysis of implied volatility jump dynamics: Novel functional data representation in crude oil markets,exclude,I5,sin_oa_confirmado
1541,Functional cluster analysis of financial time series,exclude,I5,sin_oa_confirmado
1542,Forecasting Generalized Quantiles of Electricity Demand: A Functional Data Approach,exclude,I5,manual_access_pool_revisado_usuario
1543,Analysis of non-stationary dynamics in the financial system,include,I1,manual_access_pool_revisado_usuario
1544,Asymptotic normality of the principal components of functional time series,exclude,E1,manual_access_pool_revisado_usuario
1545,Predictability of shapes of intraday price curves,exclude,I5,sin_oa_confirmado
1546,Predicting microRNA targets in time-series microarray experiments via functional data analysis,exclude,E4,auto_fetch_pool_ia_no_reto
1547,An introduction to functional data analysis and a principal component approach for testing the equality of mean curves,exclude,I5,sin_oa_confirmado
1548,Adaptive bandwidth selection in the long run covariance estimator of functional time series,exclude,E1,manual_access_pool_revisado_usuario
1549,ftsa: An R package for analyzing functional time series,exclude,E1,auto_fetch_pool_revisado_usuario
1550,Testing for periodicity in functional time series,exclude,E1,manual_access_pool_revisado_usuario
1551,Functional methods for time series prediction: A nonparametric approach,exclude,I5,manual_access_pool_revisado_usuario
1552,A nonparametric estimator for the covariance function of functional data,exclude,I5,sin_oa_confirmado
1553,Stochastic modelling for evolution of stock prices by means of functional principal component analysis,exclude,I5,sin_oa_confirmado
1554,Statistics in action: A canadian outlook,exclude,I5,sin_oa_confirmado
1555,Detecting trends in time series of functional data: A study of Antarctic climate change,exclude,I5,manual_access_pool_revisado_usuario
1556,A stickiness coefficient for longitudinal data,exclude,E1,auto_fetch_pool_revisado_usuario
1557,Testing the stability of the functional autoregressive process,exclude,E4,manual_access_pool_revisado_usuario
1558,"Analyzing research impact via functional data analysis: A powerful tool for scholars, insiders, and research organizations",exclude,I5,sin_oa_confirmado
1559,Functional convolution models,exclude,I5,sin_oa_confirmado
1560,Forecasting functional time series,exclude,I5,sin_oa_confirmado
1561,Specification test for missing functional data,exclude,I5,sin_oa_confirmado
1562,Functional Generalized Autoregressive Conditional Heteroskedasticity,include,I1,auto_fetch_pool_revisado_usuario
1563,Asymptotic results of a nonparametric conditional quantile estimator for functional time series,exclude,I5,sin_oa_confirmado
1564,A semiparametric factor model for CDO surfaces dynamics,exclude,I1,manual_access_pool_revisado_usuario
1565,Extensions of some classical methods in change point analysis,exclude,I5,sin_oa_confirmado
1566,Clustering random curves under spatial interdependence with application to service accessibility,exclude,I5,sin_oa_confirmado
1567,Nonparametric and semiparametric regression for dependent data,exclude,I5,sin_oa_confirmado
1568,Mortality and life expectancy forecasting for a group of populations in developed countries: A multilevel functional data method,exclude,E4,manual_access_pool_revisado_usuario
1569,"Decoupling change-point detection based on characteristic functions: Methodology, asymptotics, subsampling and application",exclude,I5,sin_oa_confirmado
1570,FUNNEL-GSEA: FUNctioNal ELastic-net regression in time-course gene set enrichment analysis,exclude,E4,manual_access_pool_revisado_usuario
1571,Testing trend stationarity of functional time series with application to yield and daily price curves,exclude,I5,sin_oa_confirmado
1572,The discriminative functional mixture model for a comparative analysis of bike sharing systems,exclude,E4,manual_access_pool_revisado_usuario
1573,Multivariate functional time series forecasting: Application to age-specific mortality rates,exclude,E4,manual_access_pool_revisado_usuario
1574,An innovations algorithm for the prediction of functional linear processes,exclude,E1,manual_access_pool_revisado_usuario
1575,White noise testing and model diagnostic checking for functional time series,exclude,I5,sin_oa_confirmado
1576,Forecasting binary longitudinal data by a functional PC-ARIMA model,exclude,E1,manual_access_pool_revisado_usuario
1577,Bootstrap for dependent Hilbert space-valued random variables with application to von Mises statistics,exclude,E1,manual_access_pool_revisado_usuario
1578,Clustering time series under the Fréchet distance,exclude,E1,auto_fetch_pool_revisado_usuario
1579,Detecting and dating structural breaks in functional data without dimension reduction,exclude,E1,auto_fetch_pool_revisado_usuario
1580,Some asymptotic results of a non-parametric conditional mode estimator for functional time-series data,exclude,I5,sin_oa_confirmado
1581,A functional data-analytic approach to the classification of species according to their spatial dispersion. Application to a marine macrobenthic community from the bay of Morlaix (western english channel),exclude,I5,sin_oa_confirmado
1582,An extension of the classical distance correlation coefficient for multivariate functional data with applications,exclude,E1,manual_access_pool_revisado_usuario
1583,A Simple Test for White Noise in Functional Time Series,exclude,E1,auto_fetch_pool_revisado_usuario
1585,Whole-volume clustering of time series data from zebrafish brain calcium images via mixture modeling,exclude,E4,manual_access_pool_revisado_usuario
1586,On the Prediction of Stationary Functional Time Series,exclude,E1,auto_fetch_pool_revisado_usuario
1587,Can personal dependency paths help to estimate life expectancy free of dependency?,exclude,I5,sin_oa_confirmado
1588,Applications of Functional Dynamic Factor Models,exclude,I5,sin_oa_confirmado
1589,Common functional principal components,exclude,E1,manual_access_pool_revisado_usuario
1590,Two sample inference for the second-order property of temporally dependent functional data,exclude,E1,manual_access_pool_revisado_usuario
1591,A Functional Stochastic Model for the Evolution of Spanish Stock Market,exclude,I5,sin_oa_confirmado
1592,A simulation model validation method based on functional data analysis,exclude,I5,sin_oa_confirmado
1593,Inference for the autocovariance of a functional time series under conditional heteroscedasticity,exclude,E1,segunda_revision_usuario_incluidos
1594,Evaluating stationarity via change-point alternatives with applications to fMRI data,exclude,E1,auto_fetch_pool_revisado_usuario
1595,Integrated data-driven analytics to identify instability signatures in nonstationary financial time series,exclude,I5,sin_oa_confirmado
1596,Bootstrapping functional data: A study of distributional property of sample eigenvalues,exclude,I5,sin_oa_confirmado
1597,Functional principal component analysis of financial time series,exclude,I5,sin_oa_confirmado
1598,Modelling a response as a function of high-frequency count data: The association between physical activity and fat mass,exclude,E4,auto_fetch_pool_revisado_usuario
1599,Functional principal component learning using oja's method and Sobolev norms,exclude,I5,sin_oa_confirmado
1601,Asymptotics for random functions moderated by dependent noise,exclude,I5,sin_oa_confirmado
1602,Locally stationary functional time series,exclude,E1,manual_access_pool_revisado_usuario
1603,KPSS test for functional time series,exclude,I5,sin_oa_confirmado
1604,Non Parametric Regression Quantile Estimation for Dependent Functional Data under Random Censorship: Asymptotic Normality,exclude,I5,sin_oa_confirmado
1606,Autoregressive forecasting of some functional climatic variations,exclude,I5,sin_oa_confirmado
1608,Trend Extraction in Functional Data of Amplitudes of R and T Waves in Exercise Electrocardiogram,exclude,I5,sin_oa_confirmado
1610,Efficiency in multivariate functional nonparametric models with autoregressive errors,exclude,E1,manual_access_pool_revisado_usuario
1611,Testing equality of means when the observations are from functional time series,exclude,I5,sin_oa_confirmado
1612,On-line clustering of functional boxplots for monitoring multiple streaming time series,exclude,I5,sin_oa_confirmado
1614,Empirical orthogonal function and functional data analysis procedures to impute long gaps in environmental data,exclude,I5,sin_oa_confirmado
1615,Functional data analysis for volatility,exclude,E1,auto_fetch_pool_revisado_usuario
1616,Forecasting of a hierarchical functional time series on example of macromodel for the day and night air pollution in silesia region - A critical overview,exclude,I5,sin_oa_confirmado
1619,Functional principal component analysis for the explorative analysis of multisite-multivariate air pollution time series with long gaps,exclude,I5,sin_oa_confirmado
1620,Bayesian nonparametric forecasting of monotonic functional time series,exclude,E1,manual_access_pool_revisado_usuario
1621,Goodness-of-fit tests for functional data,exclude,I5,sin_oa_confirmado
1622,Conditional estimation for dependent functional data,exclude,E1,manual_access_pool_revisado_usuario
1623,Canonical correlation for stochastic processes,exclude,E1,manual_access_pool_revisado_usuario
1624,Change point and trend analyses of annual expectile curves of tropical storms,exclude,I5,sin_oa_confirmado
1625,Vertically Weighted Averages in Hilbert Spaces and Applications to Imaging: Fixed-Sample Asymptotics and Efficient Sequential Two-Stage Estimation,exclude,I5,sin_oa_confirmado
1626,Introduction to Functional Data Analysis,exclude,E1,manual_access_pool_revisado_usuario
1627,Introducing Functional Data Analysis to Managerial Science,exclude,I5,sin_oa_confirmado
1630,A large deviation inequality for β-mixing time series and its applications to the functional kernel regression model,exclude,I5,sin_oa_confirmado
1631,FuncICA for time series pattern discovery,exclude,I5,manual_access_pool_revisado_usuario
1632,Varying coefficient functional autoregressive model with application to the U.S. treasuries,exclude,E1,manual_access_pool_revisado_usuario
1633,On two sample inference for eigenspaces in functional data analysis with dependent errors,exclude,I5,sin_oa_confirmado
1634,Selecting the number of principal components in functional data,exclude,E1,auto_fetch_pool_revisado_usuario
1635,Robust Functional Supervised Classification for Time Series,exclude,E1,manual_access_pool_revisado_usuario
1636,Mixture of functional linear models and its application to CO2-GDP functional data,exclude,I5,sin_oa_confirmado
1637,"Self modeling with flexible, random time transformations",exclude,I5,sin_oa_confirmado
1638,Best estimation of functional linear models,exclude,E1,manual_access_pool_revisado_usuario
1639,Functional Time Series,exclude,I5,sin_oa_confirmado
1640,Functional nonparametric model for time series: A fractal approach for dimension reduction,exclude,I5,sin_oa_confirmado
1641,Testing for asymmetry in betas of cumulative returns: Impact of the financial crisis and crude oil price,exclude,I5,sin_oa_confirmado
1642,Rate of uniform consistency for a class of mode regression on functional stationary ergodic data,exclude,I5,sin_oa_confirmado
1643,Identifying the spectral representation of Hilbertian time series,exclude,E1,auto_fetch_pool_revisado_usuario
1644,Multimode geometric-profile monitoring with correlated image data and its application to nanoparticle self-assembly processes,exclude,I5,sin_oa_confirmado
1645,Rainbow: An R package for visualizing functional time series,exclude,E1,auto_fetch_pool_revisado_usuario
1646,Functional principal component analysis of density families with categorical and continuous data on Canadian entrant manufacturing firms,exclude,I5,sin_oa_confirmado
1647,Forecasting intraday S&P 500 index returns: A functional time series approach,exclude,I5,sin_oa_confirmado
1648,"Nonparametric models for functional data, with application in regression, time-series prediction and curve discrimination",exclude,I5,sin_oa_confirmado
1649,Determining the order of the functional autoregressive model,exclude,I5,sin_oa_confirmado
1650,Statistical analysis of functional data,exclude,I5,sin_oa_confirmado
1651,Nonparametric time series prediction: A semi-functional partial linear modeling,exclude,E1,manual_access_pool_revisado_usuario
1653,Testing stationarity of functional time series,exclude,I5,sin_oa_confirmado
1654,Relative-error prediction in nonparametric functional statistics: Theory and practice,exclude,E1,manual_access_pool_revisado_usuario
1655,"Characterizing spatial-temporal patterns of landscape disturbance and recovery in western Alberta, Canada using a functional data analysis approach and remotely sensed data",exclude,I5,sin_oa_confirmado
1656,Portmanteau test of independence for functional observations,exclude,I5,sin_oa_confirmado
1657,Weakly dependent functional data,exclude,E1,manual_access_pool_revisado_usuario
1658,Dos enfoques para el análisis de componentes principales funcionales múltiples: Un estudio comparativo,exclude,I5,sin_oa_confirmado
1659,Estimation of the mean of functional time series and a two-sample problem,exclude,E1,manual_access_pool_revisado_usuario
1660,Functional factor analysis for periodic remote sensing data,exclude,E1,manual_access_pool_revisado_usuario
1661,On modeling and forecasting time series of smooth curves,exclude,I5,sin_oa_confirmado
1663,Optimal prediction for additive function-on-function regression,exclude,E1,manual_access_pool_revisado_usuario
1664,Forecasting implied volatility in foreign exchange markets: a functional time series approach,exclude,E1,auto_fetch_pool_revisado_usuario
1665,Adding Support for Theory in Open Science Big Data,exclude,I5,sin_oa_confirmado
1670,A semiparametric factor model for implied volatility surface dynamics,exclude,I5,sin_oa_confirmado
1671,Strong uniform consistency rates of conditional quantile estimation in the single functional index model under random censorship,exclude,E1,manual_access_pool_revisado_usuario
1672,Robust forecasting of mortality and fertility rates: A functional data approach,exclude,I5,manual_access_pool_revisado_usuario
1674,Modeling and forecasting electricity spot prices: A functional data perspective,exclude,E4,segunda_revision_usuario_incluidos
1675,Detection of outliers in functional time series,exclude,I5,sin_oa_confirmado
1676,A new Dirichlet process for mining dynamic patterns in functional data,exclude,I5,sin_oa_confirmado
1677,Discussion of different logistic models with functional data. Application to Systemic Lupus Erythematosus,exclude,I5,manual_access_pool_revisado_usuario
1678,"Nonparametric estimation of correlation functions in longitudinal and spatial data, with application to colon carcinogenesis experiments",exclude,E4,manual_access_pool_revisado_usuario
1679,Local half-region depth for functional data,exclude,E1,manual_access_pool_revisado_usuario
1680,Functional time series forecasting with dynamic updating: An application to intraday particulate matter concentration,exclude,E1,auto_fetch_pool_revisado_usuario
1681,Bootstrap methods for stationary functional time series,exclude,E1,auto_fetch_pool_revisado_usuario
1682,Testing the structural stability of temporally dependent functional observations and application to climate projections,exclude,E4,manual_access_pool_revisado_usuario
1683,Advances on asymptotic normality in non-parametric functional time series analysis,exclude,I5,sin_oa_confirmado
1684,Combining functional data projections for time series classification,exclude,E1,auto_fetch_pool_revisado_usuario
1686,"Signal regression models for location, scale and shape with an application to stock returns",exclude,E1,auto_fetch_pool_revisado_usuario
1687,Some research on functional data analysis,exclude,I5,sin_oa_confirmado
1688,Kriging unconventional production decline rate from geological and completion parameters,exclude,I5,sin_oa_confirmado
1689,Prediction of functional ARMA processes with an application to traffic data,exclude,E1,auto_fetch_pool_revisado_usuario
1690,Heterogeneous Spatial Dynamical Regression in a Hilbert-Valued Context,exclude,I5,sin_oa_confirmado
1691,Clustering chlorophyll-a satellite data using quantiles,exclude,I1,manual_access_pool_revisado_usuario
1692,On the asymptotic normality of kernel estimators of the long run covariance of functional time series,exclude,E1,manual_access_pool_revisado_usuario
1693,Outlier detection for geostatistical functional data: An application to sensor data,exclude,I5,sin_oa_confirmado
1694,Functional principal components analysis of shanghai stock exchange 50 index,include,I1,manual_access_pool_revisado_usuario
1696,Italian deposits time series forecasting via functional data analysis,exclude,I5,sin_oa_confirmado
1698,Testing linearity in semi-parametric functional data analysis,exclude,I5,sin_oa_confirmado
1699,Analysis of distribution valued dissimilarity data,exclude,I5,sin_oa_confirmado
1700,Pairwise comparison of treatment levels in functional analysis of variance with application to erythrocyte hemolysis,exclude,E4,manual_access_pool_revisado_usuario
1702,Predicting rainfall and irrigation requirements of corn in Ecuador,exclude,E4,manual_access_pool_revisado_usuario
1704,Bayesian variable selection for function-on-scalar regression models: A comparative analysis,exclude,I5,sin_oa_confirmado
1705,Functional ANOVA for Modelling Temperature Profiles in Ecuador,exclude,I5,sin_oa_confirmado
1706,Comparison of Positivity in Two Epidemic Waves of COVID-19 in Colombia with FDA,exclude,E4,manual_access_pool_revisado_usuario
1714,Optimal sampling for spatial prediction of functional data,exclude,I5,sin_oa_confirmado
1722,Bayesian Spatial Functional Data Clustering: Applications in Disease Surveillance,exclude,E1,auto_fetch_pool_revisado_usuario
1730,Optimizing Sowing Calendars for Climate-Resilient Common Bean Production in Central-Southern Brazil: A Functional Data Analysis Approach,exclude,E4,manual_access_pool_revisado_usuario
1731,Mapping price dynamics across electricity market designs: A functional data approach with STL decomposition,include,I1,manual_access_pool_revisado_usuario
1733,Functional PCA and cluster analysis for determining temperature patterns in Chile,exclude,I5,sin_oa_confirmado
1735,"Assessing the effects of multivariate functional outlier identification and sample robustification on identifying critical PM2.5 air pollution episodes in Medellín, Colombia",exclude,I5,sin_oa_confirmado
1738,Exploratory analysis of regionalized variables with functional methods,exclude,I5,sin_oa_confirmado
1741,Uncovering temporal and spatial patterns in public transport demand: A functional data analysis of smart card transactions in Bogotá,exclude,E4,manual_access_pool_revisado_usuario
1743,Disjoint and functional principal component analysis for infected cases and deaths due to covid-19 in south american countries with sensor-related data,exclude,E4,manual_access_pool_revisado_usuario
1749,Swimming in an ocean of curves: A functional approach to understanding elephant seal habitat use in the Argentine Basin,exclude,E4,manual_access_pool_revisado_usuario
1750,A Bayesian Functional Methodology for Dengue Risk Mapping in Latin America and the Caribbean,exclude,E5,auto_fetch_pool_revisado_usuario
1751,An Exploratory Analysis of COVID-19 in Latin America Using Functional Principal Component Analysis,exclude,I5,sin_oa_confirmado
1753,Sustainable visual analysis for bank non-performing loans and government debt distress,exclude,E1,manual_access_pool_revisado_usuario
1754,Residual kriging for functional spatial prediction of salinity curves,exclude,E4,manual_access_pool_revisado_usuario
1755,Weather-Driven Ensemble Logistic Models for Predicting Fusarium Head Blight of Wheat in Brazil,exclude,E4,manual_access_pool_revisado_usuario
1756,Spatio-temporal characterization of long-term solar resource using spatial functional data analysis: Understanding the variability and complementarity of global horizontal irradiance in Ecuador,exclude,I5,manual_access_pool_revisado_usuario
1760,PDE-regularised spatial quantile regression,exclude,I1,manual_access_pool_revisado_usuario
1762,Local Correlation Integral Approach for Anomaly Detection Using Functional Data,exclude,E4,manual_access_pool_revisado_usuario
1763,A Two-Stage GMFAMM Approximation for Joint Bias Correction of NASA POWER Hydroclimatic Data: The ColClim Web Application,exclude,I1,manual_access_pool_revisado_usuario
1765,A Bayesian Spatiotemporal Functional Model for Data With Block Structure and Repeated Measures,exclude,I1,manual_access_pool_revisado_usuario
1770,Acoustic seascape partitioning through functional data analysis,exclude,E4,manual_access_pool_revisado_usuario
1775,Multivariate functional random fields: prediction and optimal sampling,exclude,I5,sin_oa_confirmado
1777,Functional Data Analysis: A Meteorological Study Case in North of Ecuador,exclude,I5,sin_oa_confirmado
1778,Spatial functional data analysis for regionalizing precipitation seasonality and intensity in a sparsely monitored region: Unveiling the spatio-temporal dependencies of precipitation in Ecuador,exclude,I5,manual_access_pool_revisado_usuario
1779,Functional analysis of variance of air pollution caused by fine particles,exclude,E4,auto_fetch_pool_revisado_usuario
1783,Multivariate functional data modeling with time-varying clustering,exclude,E1,auto_fetch_pool_revisado_usuario
1787,"Two Stories of Wage Dynamics in Latin America: Different Policies, Different Outcomes",exclude,I5,sin_oa_confirmado
1789,"Spatio-temporal dynamics of water stress for common bean production in Goiás, Brazil",exclude,I5,sin_oa_confirmado
1790,Constructing a control chart using functional data,exclude,E4,manual_access_pool_revisado_usuario
1791,Case study of anomaly detection and quality control of energy efficiency and hygrothermal comfort in buildings,exclude,I5,manual_access_pool_revisado_usuario
1792,Forecasting pollen concentration by a two-step functional model,exclude,I5,sin_oa_confirmado
1797,Functional diffusion driven stochastic volatility model,exclude,E1,auto_fetch_pool_revisado_usuario
1798,Short-Term Electricity Prices Forecasting Using Functional Time Series Analysis,exclude,E1,manual_access_pool_revisado_usuario
1799,Dynamic functional time-series forecasts of foreign exchange implied volatility surfaces,include,I1,auto_fetch_pool_revisado_usuario
1800,Functional ARCH directional dependence via copula for intraday volatility from high-frequency financial time series,exclude,I5,sin_oa_confirmado
1802,Evaluation of a Functional Time Series Model for Forecasting Inflation in Uganda,exclude,I5,sin_oa_confirmado
1803,Optimal transport convergence of conditional distribution estimation for single-indexed locally stationary functional time series,exclude,E1,manual_access_pool_revisado_usuario
1804,Factor Modeling for High-Dimensional Functional Time Series,exclude,I5,sin_oa_confirmado
1805,Volatility asymmetry in functional threshold GARCH model,exclude,I5,sin_oa_confirmado
1806,"A comparative analysis of forecasting models for air temperature: Classical time series, machine learning, and functional approaches",exclude,E4,manual_access_pool_revisado_usuario
1808,A Functional Garch Model with Multiple Constant Parameters,exclude,I5,sin_oa_confirmado
1810,Dynamics of financial returns densities: A functional approach applied to the Bovespa intraday index,exclude,I5,sin_oa_confirmado
1811,Frontiers in time series and financial econometrics: An overview,exclude,I1,auto_fetch_pool_ia_no_reto
1812,Functional Stochastic Volatility in Financial Option Surfaces,exclude,I1,manual_access_pool_revisado_usuario
1813,A Plug-in Bandwidth Selection Procedure for Long-Run Covariance Estimation with Stationary Functional Time Series,exclude,E1,auto_fetch_pool_revisado_usuario
1814,Forecasting High-Dimensional Financial Functional Time Series: An Application to Constituent Stocks in Dow Jones Index,include,I1,manual_access_pool_revisado_usuario
1815,Testing for independence between functional time series,exclude,I5,manual_access_pool_revisado_usuario
1816,Simultaneous inference of the mean of functional time series,exclude,E1,segunda_revision_usuario_incluidos
1818,Forecasting stock index futures intraday returns: Functional time series model,include,I1,auto_fetch_pool_revisado_usuario
1820,Granger causality of bivariate stationary curve time series,exclude,E1,auto_fetch_pool_revisado_usuario
1821,Functional volatility forecasting,exclude,I5,manual_access_pool_revisado_usuario
1822,Modeling Functional Time Series and Mixed-Type Predictors With Partially Functional Autoregressions,exclude,I5,manual_access_pool_revisado_usuario
1823,Functional Conditional Volatility Modeling With Missing Data: Inference and Application to Energy Commodities,exclude,E1,manual_access_pool_revisado_usuario
1825,Drought interval simulation using functional data analysis,exclude,I5,sin_oa_confirmado
1826,Development of Functional Quantile Autoregressive Model for River Flow Curve Forecasting,exclude,E4,manual_access_pool_revisado_usuario
1827,Functional time series models for ultrafine particle distributions,exclude,E4,auto_fetch_pool_revisado_usuario
1830,Functional Volatility Relationship Analysis and Prediction in International Crude Oil Futures Markets,exclude,I5,sin_oa_confirmado
1832,Clustering-based improvement of nonparametric functional time series forecasting: Application to intra-day household-level load curves,exclude,I5,sin_oa_confirmado
1834,Augmented functional time series representation and forecasting with Gaussian processes,exclude,I5,sin_oa_confirmado
1835,On-line detection of changes in the shape of intraday volatility curves,exclude,I5,sin_oa_confirmado
1836,Advancing Economic Forecasting With Hybrid Time Series and Functional Models: Evidence From Electricity Demand Data,include,I1,manual_access_pool_revisado_usuario
1837,Exploring volatility of crude oil intraday return curves: A functional GARCH-X model,include,I1,manual_access_pool_revisado_usuario
1838,Sparse Contextual CDF Regression,exclude,I5,sin_oa_confirmado
1839,Nonlinear drivers and volatility of solar radiation variability in Asian megacities: a functional time-series approach,exclude,E4,auto_fetch_pool_revisado_usuario
1840,A functional time series analysis of forward curves derived from commodity futures,include,I1,auto_fetch_pool_revisado_usuario
1841,The chang-kim-park model of cointegrated density-valued time series cannot accommodate a stochastic trend,exclude,I5,sin_oa_confirmado
1842,A functional version of the arch model,exclude,E1,auto_fetch_pool_revisado_usuario
1843,Forecasting value at risk with intra-day return curves,exclude,E1,auto_fetch_pool_revisado_usuario
1844,Nonlinear autocorrelation function of functional time series,exclude,E1,auto_fetch_pool_revisado_usuario
1846,Change point detection for the intraday volatility using functional ARCH and conditional Copula,exclude,I5,sin_oa_confirmado
1847,Inference in functional factor models with applications to yield curves,exclude,E1,manual_access_pool_revisado_usuario
1848,A randomness test for functional panels,exclude,E1,manual_access_pool_revisado_usuario
1849,The dynamics of economic functions: Modeling and forecasting the yield curve,include,I1,auto_fetch_pool_revisado_usuario
1850,Functional Ergodic Time Series Analysis Using Expectile Regression,exclude,E1,manual_access_pool_revisado_usuario
1851,Five number summary approach to functional ARCH for high-frequency intraday volatility,exclude,I5,sin_oa_confirmado
1852,Fourier-type tests of mutual independence between functional time series,exclude,E1,manual_access_pool_revisado_usuario
1853,Stochastic evolution of distributions and functional Bollinger bands,exclude,I5,sin_oa_confirmado
1854,Functional linear models with latent factors,exclude,I5,manual_access_pool_revisado_usuario
1856,Stagewise crop yield prediction with multisource functional indices,exclude,I1,manual_access_pool_revisado_usuario
1857,Smooth and rough sample paths in mean derivative estimation for functional data,exclude,I5,sin_oa_confirmado
1858,Simultaneous inference for the distribution of functional principal component scores,exclude,I5,manual_access_pool_revisado_usuario
1859,Regionalization of China's PM₂.5: a robust functional spatial clustering with angular depth,exclude,I5,sin_oa_confirmado
1860,Minimax estimation of Functional Principal Components from noisy discretized functional data: the case of smooth processes,exclude,I5,auto_fetch_pool_revisado_usuario
1861,Distribution-Free Stochastic Analysis and Robust Multilevel Vector Field Anomaly Detection,exclude,I5,auto_fetch_pool_revisado_usuario
1862,Estimation of partial functional linear additive spatial lag quantile regression model,exclude,I5,sin_oa_confirmado
1863,Wavelet thresholding-based multi-layer perceptron for fall detection,exclude,I5,sin_oa_confirmado
1864,Locally sparse estimation for functional linear models with scalar response,exclude,I5,sin_oa_confirmado
1865,Prediction with mixed effects smooth models by using P-splines,exclude,I5,sin_oa_confirmado
1866,Statistical analysis of bivariate densities with compositional splines,exclude,I5,sin_oa_confirmado
1867,Efficient physics-informed smoothing of space-time functional data,exclude,I5,sin_oa_confirmado
1868,Innovative approach to wind direction data analyses: a compositional periodic spline representation in Bayes spaces,exclude,I5,sin_oa_confirmado
1869,Functional regression with shape constraints,exclude,I5,sin_oa_confirmado
1870,Robust penalized splines for location estimation from discretely sampled functional data,exclude,E1,auto_fetch_pool_revisado_usuario
1871,Comparison of deep learning methods for functional data,exclude,I5,sin_oa_confirmado
1872,Spectral analysis of multidimensional thermal fields,exclude,I5,sin_oa_confirmado
1873,An expansion of the functional projection pursuit regression to generalized partially linear single index models,exclude,I5,sin_oa_confirmado
1874,Local constant likelihood estimation for beta distribution with time varying parameters,exclude,E1,auto_fetch_pool_revisado_usuario
1875,Robust functional principal component analysis for non-Euclidean random objects,exclude,E1,manual_access_pool_revisado_usuario
1876,Latent process models for functional network data,exclude,I5,sin_oa_confirmado
1877,Covariate-informed bifidelity bias correction of distributional output,exclude,I5,sin_oa_confirmado
1878,Tutorial on Bayesian functional regression using Stan,exclude,E1,manual_access_pool_revisado_usuario
1879,Statistical inference for multivariate functional panel data,exclude,I5,manual_access_pool_revisado_usuario
1880,Statistical inference for mean functions of complex 3D objects,exclude,I5,manual_access_pool_revisado_usuario
1881,Functional partial linear regression with quadratic regression for the multivariate predictor,exclude,I5,sin_oa_confirmado
1882,Adaptive nonparametric estimation in the functional linear model with functional output,exclude,E1,manual_access_pool_revisado_usuario
1883,Bayesian functional region selection,exclude,E1,manual_access_pool_revisado_usuario
1884,Ultra-efficient MCMC for Bayesian longitudinal functional data analysis,exclude,E1,auto_fetch_pool_revisado_usuario
1886,Functional regression models with functional response: a new approach and a comparative study,exclude,I5,sin_oa_confirmado
1887,From dense to sparse design: optimal rates under the supremum norm for estimating the mean function in functional data analysis,exclude,I5,sin_oa_confirmado
1888,On metrics for analysis of functional data on geometric domains,exclude,E1,auto_fetch_pool_revisado_usuario
1889,Enhanced structural break detection in functional means,exclude,E1,manual_access_pool_revisado_usuario
1890,Anisotropic multidimensional smoothing using Bayesian tensor product P-splines,exclude,E1,auto_fetch_pool_revisado_usuario
1891,Inference for Model Misspecification in Interest Rate Term Structure using Functional Principal Component Analysis,exclude,E1,auto_fetch_pool_revisado_usuario
1892,Functional quadratic regression,exclude,I5,sin_oa_confirmado
1893,Sparse functional principal component analysis in a new regression framework,exclude,I5,sin_oa_confirmado
1894,Functional PLS logit regression model,exclude,E1,manual_access_pool_revisado_usuario
1895,Partial functional linear quantile regression,exclude,I5,sin_oa_confirmado
1896,Clusterwise functional linear regression models,exclude,I5,sin_oa_confirmado
1897,Dynamic prediction of disease progression for leukemia patients by functional principal component analysis of longitudinal expression levels of an oncogene,exclude,E4,manual_access_pool_revisado_usuario
1898,Statistical inference in the partial functional linear expectile regression model,exclude,I5,sin_oa_confirmado
1899,Hypotheses testing of functional principal components,exclude,E1,segunda_revision_usuario_incluidos
1900,On the estimation of functional random effects,exclude,I5,sin_oa_confirmado
1901,Sparse multivariate functional principal component analysis,exclude,I5,sin_oa_confirmado
1902,Estimation in functional partial linear composite quantile regression model,exclude,I5,sin_oa_confirmado
1903,Partial functional linear additive quantile regression model,exclude,I5,sin_oa_confirmado
1904,Efficient uncertainty quantification in stochastic finite element analysis based on functional principal components,exclude,I5,sin_oa_confirmado
1906,Applying functional principal components to structural topology optimization,exclude,I5,sin_oa_confirmado
1907,On linear regression models in infinite dimensional spaces with scalar response,exclude,E1,auto_fetch_pool_revisado_usuario
1910,Time series forecasting by principal component methods,exclude,I5,sin_oa_confirmado
1911,Clustering functional data into groups by using projections,exclude,I5,manual_access_pool_revisado_usuario
1912,Polynomial spline estimation for generalized partial functional linear regression models,exclude,I5,sin_oa_confirmado
1914,Partially function linear error-in-response models with validation data,exclude,I5,sin_oa_confirmado
1915,Functional linear models for the analysis of similarity of waveforms,exclude,I5,manual_access_pool_revisado_usuario
1916,Yield and price forecasting for stochastic crop decision planning,exclude,I5,sin_oa_confirmado
1917,Spatial Bayesian latent factor regression modeling of coordinate-based meta-analysis data,exclude,I1,auto_fetch_pool_ia_no_reto
1918,Estimation of functional partially linear quantile regression model with censored response,exclude,I5,sin_oa_confirmado
1919,Testing for error correlation in semi-functional linear models,exclude,I5,sin_oa_confirmado
1920,Empirical Bayesian smoothing splines for signals with correlated errors: methods and applications,exclude,I5,sin_oa_confirmado
1921,A wavelet approach to functional principal component analysis,exclude,I5,sin_oa_confirmado
1922,Nonparametric functional data analysis. Theory and practice.,exclude,I5,sin_oa_confirmado
1923,Some remarks on the Nelson-Siegel model,exclude,I5,sin_oa_confirmado
1924,Wavelets in functional data analysis,exclude,I5,auto_fetch_pool_revisado_usuario
1925,Functional data analysis for density functions by transformation to a Hilbert space,exclude,E1,manual_access_pool_revisado_usuario
1926,Ordering and selecting components in multivariate or functional data linear prediction,exclude,I5,sin_oa_confirmado
1927,Functional data analysis of payment systems,exclude,I5,sin_oa_confirmado
1928,A pairwise interaction model for multivariate functional and longitudinal data,exclude,I5,sin_oa_confirmado
1929,A universal kriging predictor for spatially dependent functional data of a Hilbert space,exclude,E1,manual_access_pool_revisado_usuario
1930,Bayesian curve registration of functional data,exclude,I5,sin_oa_confirmado
1931,Nonparametric local polynomial regression for functional covariates,exclude,I5,auto_fetch_pool_revisado_usuario
1932,The historical functional linear model,exclude,I5,sin_oa_confirmado
1933,How far can symmetry help? Phase transitions and symmetry selection in sparse functional data analysis,exclude,I5,auto_fetch_pool_revisado_usuario
1934,Robust functional linear regression based on splines,exclude,I5,manual_access_pool_revisado_usuario
1935,Weighted least squares methods for prediction in the functional data linear model,exclude,E1,manual_access_pool_revisado_usuario
1936,Functional estimation of the random rate of a Cox process,exclude,E1,manual_access_pool_revisado_usuario
1937,A topologically valid definition of depth for functional data,exclude,E1,manual_access_pool_revisado_usuario
1938,Nonparametric and semiparametric models in comparison of observations of a particle-size distribution,exclude,E1,auto_fetch_pool_revisado_usuario
1939,Functional data analysis by matrix completion,include,I1,auto_fetch_pool_revisado_usuario
1940,Sensitivity analysis and emulation for functional data using Bayesian adaptive splines,exclude,I5,auto_fetch_pool_revisado_usuario
1941,Nonparametric regression based on discretely sampled curves,exclude,I5,sin_oa_confirmado
1942,Variational Bayesian functional PCA,exclude,I5,sin_oa_confirmado
1943,Dimension reduction in functional regression with applications,exclude,I5,sin_oa_confirmado
1944,Heuristic framework for multiscale testing of the multi-manifold hypothesis,exclude,I1,auto_fetch_pool_revisado_usuario
1946,Conditional functional clustering for longitudinal data with heterogeneous nonlinear patterns,exclude,I5,sin_oa_confirmado
1947,Statistics of time warpings and phase variations,exclude,E1,manual_access_pool_revisado_usuario
1948,Nonparametric density estimation for intentionally corrupted functional data,exclude,E1,auto_fetch_pool_revisado_usuario
1949,Statistical analysis of temporal evolution in single-neuron firing rates,exclude,I5,manual_access_pool_revisado_usuario
1950,Empirical likelihood inference for mean functionals with nonignorably missing response data,exclude,I5,sin_oa_confirmado
1951,Compositional regression with functional response,exclude,E1,manual_access_pool_revisado_usuario
1952,Geodesic PCA in the Wasserstein space by convex PCA,exclude,E1,manual_access_pool_revisado_usuario
1953,A class of multi-resolution approximations for large spatial datasets,exclude,I1,auto_fetch_pool_revisado_usuario
1954,Higher-order accurate spectral density estimation of functional time series,exclude,E1,auto_fetch_pool_revisado_usuario
1955,Robust principal component analysis for functional data. (With comments),exclude,I5,sin_oa_confirmado
1957,Functional linear and single-index models: a unified approach via Gaussian Stein identity,exclude,E1,auto_fetch_pool_revisado_usuario
1958,The interval testing procedure: a general framework for inference in functional data analysis,exclude,I5,sin_oa_confirmado
1959,Linear regression models for functional data,exclude,I5,sin_oa_confirmado
1960,Statistical inference for functional time series,exclude,E1,manual_access_pool_revisado_usuario
1961,Significance tests for functional data with complex dependence structure,exclude,E1,auto_fetch_pool_revisado_usuario
1962,Functional data fitting and fairing with triangular B-splines,exclude,I5,sin_oa_confirmado
1963,Parseval inequalities and lower bounds for variance-based sensitivity indices,exclude,E1,manual_access_pool_revisado_usuario
1964,Computation of the harmonics-to-noise ratio of a voice signal using a functional data analysis algorithm,exclude,I5,sin_oa_confirmado
1965,Dyadic diagonalization of positive definite band matrices and efficient \(B\)-spline orthogonalization,exclude,I1,manual_access_pool_revisado_usuario
1966,A ridge estimator of the drift from discrete repeated observations of the solution of a stochastic differential equation,exclude,E1,manual_access_pool_revisado_usuario
1967,Robust estimation with a modified Huber's loss for partial functional linear models based on splines,exclude,I5,sin_oa_confirmado
1968,Testing for the rank of a covariance operator,exclude,I5,manual_access_pool_revisado_usuario
1969,Learning rates of regularized regression for functional data,exclude,I5,sin_oa_confirmado
1970,Some first inferential tools for spatial regression with differential regularization,exclude,E1,manual_access_pool_revisado_usuario
1972,Nonparametric clustering of functional data using pseudo-densities,exclude,E1,manual_access_pool_revisado_usuario
1973,Crisp and fuzzy k-means clustering algorithms for multivariate functional data,exclude,I5,sin_oa_confirmado
1974,Function-on-scalar quantile regression with application to mass spectrometry proteomics data,exclude,E4,auto_fetch_pool_revisado_usuario
1975,Log-contrast regression with functional compositional predictors: linking preterm infants' gut microbiome trajectories to neurobehavioral outcome,exclude,E4,manual_access_pool_revisado_usuario
1976,Robust estimation for partial functional linear regression model based on modal regression,exclude,I5,sin_oa_confirmado
1977,Modern nonlinear function-on-function regression,exclude,E1,auto_fetch_pool_revisado_usuario
1978,Adaptive inference for the mean of a Gaussian process in functional data,exclude,I5,sin_oa_confirmado
1979,Efficient Bayesian shape-restricted function estimation with constrained Gaussian process priors,exclude,E1,auto_fetch_pool_revisado_usuario
1980,Estimation in functional linear quantile regression,exclude,E1,auto_fetch_pool_revisado_usuario
1981,Modeling spatially dependent functional data via regression with differential regularization,exclude,E1,manual_access_pool_revisado_usuario
1982,Energy minimization method for scattered data Hermite interpolation,exclude,I5,sin_oa_confirmado
1984,Integro sextic spline interpolation and its super convergence,exclude,I5,sin_oa_confirmado
1985,Triangular spline estimation for the functional linear model,exclude,I5,sin_oa_confirmado
1986,Functional boxplots for multivariate curves,exclude,I5,sin_oa_confirmado
1988,"Analysis of target data-dependent greedy kernel algorithms: convergence rates for \(f\)-, \(f \cdot P\)- and \(f/P\)-greedy",exclude,I1,auto_fetch_pool_revisado_usuario
1990,Gaussian tree constraints applied to acoustic linguistic functional data,exclude,E4,manual_access_pool_revisado_usuario
1991,A roughness penalty approach to estimate densities over two-dimensional manifolds,exclude,E1,manual_access_pool_revisado_usuario
1992,Comments on ``Modular regression -- a Lego system for building structured additive distributional regression models with tensor product interactions'',exclude,I5,sin_oa_confirmado
1993,Penalized spline estimation for functional coefficient regression models,exclude,E1,manual_access_pool_revisado_usuario
1994,Marginal distance and Hilbert-Schmidt covariances-based independence tests for multivariate functional data,exclude,E1,auto_fetch_pool_revisado_usuario
1996,Regularized functional regression modeling for functional response and predictors,exclude,I5,sin_oa_confirmado
1997,A new distance with derivative information for functional \(k\)-means clustering algorithm,exclude,I5,sin_oa_confirmado
1998,Nonparametric pointwise estimation for a regression model with multiplicative noise,exclude,E1,manual_access_pool_revisado_usuario
1999,B-spline estimations of partially functional linear multiplicative model,exclude,I5,sin_oa_confirmado
2001,Robust penalized M-estimation for function-on-function linear regression,exclude,I5,sin_oa_confirmado
2002,Generalized linear models for geometrical current predictors: an application to predict garment fit,exclude,E1,auto_fetch_pool_revisado_usuario
2004,Functional archetype and archetypoid analysis,exclude,I5,manual_access_pool_revisado_usuario
2006,Bivariate knot selection procedure and interpolation perturbed in scale and shape,exclude,I5,sin_oa_confirmado
2007,Principal components analysis and cyclostationarity,exclude,E1,manual_access_pool_revisado_usuario
2008,Bayesian analysis of spatially-dependent functional responses with spatially-dependent multi-dimensional functional predictors,exclude,I5,sin_oa_confirmado
2009,Functional data analysis in an operator-based mixed-model framework,exclude,E1,manual_access_pool_revisado_usuario
2010,Simulation of fuzzy random variables,exclude,I5,manual_access_pool_revisado_usuario
2011,Functional partial linear single index spatial autoregressive model,exclude,I5,sin_oa_confirmado
2012,Robust non-parametric tests for imaging data based on data depth,exclude,I5,sin_oa_confirmado
2014,Projection pursuit based tests of normality with functional data,exclude,I5,sin_oa_confirmado
2016,Functional data learning by Hilbert feedforward neural networks,exclude,I5,sin_oa_confirmado
2017,Penalty spline estimators for partial functional linear models,exclude,I5,sin_oa_confirmado
2018,Adaptive functional mixed NHPP models for the analysis of recurrent event panel data,exclude,I5,sin_oa_confirmado
2020,Hypothesis testing in partial functional linear spatial autoregressive model,exclude,I5,sin_oa_confirmado
2025,Finding standard dental arch forms from a nationwide standard occlusion study using a Gaussian functional mixture model,exclude,I5,sin_oa_confirmado
2026,Penalized relative error estimation of a partially functional linear multiplicative model,exclude,I5,sin_oa_confirmado
2027,Mixture of segmentation for heterogeneous functional data,exclude,E4,manual_access_pool_revisado_usuario
2028,A state space model for non-stationary functional data,exclude,I5,sin_oa_confirmado
2029,Functional incremental least square regression algorithm,exclude,I5,sin_oa_confirmado
2030,High-dimensional functional graphical model structure learning via neighborhood selection approach,exclude,E1,segunda_revision_usuario_incluidos
2031,Statistical inference for partial functional varying coefficient binary choice model,exclude,I5,sin_oa_confirmado
2032,Simultaneous estimations of optimal directions and optimal transformations for functional data,exclude,I5,sin_oa_confirmado
2033,A functional approach to nonparametric forecasting of electricity consumption,exclude,I5,sin_oa_confirmado
2034,Local optimization of black-box functions with high or infinite-dimensional inputs: application to nuclear safety,exclude,E4,manual_access_pool_revisado_usuario
2035,Continuous and atlas-free analysis of brain structural connectivity,exclude,E1,auto_fetch_pool_revisado_usuario
2036,Posterior concentration for a misspecified Bayesian regression model with functional covariates,exclude,E1,manual_access_pool_revisado_usuario
2037,Distribution of a Non-parametric Wavelet-based Statistic for Functional Data,exclude,I5,auto_fetch_pool_revisado_usuario
2038,Multivariate functional response low-rank regression with an application to brain imaging data,exclude,I5,manual_access_pool_revisado_usuario
2040,Adaptive LASSO for selecting Fourier coefficients in a functional smooth time-varying cointegrating regression: an application to the Feldstein-Horioka puzzle,exclude,I5,sin_oa_confirmado
2043,A stochastic process representation for time warping functions,exclude,I5,sin_oa_confirmado
2045,Functional linear regression for functional response via sparse basis selection,exclude,I5,sin_oa_confirmado
2046,An empirical study for the estimation of autoregressive Hilbertian processes by wavelet packet method,exclude,I5,sin_oa_confirmado
2047,Linear predictive functional model on environmental data: modeling choices,exclude,I5,sin_oa_confirmado
2048,On the validity of the bootstrap hypothesis testing in functional linear regression,exclude,I5,sin_oa_confirmado
2049,Functional horseshoe smoothing for functional trend estimation,include,I1,manual_access_pool_revisado_usuario
2050,Nonparametric regression based on discretely sampled curves,exclude,I5,auto_fetch_pool_revisado_usuario
2051,Investigating swimming technical skills by a double partition clustering of multivariate functional data allowing for dimension selection,exclude,E4,auto_fetch_pool_revisado_usuario
2052,Double-wavelet transform for multisubject task-induced functional magnetic resonance imaging data,exclude,I1,manual_access_pool_revisado_usuario
2053,A unified approach for testing in Hilbert spaces on incomplete data,exclude,I5,auto_fetch_pool_revisado_usuario
2054,A high accuracy quasi-interpolating operator for linear functional data,exclude,I5,sin_oa_confirmado
2055,Functional classification of ornamental stone using machine learning techniques,exclude,E4,manual_access_pool_revisado_usuario
2056,An estimation procedure in a model defined by estimating equations with functional data,exclude,I5,sin_oa_confirmado
2057,Unsupervised Bayesian clustering for functional data,exclude,I5,sin_oa_confirmado
2059,Variable selection for sparse functional regression model and an empirical analysis,exclude,I5,sin_oa_confirmado
2061,Functional experiment design for the analysis of colour changes in granite using new functional colour coordinates,exclude,E4,manual_access_pool_revisado_usuario
2065,Multivariate Functional Principal Component Analysis for Data Observed on Different (Dimensional) Domains,exclude,E1,auto_fetch_pool_revisado_usuario
2066,Functional Data Analysis for Sparse Longitudinal Data,exclude,I5,sin_oa_confirmado
2067,Principal component estimation of functional logistic regression: discussion of two different approaches,exclude,I5,manual_access_pool_revisado_usuario
2068,M-estimation for functional linear regression,exclude,I5,sin_oa_confirmado
2069,Functional sufficient dimension reduction based on weighted method,exclude,I5,sin_oa_confirmado
2070,Quantile regression in functional linear semiparametric model,exclude,I5,sin_oa_confirmado
2071,Partial functional linear regression with autoregressive errors,exclude,I5,sin_oa_confirmado
2072,Computer Model Calibration Using High-Dimensional Output,exclude,I5,sin_oa_confirmado
2073,The effect of pre-smoothing functional data on cluster analysis,exclude,I5,sin_oa_confirmado
2074,Functional Censored Quantile Regression,exclude,I5,sin_oa_confirmado
2076,Functional Mixed Effects Clustering with Application to Longitudinal Urologic Chronic Pelvic Pain Syndrome Symptom Data,exclude,E4,manual_access_pool_revisado_usuario
2078,Generalized spatial regression with differential regularization,exclude,I5,manual_access_pool_revisado_usuario
2079,"Bayesian Framework for Simultaneous Registration and Estimation of Noisy, Sparse, and Fragmented Functional Data",exclude,E1,manual_access_pool_revisado_usuario
2080,A Unified View of Nonparametric Trend-Cycle Predictors Via Reproducing Kernel Hilbert Spaces,exclude,I5,sin_oa_confirmado
2081,Ultra-Fast Approximate Inference Using Variational Functional Mixed Models,exclude,E1,auto_fetch_pool_revisado_usuario
2082,Bayesian Multiscale Modeling of Closed Curves in Point Clouds,exclude,E4,manual_access_pool_revisado_usuario
2083,Clustering time-course microarray data using functional Bayesian infinite mixture model,exclude,I5,auto_fetch_pool_revisado_usuario
2084,Robust Principal Component Functional Logistic Regression,exclude,I5,sin_oa_confirmado
2085,Locally Sparse Function-on-Function Regression,exclude,E1,auto_fetch_pool_revisado_usuario
2086,A median test for functional data,exclude,E1,manual_access_pool_revisado_usuario
2087,Functional Discriminant Coordinates,exclude,I5,sin_oa_confirmado
2088,Wavelet-based SPC procedure for complicated functional data,exclude,I5,sin_oa_confirmado
2089,Projection-based classification for functional data,exclude,I5,sin_oa_confirmado
2090,Improving prediction performance of stellar parameters using functional models,exclude,E4,auto_fetch_pool_revisado_usuario
2091,Nonparametric Density Estimation for Functional Data via Wavelets,exclude,I5,sin_oa_confirmado
2092,Network Functional Varying Coefficient Model,exclude,I5,manual_access_pool_revisado_usuario
2093,Inference for Density Families Using Functional Principal Component Analysis,exclude,I5,sin_oa_confirmado
2094,Liquidity commonality does not imply liquidity resilience commonality: a functional characterisation for ultra-high frequency cross-sectional LOB data,exclude,E4,auto_fetch_pool_revisado_usuario
2095,Index Models for Sparsely Sampled Functional Data,exclude,E1,manual_access_pool_revisado_usuario
2096,Modeling Price Dynamics in eBay Auctions Using Differential Equations,exclude,I5,sin_oa_confirmado
2098,Testing Stability in Functional Event Observations with an Application to IPO Performance,exclude,E4,auto_fetch_pool_revisado_usuario
2099,Conditional VAR and Expected Shortfall: A New Functional Approach,exclude,I5,manual_access_pool_revisado_usuario
2100,Bootstrapping covariance operators of functional time series,exclude,E1,auto_fetch_pool_revisado_usuario
2101,Principal Component Analysis of Spatially Indexed Functions,exclude,I5,manual_access_pool_revisado_usuario
2102,Detecting the complexity of a functional time series,exclude,I5,manual_access_pool_revisado_usuario
2103,Single functional index quantile regression under general dependence structure,exclude,I5,sin_oa_confirmado
2104,Randomly censored quantile regression estimation using functional stationary ergodic data,exclude,I5,sin_oa_confirmado
2105,A comparison study of control charts for statistical monitoring of functional data,exclude,I5,manual_access_pool_revisado_usuario
2107,On a minimum distance estimate of the period in functional autoregressive processes,exclude,I5,sin_oa_confirmado
2108,Kernel conditional quantile estimator for functional regressors under a twice censorship model,exclude,I5,sin_oa_confirmado
2110,Nonparametric Causal Inference with Functional Covariates,exclude,E1,manual_access_pool_revisado_usuario
2111,Functional linear model,exclude,I5,sin_oa_confirmado
2112,Simplicial principal component analysis for density functions in Bayes spaces,exclude,I5,manual_access_pool_revisado_usuario
2113,Dependent functional linear models with applications to monitoring structural change,exclude,E1,auto_fetch_pool_revisado_usuario
2114,Functional modelling and classification of longitudinal data,exclude,I5,sin_oa_confirmado
2115,Predictive functional linear models with diverging number of semiparametric single-index interactions,exclude,E1,manual_access_pool_revisado_usuario
2116,Modelling electricity prices as functional data on random domains,exclude,I5,sin_oa_confirmado
2117,Functional response models.,exclude,I5,sin_oa_confirmado
2118,Functional data analysis.,include,I1,auto_fetch_pool_revisado_usuario
2119,Functional data analysis,exclude,I5,sin_oa_confirmado
2120,Inference for functional data with applications,exclude,I5,sin_oa_confirmado
2121,"Brownian Motion with a Pulse: A Biostatistician's Guide to Diffusions, Bridges, Functional PCA, and First-Passage Models",exclude,E1,auto_fetch_pool_revisado_usuario
2122,Local Whittle estimation of long-range dependence for functional time series,exclude,E1,auto_fetch_pool_revisado_usuario
2124,Common functional principal component models for mortality forecasting,exclude,I5,sin_oa_confirmado
2125,Semiparametric modeling of implied volatility.,exclude,I5,sin_oa_confirmado
2126,A learning algorithm combining functional discriminant coordinates and functional principal components,exclude,I5,sin_oa_confirmado
2127,On the evolution of the united kingdom price distributions,exclude,E4,manual_access_pool_revisado_usuario
2128,Convergence of covariance and spectral density estimates for high-dimensional functional time series,exclude,I5,auto_fetch_pool_revisado_usuario
2129,Functional approach to the random mean of a compound Cox process,exclude,I5,sin_oa_confirmado
2130,Functional principal component analysis for cointegrated functional time series,exclude,E1,manual_access_pool_revisado_usuario
2131,Semiparametric models with functional responses in a model assisted survey sampling setting: model assisted estimation of electricity consumption curves,exclude,I5,sin_oa_confirmado
2134,Rank method for partial functional linear regression models,exclude,I5,sin_oa_confirmado
2135,Bayesian estimation of functional spatial autoregressive model,exclude,I5,sin_oa_confirmado
2136,Explaining functional principal component analysis to actuarial science with an example on vehicle insurance,exclude,I5,sin_oa_confirmado
2138,Structural break analysis for spectrum and trace of covariance operators,exclude,E1,auto_fetch_pool_revisado_usuario
2139,Modeling the effect of recurrent events on time-to-event processes by means of functional data,exclude,I5,sin_oa_confirmado
2140,Estimation of total electricity consumption curves of small areas by sampling in a finite population,exclude,I5,sin_oa_confirmado
2141,The functional AR(1) process with a unit root,exclude,I5,auto_fetch_pool_revisado_usuario
2142,Estimation of partial functional linear regression model under dependent condition,exclude,I5,sin_oa_confirmado
2143,Mortality prediction using survival energy models with functional data analysis,exclude,E4,auto_fetch_pool_revisado_usuario
2144,Estimation and variable selection for partial functional linear regression,exclude,I5,sin_oa_confirmado
2145,Functional classwise principal component analysis: a classification framework for functional data analysis,exclude,I5,sin_oa_confirmado
2146,The handbook of functional data analysis. An introduction,exclude,I5,sin_oa_confirmado
2147,Applied functional data analysis. Methods and case studies,exclude,I5,sin_oa_confirmado
2148,Dependent functional data,exclude,E1,manual_access_pool_revisado_usuario
2149,On functional data analysis and related topics,exclude,I5,manual_access_pool_revisado_usuario
2150,Functional data analysis of the dynamics of the monthly index of nondurable goods production.,exclude,I5,sin_oa_confirmado
2151,Functional data analysis in electronic commerce research,exclude,E4,manual_access_pool_revisado_usuario
2152,Linear manifold modelling of multivariate functional data,exclude,I5,sin_oa_confirmado
2153,Factor models for high-dimensional functional time series,exclude,I5,sin_oa_confirmado
2155,Change point analysis for functional data using empirical characteristic functionals,exclude,E1,manual_access_pool_revisado_usuario
2156,Monitoring the intraday volatility pattern,exclude,I5,sin_oa_confirmado
2157,A general framework to quantify deviations from structural assumptions in the analysis of nonstationary function-valued processes,exclude,I5,sin_oa_confirmado
2159,Analysis of spatio-temporal mobile phone data: a case study in the metropolitan area of Milan,exclude,I5,manual_access_pool_revisado_usuario
2160,"Estimation of eigenvalues, eigenvectors and scores in FDA models with dependent errors",exclude,E1,manual_access_pool_revisado_usuario
2161,Detecting relevant changes in the spatiotemporal mean function,exclude,E1,manual_access_pool_revisado_usuario
2162,Conditional distribution regression for functional responses,exclude,I5,sin_oa_confirmado
2163,Change point tests in functional factor models with application to yield curves,exclude,E1,manual_access_pool_revisado_usuario
2164,Selected statistical methods of data analysis for multivariate functional data,exclude,E1,auto_fetch_pool_revisado_usuario
2165,"Time-warped growth processes, with applications to the modeling of boom-bust cycles in house prices",exclude,E4,manual_access_pool_revisado_usuario
2167,Some recent developments in inference for geostatistical functional data,exclude,E1,auto_fetch_pool_revisado_usuario
2168,Functional data analysis and mixed effect models,exclude,I5,sin_oa_confirmado
2169,Prokhorov Metric Convergence of the Partial Sum Process for Reconstructed Functional Data,exclude,I5,auto_fetch_pool_revisado_usuario
2170,Data-driven dimension reduction in functional principal component analysis identifying the change-point in functional data,exclude,I5,sin_oa_confirmado
2171,Functional response additive model estimation with online virtual stock markets,exclude,E4,manual_access_pool_revisado_usuario
2172,Curve forecasting by functional autoregression,exclude,I1,manual_access_pool_revisado_usuario
2173,Sequential monitoring for detection of breaks in panel data,exclude,I5,sin_oa_confirmado
2174,Uniform confidence bands for joint angles across different fatigue phases,exclude,I5,sin_oa_confirmado
2175,Single functional index model under responses MAR and dependent observations,exclude,I5,sin_oa_confirmado
2176,Gradual changes in functional time series,exclude,E1,manual_access_pool_revisado_usuario
2177,Specification test for conditional distribution with functional data,exclude,I5,sin_oa_confirmado
2178,Valuation of large variable annuity portfolios under nested simulation: a functional data approach,exclude,I5,sin_oa_confirmado
2180,Multiscale Change Point Detection for Functional Time Series,exclude,I5,auto_fetch_pool_revisado_usuario
2181,Extremal dependence measure for functional data,exclude,E1,manual_access_pool_revisado_usuario
2182,Simplicial band depth for multivariate functional data,exclude,I5,sin_oa_confirmado
2183,Forecasting PC-ARIMA models for functional data,exclude,I5,sin_oa_confirmado
2184,Change point analysis for time series,exclude,E1,auto_fetch_pool_revisado_usuario
2185,"Estimating causal effects in studies of human brain function: new models, methods and estimands",exclude,I1,manual_access_pool_revisado_usuario
2186,Spectral density estimation of function-valued spatial processes,exclude,I5,sin_oa_confirmado
2187,Detecting and estimating changes in dependent functional data,exclude,E1,manual_access_pool_revisado_usuario
2189,Testing equality of autocovariance operators for functional time series,exclude,E1,auto_fetch_pool_revisado_usuario
2190,The Granger-Johansen representation theorem for integrated time series on Banach space,exclude,E1,manual_access_pool_revisado_usuario
2191,Modeling on-line art auction dynamics using functional data analysis,exclude,E4,manual_access_pool_revisado_usuario
2193,Test of independence for functional data,exclude,E1,manual_access_pool_revisado_usuario
2196,Continuous-time autoregressive moving-average processes in Hilbert space,exclude,I5,sin_oa_confirmado
2197,Representation of I(1) and I(2) autoregressive Hilbertian processes,exclude,I1,auto_fetch_pool_revisado_usuario
2198,The Christoffel-Darboux kernel for data analysis,exclude,I1,auto_fetch_pool_ia_no_reto
2199,Detecting deviations from second-order stationarity in locally stationary functional time series,exclude,E1,auto_fetch_pool_revisado_usuario
2200,Asymptotic normality of conditional density estimation in the single index model for functional time series data,exclude,I5,sin_oa_confirmado
2201,Cointegration in functional autoregressive processes,exclude,E1,auto_fetch_pool_revisado_usuario
2202,Atm transaction simulation: combination of ACDs and Cox process,exclude,E1,auto_fetch_pool_ia_no_reto
2203,Anomaly detection: a functional analysis perspective,exclude,E1,auto_fetch_pool_revisado_usuario
2204,Functional nonparametric statistics in action,exclude,I5,sin_oa_confirmado
2205,Structural change in volatility in China's stock market: a functional data analysis,exclude,I5,sin_oa_confirmado
2206,Statistical inference for the slope parameter in functional linear regression,exclude,E1,manual_access_pool_revisado_usuario
2207,Functional linear regression with mixed predictors,exclude,I5,auto_fetch_pool_revisado_usuario
2208,An LRD spectral test for irregularly discretely observed functional time series in manifolds,exclude,I5,sin_oa_confirmado
2209,Asymptotic normality of spectral means of Hilbert space valued random processes,exclude,I5,sin_oa_confirmado
2211,A conformal approach for distribution-free prediction of functional data,exclude,I5,manual_access_pool_revisado_usuario
2212,Nearest neighbors estimation for long memory functional data,exclude,I5,sin_oa_confirmado
2213,Learning with signatures,exclude,I5,sin_oa_confirmado
2214,Template based functional prediction with applications to noninvasive mechanical ventilation and surface EMG techniques,exclude,E4,manual_access_pool_revisado_usuario
2215,On the estimation of invertible functional time series,exclude,I5,sin_oa_confirmado
2216,Consistency of the regression estimator with functional data under long memory conditions,exclude,E1,manual_access_pool_revisado_usuario
2217,Confidence surfaces for the mean of locally stationary functional time series,exclude,I5,manual_access_pool_revisado_usuario
2218,Forecasting online auctions via self-exciting point processes,exclude,I5,sin_oa_confirmado
2220,Seasonal functional autoregressive models,exclude,I5,manual_access_pool_revisado_usuario
2221,On distributional autoregression and iterated transportation,exclude,I1,manual_access_pool_revisado_usuario
2222,Markov switching tensor regressions,exclude,I5,sin_oa_confirmado
2224,Functional sieve bootstrap for the partial sum process with an application to change-point detection,exclude,E1,manual_access_pool_revisado_usuario
2225,Shape-preserving prediction for stationary functional time series,exclude,E1,manual_access_pool_revisado_usuario
2226,On the rate of convergence for the autocorrelation operator in functional autoregression,exclude,E1,manual_access_pool_revisado_usuario
2228,Joint models for grid point and response processes in longitudinal and functional data,exclude,E1,auto_fetch_pool_revisado_usuario
2229,Varying coefficient models for sparse noise-contaminated longitudinal data,exclude,I1,manual_access_pool_revisado_usuario
2230,Testing equality of spectral density operators for functional processes,exclude,E1,auto_fetch_pool_revisado_usuario
2231,Distributional Limit Theory for Optimal Transport,exclude,I1,auto_fetch_pool_ia_no_reto
2232,Interval-valued functional clustering based on the Wasserstein distance with application to stock data,exclude,I5,sin_oa_confirmado
2233,Surface functional models,exclude,E1,manual_access_pool_revisado_usuario
2234,Parametric conditional mean inference with functional data applied to lifetime income curves,exclude,E1,manual_access_pool_revisado_usuario
2235,The autoregression bootstrap for kernel estimates of smooth nonlinear functional time series,exclude,I5,auto_fetch_pool_revisado_usuario
2236,A one-way ANOVA test for functional data with graphical interpretation.,exclude,E1,auto_fetch_pool_revisado_usuario
2238,Detecting changes in functional linear models,exclude,E1,manual_access_pool_revisado_usuario
2239,Analysing the complexity mixture structure of daily probability densities of Bitcoin returns,exclude,I5,sin_oa_confirmado
2240,On the instrument functional form with a binary endogenous explanatory variable,exclude,I5,sin_oa_confirmado
2242,State space models for functional time series,exclude,I5,sin_oa_confirmado
2243,On filter-type estimation of discretely sampled cyclic long-memory processes,exclude,I5,auto_fetch_pool_revisado_usuario
2244,Rates of strong consistencies of the regression function estimator for functional stationary ergodic data,exclude,I5,sin_oa_confirmado
2245,Asymptotic properties of nonparametric M-estimation for mixing functional data,exclude,I5,sin_oa_confirmado
2246,Fitting multivariate Erlang mixtures to data: a roughness penalty approach,exclude,I5,sin_oa_confirmado
2247,Asymptotics for spherical functional autoregressions,exclude,E1,auto_fetch_pool_revisado_usuario
2248,Linear hypothesis testing for weighted functional data with applications,exclude,I5,sin_oa_confirmado
2249,Harmonically weighted processes,exclude,I5,sin_oa_confirmado
2250,The ARHD model,exclude,E1,manual_access_pool_revisado_usuario
2251,Preprocessing noisy functional data: a multivariate perspective,exclude,E1,manual_access_pool_revisado_usuario
2253,Nonlinear factor-augmented predictive regression models with functional coefficients,exclude,E1,auto_fetch_pool_revisado_usuario
2254,Prediction models with functional data for variables related with energy production,exclude,I5,sin_oa_confirmado
2255,Efficient inference of longitudinal/functional data models with time-varying additive structure,exclude,I5,sin_oa_confirmado
2256,Optimal model averaging estimator for semi-functional partially linear models,exclude,I5,sin_oa_confirmado
2257,Instrumental variable estimation in functional linear models,exclude,E4,manual_access_pool_revisado_usuario
2259,Tests for detecting hidden periodicities in functional time series,exclude,I5,sin_oa_confirmado
2261,Functional Extreme-PLS,exclude,I5,auto_fetch_pool_revisado_usuario
2262,A more powerful test identifying the change in mean of functional data,exclude,I5,sin_oa_confirmado
2263,Minimax prediction in the Functional Autoregressive Model,exclude,I5,auto_fetch_pool_revisado_usuario
2265,Efficient estimation of integrated volatility functionals under general volatility dynamics,exclude,E1,segunda_revision_usuario_incluidos
2266,Estimation for high-frequency data under parametric market microstructure noise,exclude,I1,auto_fetch_pool_ia_no_reto
2267,Estimation and simulation of autoregressive Hilbertian processes with exogenous variables,exclude,I5,sin_oa_confirmado
2268,Long range dependence spectral testing from discretely observed functional time series in manifolds,exclude,I5,auto_fetch_pool_revisado_usuario
2270,Gaussian Differentially Private Human Faces Under a Face Radial Curve Representation,exclude,I5,auto_fetch_pool_revisado_usuario
2271,Detecting practically significant dependencies in metric spaces via distance correlations,exclude,I1,auto_fetch_pool_ia_no_reto
2272,Supervised classification of geometrical objects by integrating currents and functional data analysis,exclude,I5,sin_oa_confirmado
2273,Functional approach to analysis of daily tax revenues,include,I1,auto_fetch_pool_revisado_usuario
2274,Exponential mixing properties of nonlinear functional autoregressive models,exclude,I5,auto_fetch_pool_revisado_usuario
2275,Rates of convergence of autocorrelation estimates for autoregressive Hilbertian processes,exclude,I5,sin_oa_confirmado
2276,Estimating lagged (cross-)covariance operators of \(L^p\)-\(m\)-approximable processes in Cartesian product Hilbert spaces,exclude,E1,manual_access_pool_revisado_usuario
2278,Multi-spectral decomposition of functional autoregressive models,exclude,I5,sin_oa_confirmado
2279,Linear Processes for Functional Data,exclude,I5,auto_fetch_pool_revisado_usuario
2280,Resolvent estimators for functional autoregressive processes with random coefficients,exclude,I5,sin_oa_confirmado
2281,Dynamic modeling for multivariate functional and longitudinal data,exclude,I5,sin_oa_confirmado
2282,Strong uniform consistency rates of conditional density estimation in the single functional index model for functional data under random censorship,exclude,I5,sin_oa_confirmado
2283,Functional time series model identification and diagnosis by means of auto- and partial autocorrelation analysis,exclude,I5,sin_oa_confirmado
2284,On projection methods for functional time series forecasting,exclude,E1,manual_access_pool_revisado_usuario
2286,Logratio approach to distributional modeling,exclude,I5,sin_oa_confirmado
2287,Uniform almost complete convergence of nonparametric regression estimate in single function index model,exclude,I5,sin_oa_confirmado
2289,A class of functional partially linear single-index models,exclude,E1,manual_access_pool_revisado_usuario
2290,A General Theory for Large-Scale Curve Time Series via Functional Stability Measure,exclude,I5,auto_fetch_pool_revisado_usuario
2291,Neural networks in Fréchet spaces,exclude,I5,sin_oa_confirmado
2292,"Dynamical multiple regression in function spaces, under kernel regressors, with ARH(1) errors",exclude,I5,sin_oa_confirmado
2293,Testing marginal homogeneity in Hilbert spaces with applications to stock market returns,exclude,E1,auto_fetch_pool_revisado_usuario
2294,Forecasting non stationary function-valued process. Application to the electricity load demand,exclude,I5,sin_oa_confirmado
2295,Bootstrap in semi-functional partial linear regression under dependence,exclude,I5,sin_oa_confirmado
2296,Consistency of recursive nonparametric kernel estimates for independent functional data,exclude,E1,auto_fetch_pool_revisado_usuario
2297,A new approach to bootstrap inference in functional coefficient models,exclude,E1,manual_access_pool_revisado_usuario
2298,Geostatistical functional data analysis,exclude,I5,sin_oa_confirmado
2299,Variable selection for functional additive models and an application to the population age structure data,exclude,I5,sin_oa_confirmado
2300,Adaptive estimation for weakly dependent functional times series,exclude,E1,manual_access_pool_revisado_usuario
2301,Functional profile techniques for claims reserving,exclude,I5,sin_oa_confirmado
2302,Mantel test for spatial functional data. An application to infiltration curves,exclude,I5,sin_oa_confirmado
2303,Nonparametric multivariate \(L_{1}\)-median regression estimation with functional covariates,exclude,E1,manual_access_pool_revisado_usuario
2304,Uncovering data across continua: an introduction to functional data analysis,exclude,E2,auto_fetch_pool_revisado_usuario
2306,"Best linear predictor of a \(C_{[0, 1]}\)-valued functional autoregressive process",exclude,I5,sin_oa_confirmado
2307,Testing a parametric function against a non-parametric alternative in IV and GMM settings,exclude,I5,manual_access_pool_revisado_usuario
2308,Mixing conditions of conjugate processes,exclude,I5,auto_fetch_pool_revisado_usuario
2311,SPHARMA approximations for stationary functional time series on the sphere,exclude,E1,auto_fetch_pool_revisado_usuario
2313,Nonparametric local linear regression estimation for censored data and functional regressors,exclude,I5,sin_oa_confirmado
2314,Testing with functional time series,exclude,I5,sin_oa_confirmado
2316,Real-time anomaly detection of spatial processes via functional conformal-prediction bands,exclude,I5,sin_oa_confirmado
2317,Bayes Hilbert space additive density-on-scalar regression based on individual observations,exclude,E1,manual_access_pool_revisado_usuario
2319,A second order approach to analyse spatial point patterns with functional marks,exclude,I5,sin_oa_confirmado
2321,The maximum of the periodogram of Hilbert space valued time series,exclude,I5,auto_fetch_pool_revisado_usuario
2322,Forecasting density-valued functional panel data,exclude,I5,sin_oa_confirmado
2323,Exponential bounds and convergence rates of sieve estimators for functional autoregressive processes,exclude,I5,sin_oa_confirmado
2324,A uniform bound on the operator norm of sub-Gaussian random matrices and its applications,exclude,I1,auto_fetch_pool_ia_no_reto
2325,Regression models with correlated errors based on functional random design,exclude,I5,sin_oa_confirmado
2326,Using complex surveys to estimate the \(L_1\)-median of a functional variable: application to electricity load curves,exclude,I1,auto_fetch_pool_revisado_usuario
2327,Supervised classification of functional data via ensembles of different functional representations,exclude,I5,sin_oa_confirmado
2328,Functional lagged regression,exclude,I5,sin_oa_confirmado
2330,Mining functional data in prediction markets,exclude,I5,sin_oa_confirmado
2331,Forecasting the US term structure of interest rates using nonparametric functional data analysis,exclude,I5,sin_oa_confirmado
2332,The \(k\)-nearest neighbors method in single index regression model for functional quasi-associated time series data,exclude,I5,sin_oa_confirmado
2333,Lasso estimation for spherical autoregressive processes,exclude,E1,manual_access_pool_revisado_usuario
2334,Sieves estimator of functional autoregressive process,exclude,I5,sin_oa_confirmado
2335,Limit theory and inference about conditional distributions,exclude,I5,sin_oa_confirmado
2337,A Bayesian estimation method for the functional spatial error model,exclude,E1,auto_fetch_pool_revisado_usuario
2338,Statistical inference of locally stationary functional coefficient models,exclude,I5,sin_oa_confirmado
2339,A note on asymptotic normality of a copula function in regression model,exclude,I5,sin_oa_confirmado
2340,Addressing class imbalance in functional data clustering,exclude,I5,sin_oa_confirmado
2341,Time series regression for zero-inflated and overdispersed count data: a functional response model approach,exclude,I5,sin_oa_confirmado
2342,Functional SAC model: with application to spatial econometrics,exclude,E1,auto_fetch_pool_revisado_usuario
2344,On partial-sum processes of ARMAX residuals,exclude,E1,manual_access_pool_revisado_usuario
2345,A signature-based functional spatial autoregressive model,exclude,E1,manual_access_pool_revisado_usuario
2347,Rate of uniform consistency for nonparametric of the conditional quantile estimate with functional variables in the single functional index model,exclude,I5,sin_oa_confirmado
2349,CLT for single functional index quantile regression under dependence structure,exclude,E1,auto_fetch_pool_revisado_usuario
2350,A clustering method for economic aggregates by using concentration curves,exclude,I5,sin_oa_confirmado
2351,Functional local linear estimate for functional relative-error regression,exclude,I5,sin_oa_confirmado
2352,Functional prediction in the Spanish electricity market,exclude,I5,sin_oa_confirmado
2353,The EE-Classifier: A classification method for functional data based on extremality indexes,exclude,I5,auto_fetch_pool_revisado_usuario
2354,PLS methods for the analysis of functional data,exclude,I5,sin_oa_confirmado
2355,A quantitative comparison of stochastic mortality models on Italian population data,exclude,I5,manual_access_pool_revisado_usuario
2357,Test of partial separability for multivariate functional data,exclude,I5,manual_access_pool_revisado_usuario
2359,"The comprehensive ranking method of multi-type data with functional data -- comprehensive ranking of economic and environmental level of major cities in provinces, cities and autonomous regions of China",exclude,I5,sin_oa_confirmado
2367,Intra-day co-movements of crude oil futures: China and the international benchmarks,exclude,E1,auto_fetch_pool_ia_no_reto
2368,On a state-space modelling for functional data,exclude,E1,manual_access_pool_revisado_usuario
2369,Aggregated load curves estimation in presence of asynchronous individual meter data,exclude,I5,sin_oa_confirmado
2372,Detecting changes in Hilbert space data based on ''repeated'' and change-aligned principal components,exclude,I5,auto_fetch_pool_revisado_usuario
2381,Asymptotic efficiency in high-dimensional covariance estimation,exclude,I5,sin_oa_confirmado
2382,An Adaptive Functional Autoregressive Forecast Model to Predict Electricity Price Curves,exclude,I5,sin_oa_confirmado
2383,Forecasting age distribution of life-table death counts via <i>α</i> -transformation,exclude,E4,auto_fetch_pool_revisado_usuario
2384,Stock market trend prediction using a functional time series approach,exclude,I5,sin_oa_confirmado
2385,Grouped multivariate and functional time series forecasting: an application to annuity pricing,exclude,E4,auto_fetch_pool_revisado_usuario
2386,Modeling seasonality and serial dependence of electricity price curves with warping functional autoregressive dynamics,exclude,E1,segunda_revision_usuario_incluidos
2387,Functional quantile autoregression,exclude,I5,sin_oa_confirmado
2388,Forecasting age distribution of deaths: cumulative distribution function transformation,exclude,I1,manual_access_pool_revisado_usuario
2390,Influence of forecasting electricity prices in the optimization of complex hydrothermal systems,exclude,E1,manual_access_pool_revisado_usuario
2391,Inference on the dimension of the nonstationary subspace in functional time series,exclude,E1,auto_fetch_pool_revisado_usuario
2392,Dynamic principal component regression: application to age-specific mortality forecasting,exclude,E4,auto_fetch_pool_revisado_usuario
2395,Cointegration and representation of cointegrated autoregressive processes in Banach spaces,exclude,E1,auto_fetch_pool_revisado_usuario
2396,The influence of fiscal and monetary policies on the shape of the yield curve,exclude,I1,manual_access_pool_revisado_usuario
2397,A Frequentist Approach to Change Point Detection: Methods and Applications,exclude,I5,auto_fetch_pool_revisado_usuario
2398,Testing for common trends and patterns in functional time series data,exclude,I5,sin_oa_confirmado
2399,A bootstrap-based KPSS test for functional time series,exclude,E1,manual_access_pool_revisado_usuario
2400,Cointegrated Density-Valued Linear Processes,exclude,I5,auto_fetch_pool_revisado_usuario
2401,Machine Learning Assisted Orthonormal Basis Selection for Functional Data Analysis,exclude,I5,auto_fetch_pool_revisado_usuario
2402,Generalized dynamic functional principal component analysis,exclude,I5,auto_fetch_pool_revisado_usuario
2403,A wavelet-based method in aggregated functional data analysis,exclude,I5,auto_fetch_pool_revisado_usuario
2404,Covariance estimation for derivatives of functional data using an additive penalty in P-splines,exclude,E1,auto_fetch_pool_revisado_usuario
2405,Efficient Multidimensional Functional Data Analysis Using Marginal Product Basis Systems,exclude,I5,auto_fetch_pool_revisado_usuario
2406,Efficient Bayesian hierarchical functional data analysis with basis function approximations using Gaussian-Wishart processes,exclude,I5,auto_fetch_pool_revisado_usuario
2407,Estimation of Functional Principal Components from Sparse Functional Data,exclude,I5,auto_fetch_pool_revisado_usuario
2408,Efficient spline orthogonal basis for representation of density functions,exclude,I5,auto_fetch_pool_revisado_usuario
2409,Splines 'n Lines: Rest-frame galaxy spectral energy distributions via Bayesian functional data analysis,exclude,I5,auto_fetch_pool_revisado_usuario
2410,Sparse Functional Principal Component Analysis in High Dimensions,include,I1,auto_fetch_pool_revisado_usuario
2411,Compositional splines for representation of density functions,exclude,E1,auto_fetch_pool_revisado_usuario
2412,Constrained variable clustering and the best basis problem in functional data analysis,exclude,E1,auto_fetch_pool_revisado_usuario
2413,Online Functional Principal Component Analysis on a Multidimensional Domain,include,I1,auto_fetch_pool_revisado_usuario
2414,Bayesian Multivariate Sparse Functional Principal Components Analysis,include,I1,auto_fetch_pool_revisado_usuario
2415,Filtrated Common Functional Principal Components for Multivariate Functional data,include,I1,auto_fetch_pool_revisado_usuario
2416,Functional principal component analysis with informative observation times,exclude,E1,auto_fetch_pool_revisado_usuario
2417,Penalized Spline M-Estimators for Discretely Sampled Functional Data: Existence and Asymptotics,exclude,E1,auto_fetch_pool_revisado_usuario
2418,Inference for Model Misspecification in Interest Rate Term Structure using Functional Principal Component Analysis,exclude,E1,auto_fetch_pool_revisado_usuario
2419,Distribution of a Non-parametric Wavelet-based Statistic for Functional Data,exclude,E1,segunda_revision_usuario_incluidos
2421,Bayesian Functional Data Analysis over Dependent Regions and Its Application for Identification of Differentially Methylated Regions,exclude,E4,auto_fetch_pool_revisado_usuario
2422,Randomized Spline Trees for Functional Data Classification: Theory and Application to Environmental Time Series,exclude,E1,auto_fetch_pool_revisado_usuario
2423,Fast Bayesian Basis Selection for Functional Data Representation with Correlated Errors,include,I1,auto_fetch_pool_revisado_usuario
2424,Wavelet-based estimation in aggregated functional data with positive and correlated errors,exclude,E4,auto_fetch_pool_revisado_usuario
2425,Splinets -- Orthogonal Splines and FDA for the Classification Problem,exclude,E1,auto_fetch_pool_revisado_usuario
2428,Wavelet-Based Bayesian Hierarchical Modeling with Regularized Horseshoe Priors for Spatially Correlated Functional Data,exclude,E4,auto_fetch_pool_revisado_usuario
2429,Functional Random Forest with Adaptive Cost-Sensitive Splitting for Imbalanced Functional Data Classification,exclude,E1,auto_fetch_pool_ia_no_reto
2430,BAMIFun: Bayesian Multiple Imputation for Functional Data,exclude,E1,auto_fetch_pool_revisado_usuario
2431,Flexible joint models for multivariate longitudinal and time-to-event data using multivariate functional principal components,exclude,E1,auto_fetch_pool_revisado_usuario
2432,BFDA: A Matlab Toolbox for Bayesian Functional Data Analysis,exclude,E1,auto_fetch_pool_revisado_usuario
2433,Wavelet Functional Data Analysis for FANOVA Models under Dependent Errors,exclude,E1,auto_fetch_pool_revisado_usuario
2434,"Splinets -- splines through the Taylor expansion, their support sets and orthogonal bases",include,I1,auto_fetch_pool_revisado_usuario
2435,Object-Oriented Software for Functional Data,exclude,E1,auto_fetch_pool_revisado_usuario
2436,A Wavelet-Based Independence Test for Functional Data with an Application to MEG Functional Connectivity,exclude,E1,auto_fetch_pool_revisado_usuario
2437,Simulation studies to compare bayesian wavelet shrinkage methods in aggregated functional data,exclude,E1,auto_fetch_pool_revisado_usuario
2438,Mixtures of Spatial Spline Regressions,exclude,I5,auto_fetch_pool_revisado_usuario
2439,FunctionalCalibration: an R package for estimation in aggregated functional data model,exclude,E1,auto_fetch_pool_revisado_usuario
2440,Functional Data Analysis by Matrix Completion,include,I1,auto_fetch_pool_revisado_usuario
2441,Fast Bivariate Penalized Splines: the Sandwich Smoother,exclude,E1,auto_fetch_pool_revisado_usuario
2442,Ultra-efficient MCMC for Bayesian longitudinal functional data analysis,exclude,E1,auto_fetch_pool_revisado_usuario
2443,Fast Covariance Estimation for Sparse Functional Data,exclude,E1,auto_fetch_pool_revisado_usuario
2444,Efficient Covariance Estimation for Sparsified Functional Data,exclude,E1,auto_fetch_pool_revisado_usuario
2445,Bayesian mixtures of spatial spline regressions,exclude,E1,auto_fetch_pool_revisado_usuario
2446,Wavelet estimation of the dimensionality of curve time series,exclude,E1,auto_fetch_pool_revisado_usuario
2447,Compositional Periodic Spline Approximation for Circular Density Data in Bayes Spaces,exclude,E1,auto_fetch_pool_revisado_usuario
2448,Bivariate Densities in Bayes Spaces: Orthogonal Decomposition and Spline Representation,exclude,E1,auto_fetch_pool_revisado_usuario
2449,Benchmarking time series classification -- Functional data vs machine learning approaches,exclude,E4,auto_fetch_pool_revisado_usuario
2450,Bayesian Change Point Detection for Functional Data,exclude,E1,auto_fetch_pool_revisado_usuario
2451,Bayesian local clustering of functional data via semi-Markovian random partitions,exclude,E1,auto_fetch_pool_revisado_usuario
2452,Reconciling Functional Data Regression with Excess Bases,include,I1,auto_fetch_pool_revisado_usuario
2453,Bayesian Nonparametric Detection of Anomalies in Multivariate Functional Data,exclude,E1,auto_fetch_pool_revisado_usuario
2454,On Metrics for Analysis of Functional Data on Geometric Domains,exclude,I1,auto_fetch_pool_ia_no_reto
2455,Penalized likelihood estimation of probability density functions using compositional splines,exclude,E1,auto_fetch_pool_revisado_usuario
2456,Mixed Gaussian Projections for Two-Sample Testing of Functional Data,exclude,E1,auto_fetch_pool_revisado_usuario
2457,Fast Covariance Estimation for Multivariate Sparse Functional Data,exclude,E1,auto_fetch_pool_revisado_usuario
2458,Bayesian Graphical Models for Multivariate Functional Data,exclude,E1,auto_fetch_pool_revisado_usuario
2459,Robust joint modeling of sparsely observed paired functional data,exclude,E1,auto_fetch_pool_revisado_usuario
2460,A geometric approach to maximum likelihood estimation of the functional principal components from sparse longitudinal data,exclude,E1,auto_fetch_pool_revisado_usuario
2461,"Bayesian Framework for Simultaneous Registration and Estimation of Noisy, Sparse and Fragmented Functional Data",exclude,E1,auto_fetch_pool_revisado_usuario
2462,Clustering nonstationary circadian rhythms using locally stationary wavelet representations,exclude,I1,auto_fetch_pool_revisado_usuario
2463,A topologically valid definition of depth for functional data,exclude,E1,auto_fetch_pool_revisado_usuario
2464,Explainable Outlier Detection for Multivariate Functional Data,exclude,E1,auto_fetch_pool_revisado_usuario
2465,Nonparametric Transient Classification using Adaptive Wavelets,exclude,E1,segunda_revision_usuario_incluidos
2466,Trend Filtering for Functional Data,exclude,E1,auto_fetch_pool_revisado_usuario
2467,A novel generalized additive scalar-on-function regression model for partially observed multidimensional functional data: An application to air quality classification,exclude,E1,auto_fetch_pool_revisado_usuario
2468,Bayesian repulsive mixture model for multivariate functional data,exclude,E1,auto_fetch_pool_revisado_usuario
2469,Clustering of functional data prone to complex heteroscedastic measurement error,exclude,E1,auto_fetch_pool_revisado_usuario
2470,Graph-constrained Analysis for Multivariate Functional Data,exclude,E1,auto_fetch_pool_revisado_usuario
2471,Basis Expansions for Functional Snippets,exclude,E1,auto_fetch_pool_revisado_usuario
2472,Structural adaptation and rate accelerated estimation in bivariate functional data,exclude,E1,auto_fetch_pool_revisado_usuario
2473,A functional-data approach to the Argo data,exclude,E4,auto_fetch_pool_revisado_usuario
2474,Functional Bipartite Ranking: a Wavelet-Based Filtering Approach,exclude,E1,auto_fetch_pool_revisado_usuario
2475,Sufficient conditions for proper posteriors in fully-Bayesian Functional PCA,include,I1,auto_fetch_pool_revisado_usuario
2476,From dense to sparse design: Optimal rates under the supremum norm for estimating the mean function in functional data analysis,exclude,E1,auto_fetch_pool_revisado_usuario
2477,A Hierarchical Model for Aggregated Functional Data,exclude,E1,auto_fetch_pool_revisado_usuario
2478,Multiple testing for outlier detection in functional data,exclude,E1,auto_fetch_pool_revisado_usuario
2479,Bayesian Function-on-Function Regression for Spatial Functional Data,exclude,E1,auto_fetch_pool_revisado_usuario
2481,Enhancing Spatial Functional Linear Regression with Robust Dimension Reduction Methods,exclude,E1,auto_fetch_pool_revisado_usuario
2482,A novel framework for detecting multiple change points in functional data sequences,exclude,E1,auto_fetch_pool_revisado_usuario
2483,Nonparametric density estimation for intentionally corrupted functional data,exclude,E1,auto_fetch_pool_revisado_usuario
2484,Variation Pattern Classification of Functional Data,exclude,E1,auto_fetch_pool_revisado_usuario
2485,Scalable Function-on-Scalar Quantile Regression for Densely Sampled Functional Data,exclude,E1,auto_fetch_pool_revisado_usuario
2486,Gaussian Tree Constraints Applied to Acoustic Linguistic Functional Data,exclude,E4,auto_fetch_pool_revisado_usuario
2487,Post-Nonlinear Sparse Component Analysis Using Single-Source Zones and Functional Data Clustering,exclude,E1,auto_fetch_pool_revisado_usuario
2489,High-dimensional Bayesian Fourier Analysis For Detecting Circadian Gene Expressions,exclude,I1,auto_fetch_pool_revisado_usuario
2491,Factor-augmented model for functional data,exclude,E3,auto_fetch_pool_ia_no_reto
2492,"Controlling Statistical, Discretization, and Truncation Errors in Learning Fourier Linear Operators",exclude,I1,auto_fetch_pool_ia_no_reto
2493,Modeling Multivariate Mixed-Response Functional Data,exclude,E1,auto_fetch_pool_revisado_usuario
2494,Classification of pediatric pneumonia using chest X-rays by functional regression,exclude,E4,auto_fetch_pool_revisado_usuario
2496,A Fourier continuation framework for high-order approximations,exclude,I1,auto_fetch_pool_ia_no_reto
2497,Bayesian Semiparametric Orthogonal Tucker Factorized Mixed Models for Multi-dimensional Longitudinal Functional Data,exclude,E1,auto_fetch_pool_revisado_usuario
2498,Functional Multidimensional Scaling,exclude,E1,auto_fetch_pool_revisado_usuario
2499,Wavelet-based genetic association analysis of functional phenotypes arising from high-throughput sequencing assays,exclude,E4,auto_fetch_pool_revisado_usuario
2500,Functional Clustering of Survival Data via Smoothed Log-Hazard Trajectories: A Risk-Dynamics Perspective,exclude,E1,auto_fetch_pool_revisado_usuario
2501,Fast symmetric additive covariance smoothing,exclude,E1,auto_fetch_pool_revisado_usuario
2502,Bayesian semiparametric modelling of biomarker variability in joint models,exclude,E4,auto_fetch_pool_revisado_usuario
2503,Dynamics of Liquidity Surfaces in Uniswap v3,exclude,E1,auto_fetch_pool_revisado_usuario
2504,A Multivariate Multilevel Longitudinal Functional Model for Repeatedly Observed Human Movement Data,exclude,E4,auto_fetch_pool_revisado_usuario
2505,Cosine Series Representation,include,I1,auto_fetch_pool_revisado_usuario
2506,Mapping-to-Parameter Nonlinear Functional Regression with Novel B-spline Free Knot Placement Algorithm,exclude,E1,auto_fetch_pool_revisado_usuario
2508,Spatial function-on-function quantile regression,exclude,E1,auto_fetch_pool_revisado_usuario
2509,A functional joint model with baseline functional covariates: linking sitting accumulation patterns to physical function and mortality among older women,exclude,E4,auto_fetch_pool_revisado_usuario
2510,Generalized Linear Models for Geometrical Current predictors. An application to predict garment fit,exclude,E1,auto_fetch_pool_revisado_usuario
2511,Nonparametric regression based on discretely sampled curves,exclude,E1,auto_fetch_pool_revisado_usuario
2514,Recovering the Underlying Trajectory from Sparse and Irregular Longitudinal Data,include,I1,auto_fetch_pool_revisado_usuario
2515,Profile Estimation for Partial Functional Partially Linear Single-Index Model,exclude,E1,auto_fetch_pool_revisado_usuario
2516,High-Dimensional Functional Mixed-effect Model for Bilevel Repeated Measurements,exclude,E1,auto_fetch_pool_revisado_usuario
2517,"Generalized Multivariate Functional Additive Mixed Models for Location, Scale, and Shape",exclude,E1,auto_fetch_pool_revisado_usuario
2518,Aggregated functional data model for Near-Infrared Spectroscopy calibration and prediction,exclude,E4,auto_fetch_pool_revisado_usuario
2520,Continuous-time multivariate analysis,exclude,E1,auto_fetch_pool_revisado_usuario
2521,Functional Additive Mixed Models,exclude,E1,auto_fetch_pool_revisado_usuario
2522,On estimation of the effect lag of predictors and prediction in functional linear model,exclude,E1,auto_fetch_pool_revisado_usuario
2523,A comparison of parameter estimation in function-on-function regression,exclude,E1,auto_fetch_pool_revisado_usuario
2525,A Study of Functional Depths,exclude,I1,auto_fetch_pool_ia_no_reto
2526,Distribution-Free Stochastic Analysis and Robust Multilevel Vector Field An,exclude,E3,auto_fetch_pool_ia_no_reto
2528,An Understanding of Principal Differential Analysis,exclude,E1,auto_fetch_pool_revisado_usuario
2529,Theoretical Properties of Projection Based Multilayer Perceptrons with Functional Inputs,exclude,E4,auto_fetch_pool_revisado_usuario
2532,Modeling continuous monitoring glucose curves by Beta generalized non-param,exclude,I1,auto_fetch_pool_ia_no_reto
2533,Sieve Bootstrap for Functional Time Series,exclude,E1,auto_fetch_pool_revisado_usuario
2534,A Functional Approach to Curve Alignment and Shape Analysis,exclude,E1,auto_fetch_pool_revisado_usuario
2535,Locally Sparse Function on function Regression,exclude,E1,auto_fetch_pool_revisado_usuario
2536,Robust smoothed canonical correlation analysis for functional data,exclude,E1,auto_fetch_pool_revisado_usuario
2537,Applying Non-negative Matrix Factorization with Covariates to the Longitudinal Data as Growth Curve Model,exclude,E1,auto_fetch_pool_revisado_usuario
2539,Conditional multivariate functional PCA for the reconstruction of temperature and salinity profiles partially sampled by deep-diving marine mammals,exclude,E4,auto_fetch_pool_revisado_usuario
2540,Classification of EEG recordings in auditory brain activity via a logistic functional linear regression model,exclude,E1,auto_fetch_pool_revisado_usuario
2541,A functional approach to deconvolve dynamic neuroimaging data,exclude,E4,auto_fetch_pool_revisado_usuario
2543,Adaptive inference for the mean of a stochastic process in functional data,exclude,E1,segunda_revision_usuario_incluidos
2544,Functional linear and single-index models: A unified approach via Gaussian Stein identity,exclude,E1,auto_fetch_pool_revisado_usuario
2545,Interpretable sparse SIR for functional data,exclude,E1,auto_fetch_pool_revisado_usuario
2546,smoothEM: a new approach for the simultaneous assessment of smooth patterns and spikes,include,I1,auto_fetch_pool_revisado_usuario
2547,A Novel Statistical Method Based on Dynamic Models for Classification,exclude,E1,auto_fetch_pool_revisado_usuario
2549,Model-based regression clustering for high-dimensional data. Application to functional data,exclude,E1,auto_fetch_pool_revisado_usuario
2550,Testing marginal homogeneity in Hilbert spaces with applications to stock market returns,exclude,E1,auto_fetch_pool_revisado_usuario
2551,Band Depth based initialization of $k$-Means for functional data clustering,exclude,E1,auto_fetch_pool_revisado_usuario
2552,Optimal rates for estimating the covariance kernel from synchronously sampled functional data,exclude,E1,auto_fetch_pool_revisado_usuario
2554,DeepFRC: An End-to-End Deep Learning Model for Functional Registration and Classification,exclude,E1,auto_fetch_pool_revisado_usuario
2555,Nonparametric function-on-scalar regression using deep neural networks,exclude,E1,auto_fetch_pool_revisado_usuario
2556,Adaptive Ridge-Regularized Hotelling Change-Point Tests for Functional Data,exclude,E1,auto_fetch_pool_revisado_usuario
2557,Unified theory of testing relevant hypotheses in functional time series,exclude,E1,auto_fetch_pool_revisado_usuario
2558,Enhanced Change-Point Detection in Functional Means,include,I1,auto_fetch_pool_revisado_usuario
2559,Minimum regularized covariance trace estimator and outlier detection for functional data,exclude,E1,manual_access_pool_revisado_usuario
2560,Dynamic Function-on-Scalars Regression,exclude,E1,auto_fetch_pool_revisado_usuario
2561,Robust Functional Regression with Discretely Sampled Predictors,exclude,E1,auto_fetch_pool_revisado_usuario
2562,Local Optimization of Black-Box Function with High or Infinite-Dimensional Inputs,exclude,E4,auto_fetch_pool_revisado_usuario
2563,Approximation of RKHS Functionals by Neural Networks,exclude,E1,auto_fetch_pool_revisado_usuario
2565,Functional Horseshoe Smoothing for Functional Trend Estimation,include,I1,auto_fetch_pool_revisado_usuario
2566,A Multi-Layer Regression based Predicable Function Fitting Network,exclude,I1,auto_fetch_pool_ia_no_reto
2567,A class of multi-resolution approximations for large spatial datasets,exclude,I1,auto_fetch_pool_revisado_usuario
2570,Bayesian functional graphical models,exclude,E1,auto_fetch_pool_revisado_usuario
2571,Bayesian Function-on-Scalars Regression for High Dimensional Data,exclude,E1,auto_fetch_pool_revisado_usuario
2572,Statistical Inference for High Dimensional Panel Functional Time Series,exclude,E1,auto_fetch_pool_revisado_usuario
2573,Semiparametric Functional Factor Models with Bayesian Rank Selection,include,I1,auto_fetch_pool_revisado_usuario
2574,gptools: Scalable Gaussian Process Inference with Stan,exclude,E1,auto_fetch_pool_ia_no_reto
2575,Model Testing for Generalized Scalar-on-Function Linear Models,exclude,E1,auto_fetch_pool_revisado_usuario
2576,Deep functional multiple index models with an application to SER,exclude,E1,auto_fetch_pool_revisado_usuario
2577,Spatial Clustering of Curves with Functional Covariates: A Bayesian Partitioning Model with Application to Spectra Radiance in Climate Study,exclude,E1,auto_fetch_pool_revisado_usuario
2579,Deep Survival Analysis for Competing Risk Modeling with Functional Covariates and Missing Data Imputation,exclude,E1,auto_fetch_pool_revisado_usuario
2581,FAME: Adaptive Functional Attention with Expert Routing for Function-on-Function Regression,exclude,E1,auto_fetch_pool_revisado_usuario
2582,Uncovering Regions of Maximum Dissimilarity on Random Process Data,exclude,I1,auto_fetch_pool_revisado_usuario
2583,Functional-Edged Network Modeling,exclude,E1,auto_fetch_pool_revisado_usuario
2584,Partially Functional Dynamic Backdoor Diffusion-based Causal Model,exclude,E1,auto_fetch_pool_revisado_usuario
2585,A unified approach for testing in Hilbert spaces on incomplete data,exclude,E1,auto_fetch_pool_revisado_usuario
2586,Function-On-Function Regression Through Separable Neural Operators,exclude,E1,auto_fetch_pool_revisado_usuario
2588,High-dimensional Functional Graphical Model Structure Learning via Neighborhood Selection Approach,exclude,E4,auto_fetch_pool_revisado_usuario
2589,Semi-parametric Functional Classification via Path Signatures Logistic Regression with Adaptive Order Selection,exclude,E1,auto_fetch_pool_revisado_usuario
2590,Flexible Bayesian Nonparametric Product Mixtures for Multi-scale Functional Clustering,exclude,E1,auto_fetch_pool_revisado_usuario
2591,Adaptive Ridge-Penalized Functional Local Linear Regression,exclude,E1,auto_fetch_pool_revisado_usuario
2592,Regression Analyses of Distributions using Quantile Functional Regression,exclude,E1,auto_fetch_pool_revisado_usuario
2594,Probabilistic size-and-shape functional mixed models,exclude,E1,auto_fetch_pool_revisado_usuario
2599,Functional proportional hazards mixture cure model and its application to modelling the association between cancer mortality and physical activity in NHANES 2003-2006,exclude,E4,auto_fetch_pool_revisado_usuario
2600,Testing for the Rank of a Covariance Operator,exclude,E1,auto_fetch_pool_revisado_usuario
2601,"Gaussian Process Differential Ensembles for Joint Inference on Curves, Derivatives, and Integrals",exclude,E1,auto_fetch_pool_revisado_usuario
2604,A Stochastic Process Model for Time Warping Functions,exclude,E1,auto_fetch_pool_revisado_usuario
2605,Impulse data models for the inverse problem of electrocardiography,exclude,E4,auto_fetch_pool_ia_no_reto
2606,Supervised Learning of Functional Outcomes with Predictors at Different Scales: A Functional Gaussian Process Approach,exclude,E1,auto_fetch_pool_revisado_usuario
2614,How far can symmetry help? Phase transitions and symmetry selection in sparse functional data analysis,exclude,E1,auto_fetch_pool_revisado_usuario
2615,EEG-EyeTrack: A Benchmark for Time Series and Functional Data Analysis with Open Challenges and Baselines,exclude,E1,auto_fetch_pool_revisado_usuario
2616,Functional Principal Component Analysis for Cointegrated Functional Time Series,exclude,E1,auto_fetch_pool_revisado_usuario
2617,Dynamic Functional Principal Component,include,I1,auto_fetch_pool_revisado_usuario
2618,Functional data analysis: An application to COVID-19 data in the United States,exclude,E4,auto_fetch_pool_ia_no_reto
2619,Functional data analysis in the Banach space of continuous functions,exclude,E1,auto_fetch_pool_revisado_usuario
2620,Bayesian functional data analysis in astronomy,exclude,E4,auto_fetch_pool_ia_no_reto
2621,Efficient Bayesian functional principal component analysis of irregularly-observed multivariate curves,exclude,E4,auto_fetch_pool_revisado_usuario
2622,Remaining Useful Life Estimation Using Functional Data Analysis,exclude,E1,auto_fetch_pool_revisado_usuario
2623,Stochastic Volatility Regression for Functional Data Dynamics,exclude,E1,auto_fetch_pool_revisado_usuario
2624,A Visual Analytics Approach for Hardware System Monitoring with Streaming Functional Data Analysis,exclude,E1,auto_fetch_pool_ia_no_reto
2625,A Functional Data Analysis Approach to Evolution Outlier Detection for Grouped Smart Meters,exclude,E1,auto_fetch_pool_revisado_usuario
2626,Registration for Incomplete Non-Gaussian Functional Data,exclude,E1,auto_fetch_pool_revisado_usuario
2627,Statistical Analysis of Network Collections Using Persistent Homology and Functional Data Analysis,exclude,E1,auto_fetch_pool_revisado_usuario
2628,The EE-Classifier: A classification method for functional data based on extremality indexes,exclude,E1,auto_fetch_pool_revisado_usuario
2629,Phenology curve estimation via a mixed model representation of functional principal components: Characterizing time series of satellite-derived vegetation indices,exclude,E1,auto_fetch_pool_revisado_usuario
2630,Noise reduction for functional time series,include,I1,auto_fetch_pool_revisado_usuario
2631,On Consistency and Sparsity for High-Dimensional Functional Time Series with Application to Autoregressions,exclude,E1,auto_fetch_pool_revisado_usuario
2632,Practical Forecasting of Environmental Maps: A Functional Data Approach,exclude,E4,auto_fetch_pool_revisado_usuario
2633,A Unified Principal Components Analysis for Stationary Functional Time Series,exclude,E1,auto_fetch_pool_revisado_usuario
2634,Intraday FX Volatility-Curve Forecasting with Functional GARCH Approaches,exclude,E1,auto_fetch_pool_revisado_usuario
2635,Enhancing Mean-Reverting Time Series Prediction with Gaussian Processes: Functional and Augmented Data Structures in Financial Forecasting,exclude,E1,auto_fetch_pool_revisado_usuario
2636,Functional Time Series,exclude,E1,auto_fetch_pool_revisado_usuario
2637,Stable Multivariate Functional Time Series Prediction for Major Geomagnetic Indices,exclude,E1,auto_fetch_pool_revisado_usuario
2638,Permutation Tests for Equality of Distributions of Functional Data,exclude,E1,auto_fetch_pool_revisado_usuario
2639,Parameter clustering in Bayesian functional PCA of fMRI data,exclude,E1,auto_fetch_pool_revisado_usuario
2640,Bootstrap methods for stationary functional time series,exclude,E1,auto_fetch_pool_revisado_usuario
2641,Review of Clustering Methods for Functional Data,exclude,E1,auto_fetch_pool_revisado_usuario
2642,FuNVol: A Multi-Asset Implied Volatility Market Simulator using Functional Principal Components and Neural SDEs,exclude,E1,auto_fetch_pool_revisado_usuario
2643,Model-Based Clustering and Classification of Functional Data,exclude,E1,auto_fetch_pool_revisado_usuario
2645,Principal component analysis of periodically correlated functional time series,exclude,E1,auto_fetch_pool_revisado_usuario
2646,Bayesian Spatial Homogeneity Pursuit of Functional Data: an Application to the U.S. Income Distribution,exclude,E1,auto_fetch_pool_revisado_usuario
2647,Simultaneous Inference for Partially Observed Functional Time Series,exclude,E1,auto_fetch_pool_revisado_usuario
2648,River flow modelling using nonparametric functional data analysis,exclude,I5,manual_access_pool_revisado_usuario
2649,Approximate Factor Models for Functional Time Series,exclude,E1,auto_fetch_pool_revisado_usuario
2650,White noise testing for functional time series via functional quantile autocorrelation,exclude,E1,auto_fetch_pool_revisado_usuario
2651,Functional Time Series Analysis Based on Records,exclude,E1,auto_fetch_pool_revisado_usuario
2652,A Darling-Erdős-type CUSUM-procedure for functional data II,exclude,E1,auto_fetch_pool_revisado_usuario
2653,Detection of Structural Distortions in Functional Time Series,exclude,E1,auto_fetch_pool_revisado_usuario
2654,Convergence of covariance and spectral density estimates for high-dimensional functional time series,exclude,E1,auto_fetch_pool_revisado_usuario
2655,A Skew-t-Normal Multi-Level Reduced-Rank Functional PCA Model with Applications to Replicated `Omics Time Series Data Sets,exclude,E1,auto_fetch_pool_revisado_usuario
2656,Prokhorov Metric Convergence of the Partial Sum Process for Reconstructed Functional Data,exclude,E1,auto_fetch_pool_revisado_usuario
2657,Whole-Volume Clustering of Time Series Data from Zebrafish Brain Calcium Images via Mixture Modeling,exclude,E4,auto_fetch_pool_ia_no_reto
2658,Linear Processes for Functional Data,exclude,E1,auto_fetch_pool_revisado_usuario
2659,A General Theory for Large-Scale Curve Time Series via Functional Stability Measure,exclude,E1,auto_fetch_pool_revisado_usuario
2660,Functional Data-Driven Quantile Model Averaging with Application to Cryptocurrencies,exclude,E1,auto_fetch_pool_revisado_usuario
2661,Clustering of functional boxplots for multiple streaming time series,exclude,E1,auto_fetch_pool_revisado_usuario
2662,Biarchetype analysis for univariate functional data. An application to macroeconomic financial time series,exclude,E1,auto_fetch_pool_revisado_usuario
2663,Estimating functional time series by moving average model fitting,exclude,E1,auto_fetch_pool_revisado_usuario
2664,Functional modelling of microarray time series with covariate curves,exclude,E4,auto_fetch_pool_ia_no_reto
2665,Extremal correlation coefficient for functional data,exclude,E1,auto_fetch_pool_revisado_usuario
2666,Robust Functional Data Analysis for Stochastic Evolution Equations in Infinite Dimensions,exclude,E1,auto_fetch_pool_revisado_usuario
2667,A portmanteau test for multivariate non-stationary functional time series with an increasing number of lags,exclude,E1,auto_fetch_pool_revisado_usuario
2668,The autoregression bootstrap for kernel estimates of smooth nonlinear functional time series,exclude,E1,auto_fetch_pool_revisado_usuario
2669,Longitudinal Support Vector Machines for High Dimensional Time Series,exclude,E1,auto_fetch_pool_revisado_usuario
2670,Long range dependence spectral testing from discretely observed functional time series in manifolds,exclude,E1,auto_fetch_pool_revisado_usuario
2671,A Flexible Spatial Autoregressive Modelling Framework for Mixed Covariates of Multiple Data Types,exclude,E1,auto_fetch_pool_revisado_usuario
2672,Detecting structural breaks in eigensystems of functional time series,exclude,E1,auto_fetch_pool_revisado_usuario
2673,Trend and Variable-Phase Seasonality Estimation from Functional Data,exclude,E1,auto_fetch_pool_revisado_usuario
2674,A similarity measure for second order properties of non-stationary functional time series with applications to clustering and testing,exclude,E1,auto_fetch_pool_revisado_usuario
2675,Graph-based Change Point Detection for Functional Data,exclude,E1,auto_fetch_pool_revisado_usuario
2676,Deep learning estimation of the spectral density of functional time series on large domains,exclude,E1,auto_fetch_pool_revisado_usuario
2677,Attribution of Spurious Factors from High-Dimensional Functional Time Series,exclude,E1,auto_fetch_pool_revisado_usuario
2678,Testing separability for continuous functional data,exclude,E1,auto_fetch_pool_revisado_usuario
2679,History matching for functional data,exclude,E1,auto_fetch_pool_revisado_usuario
2680,Pivotal tests for relevant differences in the second order dynamics of functional time series,exclude,E1,auto_fetch_pool_revisado_usuario
2681,Gaussian Differentially Private Human Faces Under a Face Radial Curve Representation,exclude,E1,auto_fetch_pool_ia_no_reto
2682,Asymptotic Theory for Regularized Estimation in Functional Time Series Models,exclude,E1,auto_fetch_pool_revisado_usuario
2683,Functional Singular Spectrum Analysis,exclude,E1,auto_fetch_pool_revisado_usuario
2684,Robust Change-Point Detection for Functional Time Series Based on $U$-Statistics and Dependent Wild Bootstrap,exclude,E1,auto_fetch_pool_revisado_usuario
2685,Demystifying Functional Random Forests: Novel Explainability Tools for Model Transparency in High-Dimensional Spaces,exclude,E1,auto_fetch_pool_revisado_usuario
2686,Trend extraction in functional data of R and T waves amplitudes of exercise electrocardiogram,exclude,E4,auto_fetch_pool_ia_no_reto
2687,Beyond average warming: Two-sample inference for dense-sparse functional data reveals changes in intraday temperature patterns,exclude,E1,auto_fetch_pool_revisado_usuario
2688,Spatial function-on-function regression,exclude,E1,auto_fetch_pool_revisado_usuario
2689,Spatial Functional Linear Model and its Estimation Method,exclude,E1,auto_fetch_pool_revisado_usuario
2691,Making Event Study Plots Honest: A Functional Data Approach to Causal Inference,exclude,E1,auto_fetch_pool_revisado_usuario
2692,A goodness-of-fit test for functional time series with applications to Ornstein-Uhlenbeck processes,exclude,E1,auto_fetch_pool_revisado_usuario
2693,Shape invariant model approach for functional data analysis in uncertainty and sensitivity studies,exclude,E4,auto_fetch_pool_ia_no_reto
2694,Functional Classwise Principal Component Analysis: A Novel Classification Framework,exclude,E1,auto_fetch_pool_revisado_usuario
2695,Statistical Inference for Bures-Wasserstein Flows,exclude,E1,auto_fetch_pool_revisado_usuario
2696,Functional Autoregression Without Truncation: A Continuous-Regularization Approach,exclude,E1,auto_fetch_pool_revisado_usuario
2697,Day-Ahead Electricity Price Forecasting Using Merit-Order Curves Time Series,exclude,E1,auto_fetch_pool_revisado_usuario
2698,Nonparametric forecasting of multivariate probability density functions,exclude,I1,auto_fetch_pool_revisado_usuario
2699,Estimating Sleep & Work Hours from Alternative Data by Segmented Functional Classification Analysis (SFCA),exclude,E4,auto_fetch_pool_revisado_usuario
2700,Exponential mixing properties of nonlinear functional autoregressive models,exclude,E1,auto_fetch_pool_revisado_usuario
2701,Wasserstein Regression,exclude,E1,auto_fetch_pool_revisado_usuario
2702,Nonparametric Depth and Quantile Regression for Functional Data,exclude,E1,auto_fetch_pool_revisado_usuario
2703,fsemipar: an R package for SoF semiparametric regression,exclude,E1,auto_fetch_pool_revisado_usuario
2704,A new look at weather-related health impacts through functional regression,exclude,E4,auto_fetch_pool_ia_no_reto
2705,Detecting British Columbia Coastal Rainfall Patterns by Clustering Gaussian Processes,exclude,E4,auto_fetch_pool_ia_no_reto
2706,Enriched Functional Tree-Based Classifiers: A Novel Approach Leveraging Derivatives and Geometric Features,exclude,E1,auto_fetch_pool_revisado_usuario
2707,Visualization and Assessment of Spatio-temporal Covariance Properties,exclude,E1,auto_fetch_pool_revisado_usuario
2708,Inferring Brain Signals Synchronicity from a Sample of EEG Readings,exclude,E4,auto_fetch_pool_ia_no_reto
2709,Can you always reap what you sow? Network and functional data analysis of VC investments in health-tech companies,exclude,E4,manual_access_pool_revisado_usuario
2710,Functional Linear Regression: Dependence and Error Contamination,exclude,E1,auto_fetch_pool_revisado_usuario
2711,Functional Mixtures-of-Experts,exclude,E1,auto_fetch_pool_revisado_usuario
2712,funBIalign: a hierachical algorithm for functional motif discovery based on mean squared residue scores,exclude,E1,auto_fetch_pool_revisado_usuario
2713,A feasible central limit theorem for realised covariation of SPDEs in the context of functional data,exclude,E1,auto_fetch_pool_revisado_usuario
2714,A weak law of large numbers for realised covariation in a Hilbert space setting,exclude,E1,auto_fetch_pool_revisado_usuario
2715,Nowcasting distributions: a functional MIDAS model,exclude,E1,auto_fetch_pool_revisado_usuario
2716,Minimax Optimal Kernel Operator Learning via Multilevel Training,exclude,I1,auto_fetch_pool_ia_no_reto
2717,Minimax prediction in the Functional Autoregressive Model,exclude,E1,auto_fetch_pool_revisado_usuario
2718,Prediction of air pollutants PM10 by ARBX(1) processes,exclude,E4,auto_fetch_pool_revisado_usuario
2719,Splash! Robustifying Donor Pools for Policy Studies,exclude,E4,auto_fetch_pool_revisado_usuario
2720,On changepoint detection in functional data using empirical energy distance,exclude,E1,auto_fetch_pool_revisado_usuario
2721,Fully Functional Weighted Testing for Abrupt and Gradual Location Changes in Functional Time Series,exclude,E1,auto_fetch_pool_revisado_usuario
2722,Scalable Multiple Changepoint Detection for Functional Data Sequences,exclude,E1,auto_fetch_pool_revisado_usuario
2724,Functional PCA and Deep Neural Networks-based Bayesian Inverse Uncertainty Quantification with Transient Experimental Data,exclude,I5,sin_oa_confirmado
2725,Variational Nonparametric Inference in Functional Stochastic Block Model,exclude,E1,auto_fetch_pool_revisado_usuario
2726,CoVariance Filters and Neural Networks over Hilbert Spaces,exclude,E1,auto_fetch_pool_revisado_usuario
2727,Spatially Varying Deep Functional Neural Network: Application in Large-Scale Crop Yield Prediction,exclude,E4,auto_fetch_pool_revisado_usuario
2728,A Statistical Machine Learning Approach to Yield Curve Forecasting,exclude,I1,auto_fetch_pool_revisado_usuario
2729,Functional Mean Flow in Hilbert Space,exclude,I1,auto_fetch_pool_ia_no_reto
2730,Market competition and poverty dynamics: Short and long run effects across financial development levels,exclude,I5,manual_access_pool_revisado_usuario
2731,On filter-type estimation of discretely sampled cyclic long-memory processes,exclude,I1,auto_fetch_pool_revisado_usuario
2733,An ensemble of convolution-based methods for fault detection using vibration signals,exclude,I1,auto_fetch_pool_ia_no_reto
2734,Probabilistic Functional Neural Networks,exclude,E1,auto_fetch_pool_revisado_usuario
2736,Noise-Robust Phase Connectivity Estimation via Bayesian Circular Functional Models,exclude,E4,auto_fetch_pool_ia_no_reto
2738,Scalable Model-Based Gaussian Process Clustering,exclude,E1,auto_fetch_pool_revisado_usuario
2739,A Bayesian Nonparametric Approach for Estimating Individualized Treatment-Response Curves,exclude,E1,auto_fetch_pool_ia_no_reto
2740,Multioutput Gaussian Processes with Functional Data: A Study on Coastal Flood Hazard Assessment,exclude,E4,auto_fetch_pool_ia_no_reto
2742,"Detecting changes in Hilbert space data based on ""repeated"" and change-aligned principal components",exclude,E1,auto_fetch_pool_revisado_usuario
2743,Region-Referenced Spectral Power Dynamics of EEG Signals: A Hierarchical Modeling Approach,exclude,I1,auto_fetch_pool_revisado_usuario
2744,Behavior Score Prediction in Resting-State Functional MRI by Deep State Space Modeling,exclude,I1,auto_fetch_pool_ia_no_reto
2747,Variable Selection and Minimax Prediction in High-dimensional Functional Linear Model,exclude,E1,manual_access_pool_revisado_usuario
2749,Climate change analysis from LRD manifold functional regression,exclude,E4,auto_fetch_pool_revisado_usuario
2750,Two-Sample Testing for Multivariate Cross-Correlation Functions with Applications to Gut-Brain Reward Learning,exclude,I1,auto_fetch_pool_revisado_usuario
2751,Functional Extreme-PLS,exclude,E1,auto_fetch_pool_revisado_usuario
2752,Generalized probabilistic principal component analysis of correlated data,exclude,E1,auto_fetch_pool_revisado_usuario
2754,Neural Optimal Transport in Hilbert Spaces: Characterizing Spurious Solutions and Gaussian Smoothing,exclude,I1,auto_fetch_pool_ia_no_reto
2755,"Fast Emulation, Modular Calibration, and Active Learning for Simulators with Functional Response",exclude,E1,auto_fetch_pool_revisado_usuario
2756,Detecting practically significant dependencies in metric spaces via distance correlations,exclude,I1,auto_fetch_pool_ia_no_reto
2757,Functional instrumental variable regression with an application to estimating the impact of immigration on native wages,exclude,E1,auto_fetch_pool_revisado_usuario
2760,"Elastic $k$-means clustering of functional data for posterior exploration, with an application to inference on acute respiratory infection dynamics",exclude,E1,auto_fetch_pool_revisado_usuario
2761,Modeling the Evolution of Infectious Diseases with Functional Data Models: The Case of COVID-19 in Brazil,exclude,E4,auto_fetch_pool_revisado_usuario
2762,Bayesian spatial functional data clustering: applications in disease surveillance,exclude,E1,auto_fetch_pool_revisado_usuario
2763,Bayesian Hierarchical Modeling for Predicting Spatially Correlated Curves in Irregular Domains: A Case Study on PM10 Pollution,exclude,E4,auto_fetch_pool_revisado_usuario
2764,Functional generalized autoregressive conditional heteroskedasticity,exclude,E1,auto_fetch_pool_revisado_usuario
2765,Interpretable models for forecasting high-dimensional functional time series,exclude,E1,auto_fetch_pool_revisado_usuario
2766,Spatial Correlation in Weather Forecast Accuracy: A Functional Time Series Approach,exclude,E1,auto_fetch_pool_revisado_usuario
2767,Forecasting high-dimensional functional time series with dual-factor structures,exclude,E1,auto_fetch_pool_revisado_usuario
2768,Forecasting of a Hierarchical Functional Time Series on Example of Macromodel for Day and Night Air Pollution in Silesia Region: A Critical Overview,exclude,E4,auto_fetch_pool_revisado_usuario
2769,Multiscale Change Point Detection for Functional Time Series,exclude,E1,auto_fetch_pool_revisado_usuario
2770,A Functional Version of the ARCH Model,exclude,E1,auto_fetch_pool_revisado_usuario
2771,Functional Regression with Nonstationarity and Error Contamination: Application to the Economic Impact of Climate Change,exclude,E1,auto_fetch_pool_revisado_usuario
2772,An operator-level ARCH Model,exclude,E1,auto_fetch_pool_revisado_usuario
2773,A Frequentist Approach to Change Point Detection: Methods and Applications,exclude,E1,auto_fetch_pool_revisado_usuario
2774,Uncovering predictability in the evolution of the WTI oil futures curve,exclude,E1,auto_fetch_pool_revisado_usuario
2775,A prediction interval for a function-valued forecast model,exclude,E1,auto_fetch_pool_revisado_usuario
