id,title_short,decision,reason_code,confidence,rationale,extracto_truncado_relevante,revisado_manualmente,color_numbers
3,Curve Classification Based on Mean-Variance Feature Weighting and Its Application,include,none,alta,"B-splines centrales para clasificacion de curvas, discusion metodologica explicita de la base",no,no,
4,Optimal design of experiments for functional linear models with dynamic factors,include,none,alta,Discute explicitamente distintos escenarios de conjuntos de bases para representar la funcion coeficiente,no,no,
11,Unified Principal Component Analysis for Sparse and Dense Functional Data under Spatial Dependency,include,none,alta,"FPCA con tensor product splines, metodologia central de representacion en bases",no,no,
14,Two-sample tests for functional data using characteristic functions,include,none,alta,Representacion en bases funcionales es paso central del metodo de dos muestras propuesto,no,no,
20,Wavelet estimation of the dimensionality of curve time series,include,none,alta,"Estimacion de dimension via representacion wavelet explicita, directamente relevante a PR4",no,no,
31,Analyzing Electricity Demand in Colombia: A Functional Time Series Approach,include,none,alta,FDA aplicado a serie economica (demanda electrica) con suavizado tipo spline explicito,no,no,
42,On Estimation of the Effect Lag of Predictors and Prediction in a Functional Linear Model,include,none,alta,"Expansion en sistema de bases (FPCA/splines) para funcion coeficiente, penalizacion explicita",no,no,
43,Robust estimation for semi-functional linear regression models,include,none,alta,B-splines centrales para aproximar parametro de regresion funcional y componente no parametrica,no,no,
45,Analysis of a GPS Network Based on Functional Data Analysis,include,none,alta,"Evalua varias bases de funciones (Fourier, P-splines) explicitamente para reconstruccion de series GPS",no,no,
49,Estimation and diagnostic for single-index partially functional linear regression model with p-order,include,none,alta,"B-spline explicito en titulo/palabras clave, aplicado a pronostico fotovoltaico",no,no,
50,Route identification in the National Football League: An application of model-based curve clustering,include,none,media,"Usa base polinomial de Bernstein para representar curvas; discusion de eleccion de base limitada, aplicacion deportiva (E4 borderline)",no,no,
51,"Bayesian Semiparametric Functional Mixed Models for Serially Correlated Functional Data, With Applic",include,none,alta,"Marco bayesiano con smoothing splines/wavelets explicitos, aplicacion medica con metodologia sustantiva (excepcion E4)",no,no,
58,Adaptive Generalized P-Splines for Functional Data: A Statistical Framework via Blockwise GSVD,include,none,alta,"P-splines adaptativos, seleccion de nodos y regularizacion, nucleo metodologico de representacion en bases",no,no,
59,Bayesian additive adaptive basis tensor product models for modeling high dimensional surfaces: an ap,include,none,alta,"Modelo de expansion en bases tensoriales aprendidas de los datos, metodologia central sobre bases",no,no,
62,Learning rates for partially linear functional models with high dimensional scalar covariates,include,none,alta,"Contrasta FPCA vs representacion automatica de bases via RKHS, discusion explicita de bases",no,no,
72,Fast Bayesian basis selection for functional data representation with correlated errors,include,none,alta,"Seleccion bayesiana de funciones de base para suavizado, comparado contra splines de regresion/suavizado",no,no,
74,Bayesian analysis of longitudinal and multidimensional functional data,include,none,media,"Titulo/contexto (Biostatistics, FD multidimensional) sugiere metodologia FDA relevante; resumen cortado por formato de pagina PMC",si,no,
82,Statistical inference in functional quadratic expectile regression model,include,none,alta,Coeficientes funcionales aproximados por base de componentes principales funcionales,no,no,
83,Landmark-Warped Emulators for Models with Misaligned Functional Response,include,none,media,"Emuladores para datos funcionales desalineados; usa splines de regresion adaptativa bayesiana como parte del marco, discusion de base parcial",si,no,
86,Recovering the underlying trajectory from sparse and irregular longitudinal data,include,none,alta,Metodo SOAP estima funciones de base empirica optimas como alternativa a FPCA/PACE,no,no,
88,Robust estimation in canonical correlation analysis for multivariate functional data,include,none,alta,"Analisis basado explicitamente en representacion en funciones de base, bases no ortogonales",no,no,
89,Modeling Experimental Designs Including Longitudinal Data and a Functional Covariate,include,none,alta,Compara dos enfoques de suavizado (funciones de base y FPCA) en diseno experimental longitudinal,no,no,
101,Stochastic modeling of Random Access Memories reset transitions,include,none,alta,"FPCA via expansion de Karhunen-Loeve aplicado a memorias resistivas, mismo cluster tematico que ancla del conjunto oro",no,no,
106,Quantile Regression for Longitudinal Functional Data with Application to Feed Intake of Lactating So,include,none,alta,"Representaciones spline de funcion de coeficiente variable en el tiempo, regresion cuantilica longitudinal",no,no,
111,Sparse logistic regression on functional data*,include,none,alta,Expansion B-spline con doble penalizacion para regresion logistica funcional dispersa,no,no,
112,A fast epigraph and hypograph-based approach for clustering functional data,include,none,media,"Clustering via indices epigrafe/hipografe, no usa expansion en bases ni FPCA explicitamente - I1 discutible aunque es FDA genuino",no,no,
114,A penalized spline estimator for functional linear regression with functional response,include,none,alta,Selecciona conjunto de funciones de base para reconstruccion y regresion funcion-en-funcion,no,no,
126,Basis expansions for functional snippets,include,none,alta,"Representacion en bases de la funcion de covarianza para snippets funcionales, titulo explicito",no,no,
127,Local Clustering for Functional Data,include,none,alta,Construido sobre tecnica de expansion en bases con forma de penalizacion novedosa,no,no,
128,Gaussian graphical modeling for spectrometric data analysis,include,none,alta,"Expansion en base B-spline para modelar espectros, aplicacion quimica con discusion metodologica sustantiva (excepcion E4)",no,no,
130,A Fourier representation of kernel Stein discrepancy with application to Goodness-of-Fit tests for m,include,none,alta,Representacion de Fourier como herramienta central para datos funcionales en espacios de Hilbert,no,no,
131,High-resolution signal recovery via generalized sampling and functional principal component analysis,include,none,alta,Combina FPCA con representaciones dispersas de componentes principales funcionales,no,no,
132,BASS: An R package for fitting and performing sensitivity analysis of bayesian adaptive spline surfa,include,none,alta,"Paquete R para superficies spline bayesianas adaptativas, splines como base central del metodo",no,no,
135,Feature extraction for functional time series: Theory and application to NIR spectroscopy data,include,none,alta,"FPCA-BTW combina FPCA con thresholding de coeficientes wavelet, directamente relevante a PR4",no,no,
136,Functional group bridge for simultaneous regression and support estimation,include,none,alta,"B-splines para transformar dispersion de funciones a vector disperso, aplicacion neurociencia con metodologia sustantiva (excepcion E4)",no,no,
139,Multi-dimensional functional principal component analysis,include,none,alta,Extension de FPCA a dominios multidimensionales con transformada rapida de Fourier en suavizado,no,no,
144,Roughness regularization for functional data analysis with free knots spline estimation,include,none,alta,"Estimacion con splines de nodos libres y regularizacion de rugosidad, nucleo metodologico de PR4",no,no,
148,Bayesian wavelet-packet historical functional linear models,include,none,alta,"Compara representacion wavelet-packet vs spline-based para modelos historicos funcionales, relevante a PR4",no,no,
150,FILTRATED COMMON FUNCTIONAL PRINCIPAL COMPONENT ANALYSIS OF MULTIGROUP FUNCTIONAL DATA,include,none,alta,fPCA filtrada estructurada en forma de bosque para datos funcionales multigrupo,no,no,
156,Compositional splines for bivariate density data analysis,include,none,alta,"Nueva base spline para densidades bivariadas transformadas, construccion explicita de base",no,no,
162,Spline estimation of functional principal components via manifold conjugate gradient algorithm,include,none,alta,"Aproximacion B-spline de componentes principales funcionales, algoritmo de gradiente conjugado",no,no,
168,A comparison of parameter estimation in function-on-function regression,include,none,alta,"Comparacion explicita de bases y metodo de estimacion en regresion funcion-en-funcion, tipo comparativo directo (PR2/PR4)",no,no,
169,Quadratic regression for functional response models,include,none,alta,"Predictor y funcion de coeficiente expresados por expansion en bases, regresion funcional cuadratica",no,no,
174,Functional principal component analysis for incomplete space-time data,include,none,alta,"FPCA con discretizacion B-spline en tiempo y elementos finitos en espacio, datos espacio-temporales incompletos",no,no,
179,Estimation in functional partially linear spatial autoregressive model,include,none,alta,FPCA y aproximacion por funciones de base para modelo espacial autorregresivo funcional parcialmente lineal,no,no,
183,Smoothed least absolute deviation estimation in functional linear model,include,none,alta,Predictor y funcion de pendiente aproximados via expansion en base de componentes principales funcionales,no,no,
184,Bayesian flexible beta regression model with functional covariate,include,none,alta,"Expansion estandar en bases para modelo de regresion beta funcional bayesiano, aplicacion espectrometrica con metodologia sustantiva",no,no,
189,BFDA: A MATLAB toolbox for bayesian functional data analysis,include,none,alta,Funciones de base B-spline cubicas para aproximar inferencia bayesiana en datos funcionales de alta dimension,no,no,
191,Empirically Driven Orthonormal Bases for Functional Data Analysis,include,none,alta,"Aborda directamente la seleccion de base ortonormal (Fourier/wavelets/splines) de forma data-driven; altamente relevante a PR1, posible antecedente directo",no,no,
196,Partial separability and functional graphical models for multivariate Gaussian processes,include,none,alta,"Expansion en bases truncadas para modelos graficos gaussianos funcionales, aplicacion neurociencia con metodologia sustantiva (excepcion E4)",no,no,
203,Band depth based initialization of K-means for functional data clustering,include,none,media,"Clustering funcional (band depth) que ajusta B-splines a las observaciones; metodologia FDA, discute naturaleza funcional vs multivariada.",no,no,
205,Bayesian adaptive selection of basis functions for functional data representation,include,none,alta,Seleccion bayesiana adaptativa de funciones base para representacion de datos funcionales; PR1/PR3 directo.,no,no,
207,BAYESIAN ADAPTIVE AND INTERPRETABLE FUNCTIONAL REGRESSION FOR EXPOSURE PROFILES,include,none,alta,Regresion funcional bayesiana con expansion B-spline y priors de shrinkage dinamico; contribucion metodologica sobre base y regularizacion.,no,no,
211,Translation-invariant functional clustering on COVID-19 deaths adjusted on population risk factors,include,none,media,"Clustering funcional invariante a traslacion con descomposicion wavelet; wavelets centrales al metodo, COVID ilustrativo.",no,no,
217,logitFD: an R package for functional principal component logit regression,include,none,alta,Paquete R para regresion logit por componentes principales funcionales; metodos de expansion en bases y FPCA.,no,no,
223,Functional Modelling of Telecommunications Data∗,include,none,media,Modelado funcional de datos de telecom con suavizado B-spline explicito y autorregresion funcional; discute ventajas de enfoques.,si,no,
235,Nested Hierarchical Functional Data Modeling and Inference for the Analysis of Functional Plant Phen,include,none,alta,"Modelo jerarquico funcional con splines penalizados de producto tensorial, FPCA multinivel, seleccion de numero de componentes via cAIC.",no,no,
239,Splinets – Orthogonal Splines for Functional Data Analysis,include,none,alta,"Splines ortogonales (splinets) para FDA; representacion en bases ortonormales, FPCA, reduccion de dimension. PR1 directo.",no,no,
240,Basis expansion approaches for functional analysis of variance with repeated measures,include,none,alta,Expansion en bases explicita para FANOVA de medidas repetidas; PR1/PR2. Biomecanica ilustrativa.,no,no,
244,Integer-valued functional data analysis for measles forecasting,include,none,alta,FDA de valores enteros para pronostico de sarampion; expansion en bases desconocida aprendida de los datos con coeficientes dinamicos.,no,no,
262,Function-on-function regression for the identification of epigenetic regions exhibiting windows of s,include,none,media,"Regresion function-on-function con wavelets para ventanas de susceptibilidad epigenetica; metodo con base wavelet, dominio ilustrativo.",si,no,
263,Distribution-free uncertainty quantification for daily treasury yield curves with functional princip,include,none,alta,"UQ distribution-free para curvas de rendimiento del tesoro; suavizado B-spline, FPCA-VAR, benchmarks vs DNS. PR4/PR5.",no,no,
266,Homogeneity problem for basis expansion of functional data with applications to resistive memories,include,none,alta,"Item #9a del conjunto oro: expansion en bases (P-splines, Karhunen-Loeve) y FPCA para test de homogeneidad funcional. PR1.",no,no,
270,Flexible functional data smoothing and optimization using beta spline,include,none,alta,"Suavizado de datos funcionales con beta-spline; eleccion de base crucial, roughness penalty + GCV. PR1/PR3.",no,no,
272,Adaptive smoothing spline estimator for the function-on-function linear regression model,include,none,alta,Estimador smoothing spline adaptativo para regresion function-on-function con penalizaciones espacialmente adaptativas. PR3.,no,no,
279,Statistical Learning for Functional Data,include,none,alta,"Revision de aprendizaje estadistico para datos funcionales; cubre FPCA, expansiones en bases, alternativas de deep learning.",no,no,
280,A FUNCTIONAL-DATA APPROACH TO THE ARGO DATA,include,none,media,Kriging funcional espacio-temporal para datos Argo con smoothing splines; contribucion metodologica pese a dominio oceanografico.,si,no,
281,Exploring Functional Structure and Variation of Italian Carbon Emissions,include,none,media,"Estructura funcional de emisiones de carbono italianas con base de Fourier y FPCA; aplicacion al mercado electrico, metodologia estandar.",si,no,
283,A Frequency-Domain Approach for Integrating Multiple Functional Time Series,include,none,alta,Marco de dominio de frecuencia para series temporales funcionales multiples via expansion Karhunen-Loeve dinamica marginal. PR4.,no,no,
288,Spline-based methods for functional data on multivariate domains,include,none,alta,Metodos spline para FD en dominios multivariados; bases spline data-driven superan la eleccion rigida predefinida. PR1/PR2 directo.,no,no,
294,Bootstrap based uncertainty bands for prediction in functional kriging,include,none,media,Bandas de incertidumbre bootstrap para kriging funcional con B-splines; metodologia para prediccion espacial funcional.,si,no,
296,Functional additive quantile regression,include,none,alta,"Regresion cuantilica aditiva funcional; scores de PC aproximados por B-splines, seleccion de componentes con SCAD. PR2/PR3.",no,no,
298,Functional Parallel Factor Analysis for Functions of One- and Two-dimensional Arguments,include,none,alta,Analisis paralelo de factores funcional que combina PARAFAC con expansion en bases (elementos finitos por partes). PR1.,no,no,
299,Wavelet thresholding on independent subspace factorizations of spatially indexed wide functional dat,include,none,media,"Umbralizacion wavelet (Daubechies, MODWT) sobre factorizaciones de subespacio; criterios de seleccion de coeficientes wavelet. PR4.",no,no,
304,Unsupervised curve clustering using wavelets,include,none,alta,Clustering de curvas con wavelets; compara explicitamente Fourier/polinomios/splines vs wavelets para curvas inhomogeneas. PR1/PR4.,no,no,
314,Bayesian multi-group functional factor models with parameter-expanded cumulative shrinkage priors,include,none,alta,"Modelos de factores funcionales multigrupo bayesianos; bases B-spline comunes, prior de shrinkage acumulativo selecciona numero de factores. PR2/PR3.",no,no,
319,Functional PCA With Covariate-Dependent Mean and Covariance Structure,include,none,alta,FPCA con media/covarianza dependiente de covariables (CD-FPCA); representacion en bases spline y roughness penalties. PR2.,no,no,
320,Forecasting the monthly retail sales of electricity based on the semi-functional linear model with a,include,none,alta,"Pronostico de ventas minoristas de electricidad con modelo semi-funcional lineal, errores AR, FPCA + splines. PR5/PR2.",no,no,
331,Bivariate densities in Bayes spaces: orthogonal decomposition and spline representation,include,none,alta,Descomposicion ortogonal y representacion en splines (producto tensorial) para densidades bivariadas en espacios de Bayes. PR1.,no,no,
333,A data-adaptive dimension reduction for functional data via penalized low-rank approximation,include,none,alta,"Reduccion de dimension adaptativa para FD via aproximacion de bajo rango penalizada; coeficientes de base, penalizacion L1, FPCA. PR1/PR3.",no,no,
336,Efficient representation of supply and demand curves on day-ahead electricity markets,include,none,alta,Representacion parsimoniosa de curvas de oferta/demanda en mercados electricos con aproximacion por funciones de base radial. PR5/PR1.,no,no,
337,Real-Time Interpolation Of Streaming Data,exclude,I1,alta,"Interpolacion spline cubica en tiempo real de datos en streaming; trabajo de analisis numerico/CS, no FDA estadistica de conjuntos de curvas.",no,si,verde
348,FACTOR-AUGMENTED MODEL FOR FUNCTIONAL DATA,include,none,alta,Modelo aumentado por factores para FD; aborda explicitamente la mala especificacion de bases de suavizado. PR1/PR3. Posible duplicado de id 2491/2495.,no,si,verde
352,Bayesian change point detection for functional data,include,none,alta,"Deteccion bayesiana de puntos de cambio para FD via transformada wavelet discreta; PR4 (wavelets, no estacionariedad).",no,no,
358,"Generalization, combination and extension of functional clustering algorithms: The R package funcy",include,none,alta,"Generalizacion de algoritmos de clustering funcional (paquete funcy); proyeccion sobre bases, modelos limitados a bases especificas. PR1/PR2.",no,no,
360,Clustering of longitudinal curves via a penalized method and EM algorithm,include,none,alta,"Clustering de curvas longitudinales con metodo penalizado y EM; regresion B-spline, FPCA, penalizaciones, seleccion de numero de grupos.",no,no,
364,A note on Herglotz's theorem for time series on function spaces,include,none,media,Teorema de Herglotz para series temporales en espacios funcionales; teoria de analisis en dominio de frecuencia y reduccion finito-dimensional optima. PR1/PR4.,no,no,
370,Functional time series forecasting: a systematic review,include,none,alta,"Revision sistematica de pronostico de series temporales funcionales; cubre FAR, enfoques no parametricos, smoothing splines. PR4/PR5.",no,no,
371,Conditional bias robust estimation of the total of curve data by sampling in a finite population: An,include,none,media,"Estimacion robusta de totales de curvas de carga electrica con metodos funcionales robustos, wavelets, PCA esferica. PR5.",si,no,
373,Sieve bootstrapping the memory parameter in long-range dependent stationary functional time series,include,none,alta,"Bootstrap sieve para parametro de memoria en series temporales funcionales de rango largo; FPCA, DFT, VAR, FARFIMA. PR4.",no,no,
376,Fast covariance estimation for sparse functional data,include,none,alta,Estimacion rapida de covarianza para FD dispersos con splines penalizados bivariados y CV leave-one-subject-out. PR2/PR3.,no,no,
380,Multi-class classification of biomechanical data: A functional LDA approach based on multi-class pen,include,none,alta,"LDA funcional con PLS funcional penalizada multi-clase; roughness penalty, B-splines cubicos, compara penalizado vs no penalizado. PR2.",no,no,
384,A partial least squares approach for function-on-function interaction regression,include,none,alta,"PLS para regresion de interaccion function-on-function; expansion en bases, equivalencia con PLS de coeficientes de base, seleccion de modelo. PR1/PR2.",no,no,
385,Sparse wavelet estimation in quantile regression with multiple functional predictors,include,none,alta,"Estimacion wavelet dispersa en regresion cuantilica funcional; discute las tres opciones de base funcional (B-spline, wavelet, FPC). PR1/PR4.",no,no,
391,Efficient Multidimensional Functional Data Analysis Using Marginal Product Basis Systems,include,none,alta,"FDA multidimensional eficiente con sistemas de bases producto marginal separables, adaptadas optimamente a los datos, regularizacion por rugosidad. PR1.",no,no,
401,Sasaki metric for spline models of manifold-valued trajectories,include,none,media,"Splines de Bezier compuestas para trayectorias en variedades (Sasaki metric); representacion en bases y comparacion de enfoques spline, dominio geometrico.",si,no,
403,Bayesian functional graphical models with change-point detection,include,none,alta,"Modelo grafico funcional bayesiano con deteccion de puntos de cambio; expansion en bases finita, prior de sparsity estructurado. PR1/PR4.",no,no,
412,ORDINAL PROBIT FUNCTIONAL OUTCOME REGRESSION WITH APPLICATION TO COMPUTER-USE BEHAVIOR IN RHESUS MON,include,none,alta,"Regresion de resultado funcional ordinal (OPFOR); compara explicitamente B-splines penalizados, wavelets y O'Sullivan splines. PR2/PR4.",no,no,
416,On function-on-function regression: partial least squares approach,include,none,alta,"Regresion function-on-function via PLS; base B-spline para convertir datos discretos, GCV para rugosidad, compara con metodos existentes. PR1/PR3.",no,no,
419,Clustering multiply imputed multivariate high-dimensional longitudinal profiles,include,none,media,Clustering de datos funcionales multivariados con datos faltantes via imputacion multiple + consenso; FPCA como paso integral. Limite E1.,si,no,
421,Multivariate Varying Coefficient Spatiotemporal Model,include,none,alta,"Metodología FDA central confirmada en texto completo (introducción/conclusión), consistente con veredicto de Etapa 1",no,no,
423,Generalized Spatio-Temporal Regression with PDE Penalization,include,none,alta,"Metodología FDA central confirmada en texto completo (introducción/conclusión), consistente con veredicto de Etapa 1",no,no,
426,Function-on-function regression models with nonlinear dynamic effect and linear concurrent effect,include,none,alta,"Metodología FDA central confirmada en texto completo (introducción/conclusión), consistente con veredicto de Etapa 1",no,no,
429,Smooth LASSO estimator for the Function-on-Function linear regression model,include,none,alta,"Metodología FDA central confirmada en texto completo (introducción/conclusión), consistente con veredicto de Etapa 1",no,no,
430,Efficient Functional ANOVA Through Wavelet-Domain Markov Groves,include,none,alta,"Metodología FDA central confirmada en texto completo (introducción/conclusión), consistente con veredicto de Etapa 1",no,no,
431,Statistical inference for partially shape-constrained function-on-scalar linear regression models,include,none,alta,"Metodología FDA central confirmada en texto completo (introducción/conclusión), consistente con veredicto de Etapa 1",no,no,
432,Fast symmetric additive covariance smoothing,include,none,alta,"Metodología FDA central confirmada en texto completo (introducción/conclusión), consistente con veredicto de Etapa 1",no,no,
435,A simple method to construct confidence bands in functional linear regression,include,none,alta,"Metodología FDA central confirmada en texto completo (introducción/conclusión), consistente con veredicto de Etapa 1",no,no,
438,ROBUST SMOOTHED CANONICAL CORRELATION ANALYSIS FOR FUNCTIONAL DATA,include,none,alta,"Metodología FDA central confirmada en texto completo (introducción/conclusión), consistente con veredicto de Etapa 1",no,no,
440,"Modelling multi-scale, state-switching functional data with hidden Markov models",include,none,alta,"Metodología FDA central confirmada en texto completo (introducción/conclusión), consistente con veredicto de Etapa 1",no,no,
443,Clustering nonstationary circadian rhythms using locally stationary wavelet representations,include,none,alta,"Metodología FDA central confirmada en texto completo (introducción/conclusión), consistente con veredicto de Etapa 1",no,no,
458,Graph-constrained analysis for multivariate functional data,include,none,alta,"Metodología FDA central confirmada en texto completo (introducción/conclusión), consistente con veredicto de Etapa 1",no,no,
461,Compositional splines for representation of density functions,include,none,alta,"Metodología FDA central confirmada en texto completo (introducción/conclusión), consistente con veredicto de Etapa 1",no,no,
467,Simultaneous confidence corridors for mean functions in functional data analysis of imaging data,include,none,alta,"Metodología FDA central confirmada en texto completo (introducción/conclusión), consistente con veredicto de Etapa 1",no,no,
473,Principal Component Analysis for Distributions Observed by Samples in Bayes Spaces,include,none,alta,"Metodología FDA central confirmada en texto completo (introducción/conclusión), consistente con veredicto de Etapa 1",no,no,
475,A Functional Regression Approach to Facial Landmark Tracking,include,none,alta,"Metodología FDA central confirmada en texto completo (introducción/conclusión), consistente con veredicto de Etapa 1",no,no,
481,Penalized spline estimation of principal components for sparse functional data: Rates of convergence,include,none,alta,"Metodología FDA central confirmada en texto completo (introducción/conclusión), consistente con veredicto de Etapa 1",no,no,
483,Multivariate functional clustering and its application to typhoon data,include,none,alta,"Metodología FDA central confirmada en texto completo (introducción/conclusión), consistente con veredicto de Etapa 1",no,no,
486,Nonlinear Functional Modeling Using Neural Networks,include,none,alta,"Metodología FDA central confirmada en texto completo (introducción/conclusión), consistente con veredicto de Etapa 1",no,no,
487,Statistical inference in functional semiparametric spatial autoregressive model,include,none,alta,"Metodología FDA central confirmada en texto completo (introducción/conclusión), consistente con veredicto de Etapa 1",no,no,
498,Robust optimal estimation of location from discretely sampled functional data,include,none,alta,"Metodología FDA central confirmada en texto completo (introducción/conclusión), consistente con veredicto de Etapa 1",no,no,
500,A comparison of tests for the one-way ANOVA problem for functional data,include,none,alta,"Metodología FDA central confirmada en texto completo (introducción/conclusión), consistente con veredicto de Etapa 1",no,no,
502,Global sensitivity analysis for models with spatially dependent outputs,include,none,alta,"Metodología FDA central confirmada en texto completo (introducción/conclusión), consistente con veredicto de Etapa 1",no,no,
510,Robust Classification of Functional and Quantitative Image Data Using Functional Mixed Models,include,none,alta,"Metodología FDA central confirmada en texto completo (introducción/conclusión), consistente con veredicto de Etapa 1",no,no,
518,Penalized solutions to functional regression problems,include,none,alta,"Metodología FDA central confirmada en texto completo (introducción/conclusión), consistente con veredicto de Etapa 1",no,no,
519,Functional dynamic factor models with application to yield curve forecasting,include,none,alta,"Metodología FDA central confirmada en texto completo (introducción/conclusión), consistente con veredicto de Etapa 1",no,no,
544,A Bayesian Multivariate Functional Dynamic Linear Model,include,none,alta,"Metodología FDA central confirmada en texto completo (introducción/conclusión), consistente con veredicto de Etapa 1",no,no,
551,A hierarchical model for aggregated functional data,include,none,alta,"Metodología FDA central confirmada en texto completo (introducción/conclusión), consistente con veredicto de Etapa 1",no,no,
555,Discriminative interpolation for classification of functional data,include,none,alta,"Metodología FDA central confirmada en texto completo (introducción/conclusión), consistente con veredicto de Etapa 1",no,no,
559,Quantile regression when the covariates are functions,include,none,alta,"Metodología FDA central confirmada en texto completo (introducción/conclusión), consistente con veredicto de Etapa 1",no,no,
566,A time-frequency functional model for locally stationary time series data,include,none,alta,"Metodología FDA central confirmada en texto completo (introducción/conclusión), consistente con veredicto de Etapa 1",no,no,
570,Grouped variable importance with random forests and application to multiple functional data analysis,include,none,alta,"Metodología FDA central confirmada en texto completo (introducción/conclusión), consistente con veredicto de Etapa 1",no,no,
571,Non-linear local registration of functional data,exclude,I1,alta,"Registro espacial de activaciones fMRI/anatomía cortical vía splines de placa delgada; ""funcional"" = fMRI, no representación FDA en bases",no,si,verde
588,Clustering functional data using wavelets,include,none,alta,"Metodología FDA central confirmada en texto completo (introducción/conclusión), consistente con veredicto de Etapa 1",no,no,
596,Fourier analysis of stationary time series in function space,include,none,alta,"Metodología FDA central confirmada en texto completo (introducción/conclusión), consistente con veredicto de Etapa 1",no,no,
598,Analysis of aggregated functional data from mixed populations with application to energy consumption,include,none,alta,"Metodología FDA central confirmada en texto completo (introducción/conclusión), consistente con veredicto de Etapa 1",no,no,
606,Functional linear models for zero-inflated count data with application to modeling hospitalizations ,include,none,alta,"Metodología FDA central confirmada en texto completo (introducción/conclusión), consistente con veredicto de Etapa 1",no,no,
610,Study of Mexican free-tailed bat chirp syllables: Bayesian functional mixed models for nonstationary,include,none,alta,"Metodología FDA central confirmada en texto completo (introducción/conclusión), consistente con veredicto de Etapa 1",no,no,
621,Optimal partitioning for linear mixed effects models: Applications to identifying placebo responders,exclude,E1,alta,"Partición óptima de modelos mixtos para identificar respondedores a placebo; no discute elección/calidad de base, cuerpo omitido",si,si,verde
622,A flexible approach to Bayesian multiple curve fitting,include,none,alta,"Metodología FDA central confirmada en texto completo (introducción/conclusión), consistente con veredicto de Etapa 1",no,no,
628,Spline confidence bands for functional derivatives,include,none,alta,"Metodología FDA central confirmada en texto completo (introducción/conclusión), consistente con veredicto de Etapa 1",no,no,
629,Likelihood ratio tests for dependent data with applications to longitudinal and functional data anal,include,none,alta,"Metodología FDA central confirmada en texto completo (introducción/conclusión), consistente con veredicto de Etapa 1",no,no,
654,Fast covariance estimation for high-dimensional functional data,include,none,alta,"Metodología FDA central confirmada en texto completo (introducción/conclusión), consistente con veredicto de Etapa 1",no,no,
655,Penalized function-on-function regression,include,none,alta,"Metodología FDA central confirmada en texto completo (introducción/conclusión), consistente con veredicto de Etapa 1",no,no,
657,Aggregated functional data model for near-infrared spectroscopy calibration and prediction,include,none,alta,"Metodología FDA central confirmada en texto completo (introducción/conclusión), consistente con veredicto de Etapa 1",no,no,
688,Warped functional regression,include,none,alta,"Metodología FDA central confirmada en texto completo (introducción/conclusión), consistente con veredicto de Etapa 1",no,no,
689,A geometric approach to maximum likelihood estimation of the functional principal components from sp,include,none,alta,"Metodología FDA central confirmada en texto completo (introducción/conclusión), consistente con veredicto de Etapa 1",no,no,
690,A note on functional linear regression,include,none,alta,"Metodología FDA central confirmada en texto completo (introducción/conclusión), consistente con veredicto de Etapa 1",no,no,
691,Independent component models for replicated point processes,exclude,I1,alta,"Modelo de componentes independientes para procesos puntuales; suavizado spline es incidental, tema central es teoría de point processes",si,si,verde
696,Simultaneous inference for the mean function based on dense functional data,include,none,alta,"Metodología FDA central confirmada en texto completo (introducción/conclusión), consistente con veredicto de Etapa 1",no,no,
703,Spatio-temporal functional data analysis for wireless sensor networks data,include,none,media,FPCA con suavizado espaciotemporal; solo boilerplate PMC visible,si,no,
717,Restricted likelihood ratio tests for linearity in scalar-on-function regression,include,none,alta,Metodologia central FDA (FGAM); prueba de linealidad en regresion funcional,no,no,
725,Sparse functional principal component analysis via regularized basis expansions,include,none,alta,FPCA con bases gaussianas regularizadas y penalizacion explicita,no,no,
742,Robust adaptive functional regression in functional mixed model framework,include,none,alta,Modelo mixto funcional wavelet (WFMM) bayesiano robusto,no,no,
744,Optimally weighted L2 distance for functional data,include,none,media,Distancia basada en representacion spline; solo boilerplate PMC visible,si,no,
746,Identifying Differentially Expressed Genes for Time-course Microarray Data through FDA,include,E4-exception,alta,Discusion sustantiva de bases ortogonales estimadas de los datos pese a dominio genomico,no,no,
755,A Bayesian regression model for multivariate functional data,include,none,media,Regresion bayesiana funcional multivariada; solo boilerplate PMC visible,si,no,
758,Functional principal component analysis via regularized Gaussian basis expansions and unbalanced data,include,none,alta,FPCA con bases gaussianas regularizadas explicitas,no,no,
774,Regularized 3D functional regression for brain image data via Haar wavelets,include,E4-exception,alta,Regresion 3D regularizada con wavelets de Haar; discusion metodologica sustantiva de base,no,no,
778,Preprocessing of centred logratio transformed density functions using smoothing splines,include,none,alta,Splines de suavizado para preprocesamiento de funciones de densidad,no,no,
780,A marginal approach to reduced-rank penalized spline smoothing with application to multilevel functional data,include,none,media,Suavizado spline penalizado de rango reducido; solo boilerplate PMC visible,si,no,
782,Recent history functional linear models for sparse longitudinal data,include,none,media,Modelo lineal funcional de ventana deslizante; solo boilerplate PMC visible,si,no,
793,Dynamic retrospective regression for functional data,include,none,alta,Registro de curvas y splines de Hermite en regresion funcional dinamica,no,no,
813,3D face recognition by functional data analysis,include,E4-exception,alta,Expansion explicita en bases funcionales para representar superficies 3D,no,no,
825,Semiparametric mixed models for nested repeated measures applied to ambulatory blood pressure,include,none,baja,Posible modelo semiparametrico con splines; metodologia no visible en el extracto,si,no,
844,Multichannel deconvolution with long-range dependence: A minimax study,include,none,media,Estimador wavelet adaptativo minimax; teoria de bases wavelet relevante a PR4,no,no,
852,Common functional implied volatility analysis,include,none,alta,Aplicacion financiera directa (PR5) con reduccion de dimensionalidad funcional,no,no,
861,Corrected Confidence Bands for Functional Data Using Principal Components,include,none,media,Bandas de confianza via FPCA; solo boilerplate PMC visible,si,no,
866,The analysis of two-way functional data using two-way regularized singular value decompositions,include,none,alta,Extension de FPCA con penalizacion y expansion en base explicita,no,no,
867,Functional data analysis and characterisation of temperature and rainfall patterns in Peninsular Malaysia,include,none,media,Suavizado y registro de curvas; abstract cortado antes de detallar la base usada,si,no,
868,Functional maximum-likelihood estimation of ARH(p) models,include,none,media,Modelo ARH con descomposicion espectral/Fourier; paywall tras el resumen,si,no,
870,Assessing time-dependent association between scalp EEG and muscle activation,include,none,media,Modelo de efectos aleatorios funcionales; solo boilerplate PMC visible,si,no,
873,Some pitfalls in application of functional data analysis approach to association studies,include,E4-exception,alta,Discusion metodologica central sobre eleccion y tipo de funciones base,no,no,
875,IGS: An IsoGeometric approach for smoothing on surfaces,include,none,media,Suavizado con representacion NURBS; familia de base adyacente a las del protocolo,no,no,
876,Consistency of functional learning methods based on derivatives,include,none,alta,Splines de suavizado y teoria de consistencia asintotica para FDA,no,no,
877,Functional Soft Sensor Based on Spectra Data for Predicting Multiple Quality Variables,include,none,baja,Sensor funcional industrial; abstract y metodologia no visibles en extracto,si,no,
879,Analysis of the functional regression problem of temperature on Ozone concentration,include,none,baja,Extraccion de texto de baja calidad (pagina con ruido de sugerencias); tema ambiental E4,si,no,
884,Cubic spline for the functional treatment of the global solar radiation,include,E4-exception,alta,Splines cubicos en espacio funcional normado; autores ecuatorianos (ESPOCH) relevante PR5,no,no,
885,First-passage-based boundary estimation in functional data,include,none,alta,Metodologia central de estimacion de frontera en FDA,no,no,
889,Bayesian functional regression in high-throughput phenotyping of modern agriculture,include,none,baja,Fetch devolvio pagina de inicio de la revista en vez del articulo; decision por titulo/etapa1,si,no,
890,Smoothing wind and rainfall data through functional data analysis technique,include,E4-exception,alta,Keywords explicitas: basis function/roughness penalty/Fourier basis,no,no,
893,The effect of vaccine on COVID-19 spread by function-on-scalar regression model,include,E4-exception,alta,Suavizado B-spline explicito para funcion-en-escalar bayesiana,no,no,
894,Use of Functional Data to Model the Trajectory of an IMU for Motor Impairment,include,none,media,FDA para extraer coeficientes de funcion como features; discusion de base no confirmada,si,no,
900,Functional principal component analysis for identifying the child growth pattern,include,none,alta,FPCA como tecnica central del estudio longitudinal,no,no,
901,Applications of functional data analysis: A systematic review,include,none,alta,Revision sistematica que tabula uso de B-spline/FPCA en la literatura; posible referencia clave para la sintesis,no,no,
908,Rolled-upness: Phenotyping leaf rolling in cereals using computer vision and FDA,include,none,media,Uso de FDA para cuantificar curvatura; discusion de base no confirmada en el extracto,si,no,
910,Trends in stratospheric ozone profiles using functional mixed models,include,E4-exception,alta,Aproximacion explicita de perfiles mediante una base apropiada,no,no,
911,Functional Availability Modelling of CNC Machine Tools,exclude,I1,alta,"""Functional"" en sentido de ingenieria de confiabilidad, no de analisis de datos funcionales",no,si,verde
918,Contrasting pre-vaccine COVID-19 waves in Italy through functional data analysis,include,E4-exception,alta,Smoothing splines y registro de landmarks explicitos,no,no,
920,Nasal coarticulation in Bininj Kunwok: An aerodynamic analysis,include,none,baja,Sin abstract visible en el extracto; conexion FDA no confirmada,si,no,
923,Spatial prediction of soil penetration resistance using functional geostatistics,include,E4-exception,alta,B-splines de 18 funciones explicitas para geoestadistica funcional,no,no,
925,Penalized Partial Least Squares with applications to B-spline transformations and functional data,include,none,alta,Titulo confirma PLS penalizado con transformaciones B-spline (Kramer/Boulesteix/Tutz); texto extraido con errores de codificacion de fuente,si,no,
929,Unveiling air pollution patterns in Yemen: a spatial-temporal functional data analysis,include,E4-exception,alta,Fourier y B-spline con GCV explicitos para suavizado,no,no,
935,Functional data analysis of sleeping energy expenditure,include,E4-exception,alta,Smoothing spline y FPCA como metodologia central pese a dominio medico,no,no,
948,Uncovering regional climate patterns in Turkey using multivariate functional data analysis,include,E4-exception,alta,Expansion en base de Fourier con control de rugosidad y GCV explicitos,no,no,
958,Utilizing BIC for the intelligent selection of functional data with principal components,include,none,alta,Seleccion de dimension/modelo via BIC en FPCA; relevante PR2/PR3,no,no,
959,Exploring functional data analysis and wavelet principal component analysis on ecstasy (MDMA) wastewater data,include,none,alta,Comparacion directa Fourier vs B-spline vs wavelet en FPCA; muy relevante para PR2/PR4,no,no,
963,Trajectories of mHealth-Tracked Mental Health and Their Predictors in Female Chronic Pelvic Pain Disorders,include,none,baja,Sin mencion explicita de FDA en el extracto disponible; posible falso positivo,si,no,
964,High resolution temperature forecasting using functional time series decomposition,include,none,alta,Descomposicion de series temporales funcionales; relevante PR4/PR5,no,no,
966,A multi-country comparison of stochastic models of breast cancer mortality with P-splines smoothing approach,include,E4-exception,alta,P-splines explicitos comparados contra modelos Lee-Carter,no,no,
970,Penalized functional regression using R package PFLR,include,none,alta,"Metodología central de regresión funcional penalizada (paquete R), discute expansión en bases B-spline/P-spline.",no,no,
972,Adaptive LASSO estimation for functional hidden dynamic geostatistical models,include,none,media,Selección de modelo para datos geoestadísticos funcionales; discusión de base no clara en el extracto.,si,no,
979,A prediction interval for a function-valued forecast model: Application to load forecasting,include,none,alta,"Modelo de pronóstico funcional basado en base wavelet+kernel, discute representación explícitamente.",no,no,
982,Quantile-based Clustering for Functional Data via Modelling Functional Principal Components Scores,include,none,alta,"Clustering funcional vía scores de FPCA, metodología central de representación.",no,no,
986,A comparison of clustering approaches for the study of the temporal coherence of multiple time serie,include,none,media,Comparación de clustering funcional (uno basado en wavelets) vs modelo de espacio de estados.,si,no,
995,Functional data geometric morphometrics with machine learning for craniodental shape classification ,include,none,media,"Morfometría geométrica funcional; posible discusión de base en Métodos, no visible en el extracto.",si,no,
996,Comparison of functional and discrete data analysis regimes for Raman spectra,include,none,alta,"Comparación explícita de régimen funcional vs discreto para espectros Raman, alto contenido de FPCA/bases.",no,no,
1009,Forecasts of COPD mortality in Australia: 2006-2025,exclude,E4,alta,"Pronóstico de mortalidad por EPOC (dominio salud), sin discusión visible de elección de base.",si,si,verde
1012,Parametric and Semiparametric Approaches to Analyzing Device-Based Measures of Energy Expenditure in,include,none,media,"Compara enfoques paramétrico/semiparamétrico (B-splines, nudos) pese a ser en ratas; discusión sustantiva de suavizado.",si,no,
1018,Association of cardiovascular events and lipoprotein particle size: Development of a risk score base,exclude,E4,alta,"Score de riesgo cardiovascular vía FDA, dominio médico sin discusión de base visible.",si,si,verde
1020,Some Paradoxical Perspectives on Approaches and Structures in Functional Data Analysis,include,none,media,Discusión general de estructuras y enfoques en FDA.,no,no,
1024,Mixture model-based functional discriminant analysis for curve classification,include,none,alta,"Análisis discriminante funcional basado en mixturas, metodología general de clasificación de curvas.",no,no,
1042,Characterization and clustering of intra-day physical activity patterns using accelerometry among se,exclude,E4,alta,"Patrones de actividad física en adultos (dominio salud), sin discusión de base visible.",si,si,verde
1044,Region-based association test for familial data under functional linear models,include,none,alta,"Test de asociación genética con modelos lineales funcionales, discusión sustantiva de bases B-spline/Fourier.",no,no,
1049,Model-based functional mixture discriminant analysis with hidden process regression for curve classi,include,none,alta,"Análisis discriminante funcional por mixturas con cambios de régimen, metodología general.",no,no,
1050,Statistical evaluation of waveform collapse reveals scale-free properties of neuronal avalanches,include,none,media,"Colapso de forma de onda en avalanchas neuronales; algo de contenido de base Fourier/PC, dominio neurociencia.",si,no,
1052,Nonlinear Fault Detection of Batch Processes Using Functional Local Kernel Principal Component Analy,include,none,media,"Detección de fallas en procesos batch vía FPCA kernel, contenido sustantivo de PC pese a dominio industrial.",si,no,
1053,Adaptive basis functions for prototype-based classification of functional data,include,none,alta,"Funciones de base adaptativas para clasificación basada en prototipos, metodología central de bases.",no,no,
1070,A functional data method for causal dynamic network modeling of task-related fMRI,exclude,E4,alta,"Modelado causal de redes fMRI (dominio neurociencia), señal mínima de discusión de base.",si,si,verde
1073,Representation of functional data in neural networks,include,none,alta,"Representación de datos funcionales en redes neuronales, tema central PR1/PR2.",no,no,
1077,Dynamic principal component regression for forecasting functional time series in a group structure,include,none,media,"Regresión dinámica por componentes principales para pronóstico de mortalidad; alto contenido FPCA, dominio demográfico/actuarial.",si,no,
1082,Uniform in number of neighbors consistency and weak convergence of kNN empirical conditional process,include,none,alta,"Teoría de consistencia kNN para procesos condicionales funcionales, metodología general sin dominio aplicado ajeno.",no,no,
1085,funBIalign: a hierachical algorithm for functional motif discovery based on mean squared residue sco,include,none,media,Algoritmo general de descubrimiento de motivos funcionales (funBIalign).,si,no,
1088,Detection of a structural break in intraday volatility pattern,include,none,alta,"Detección de quiebre estructural en volatilidad intradía, aplicación financiera directa (PR4/PR5).",no,no,
1091,ANALYZING THE IMPACT OF BREXIT ON GLOBAL UNCERTAINTY USING FUNCTIONAL LINEAR REGRESSION WITH POINT O,include,none,alta,"Test de ruido blanco funcional basado en densidad espectral, metodología teórica general.",no,no,
1092,A general white noise test based on kernel lag-window estimates of the spectral density operator,include,none,alta,"Test de ruido blanco general basado en operador de densidad espectral, metodología teórica general.",no,no,
1094,An application of functional data analysis to local damage detection,include,none,media,"Detección de daño local vía FDA con wavelets/FPCA en señales de vibración, dominio industrial con señal moderada de base.",si,no,
1095,Using extracted forward rate term structure information to forecast foreign exchange rates,include,none,alta,"Pronóstico de tipo de cambio vía FPCA de estructura de tasas forward, aplicación financiera directa (PR5).",no,no,
1097,Forecasting functional time series using weighted likelihood methodology,include,none,alta,"Pronóstico de series temporales funcionales vía verosimilitud ponderada, metodología general.",no,no,
1099,Adaptive smoothing to identify spatial structure in global lake ecological processes using satellite,include,none,media,"Suavizado adaptativo (P-splines, nudos) en ecología de lagos; discusión sustantiva de suavizado pese a dominio ambiental.",si,no,
1103,Generalized regression estimation for continuous time processes with values in functional spaces,include,none,media,"Estimación de regresión para procesos de tiempo continuo en espacios funcionales; sin resumen disponible, extracto limitado.",si,no,
1104,"Bayesian nonparametric functional mixture estimation for time-series data, with application to estim",include,none,alta,"Mixtura funcional bayesiana aplicada a totales de empleo estatal, aplicación económica/laboral directa (PR5).",no,no,
1108,A Comparison of Hurst Exponent Estimators in Long-range Dependent Curve Time Series,include,none,alta,"Estimadores del exponente de Hurst en series de curvas de largo alcance, metodología teórica general.",no,no,
1111,Modeling Temporal Variation in Physical Activity Using Functional Principal Components Analysis,include,none,media,FPCA para actividad física vía acelerómetros; alto contenido de PC pese a dominio salud.,si,no,
1113,Functional Clustering of Discount Functions for Behavioural Investor Profiling,include,none,alta,"Clustering funcional de funciones de descuento para perfilamiento conductual de inversores, aplicación financiera (PR5).",no,no,
1115,Functional time series approach to analyzing asset returns co-movements,include,none,alta,"Series temporales funcionales para co-movimientos de retornos de activos, aplicación financiera directa (PR5).",no,no,
1122,MULTIPLE CHANGE POINT DETECTION IN FUNCTIONAL DATA WITH APPLICATIONS TO BIOMECHANICAL FATIGUE DATA,include,none,media,"Detección de múltiples puntos de cambio, método general ilustrado en datos biomecánicos.",si,no,
1126,Optimal dimension reduction for high-dimensional and functional time series,include,none,alta,"Reducción de dimensión óptima para series temporales funcionales de alta dimensión (Karhunen-Loève), metodología teórica general.",no,no,
1130,Parameter regimes in partial functional panel regression,include,none,media,"Regímenes de parámetros en regresión funcional panel parcial, econometría funcional general.",no,no,
1132,Functional principal component analysis for derivatives of multivariate curves,include,none,alta,"FPCA para derivadas de curvas multivariadas, metodología central.",no,no,
1143,Functional mixtures-of-experts,include,none,alta,"Mixturas de expertos funcionales, metodología general de predicción sobre series/funciones.",no,no,
1149,Monotone-constrained functional component analysis for forward risk-accumulation curves with Leak-Fr,include,none,alta,"FPCA con restricción monótona para curvas de riesgo-acumulación, alto contenido FPCA, aplicación financiera/riesgo (PR5).",no,no,
1155,Functional regression models for South African economic indicators: a growth curve perspective,include,none,alta,"Modelos de regresión funcional para indicadores económicos sudafricanos, aplicación económica directa (PR5).",no,no,
1161,Functional lagged regression with sparse noisy observations,include,none,alta,"Regresión funcional rezagada con observaciones ruidosas dispersas, metodología teórica general.",no,no,
1168,Spatiooral functional neural networks,include,none,media,"Redes neuronales funcionales espacio-temporales, metodología general de aprendizaje automático.",no,no,
1184,Similarities within a multi-model ensemble: Functional data analysis framework,exclude,E4,alta,"Comparación de ensamble multi-modelo climático, meteorología (dominio ajeno explícito en E4), sin señal de discusión de base.",no,si,verde
1187,Exploring COVID-19 in mainland China during the lockdown of Wuhan via functional data analysis,pendiente_acceso,,alta,"Exploración de COVID-19 en China vía FDA, dominio epidemiológico con señal mínima de discusión de base.",si,si,rojo
1188,Nonparametric multifunctional GARCH time series data analysis: Application to dynamic forecasting in,include,none,alta,"GARCH multifuncional no paramétrico para pronóstico financiero, coincide directamente con PR4/PR5 (funcional ARCH/GARCH).",no,no,
1196,"Learning delay dynamics for multivariate stochastic processes, with application to the prediction of",exclude,I1,alta,Dinámica de retraso para procesos estocásticos (ilustrado en COVID-19); no queda claro que aborde representación en bases o FPCA.,si,si,verde
1197,Clustering Brain Signals: a Robust Approach Using Functional Data Ranking,include,none,media,"Clustering de señales EEG vía ranking funcional, contenido wavelet relevante pese a dominio neurociencia.",si,no,
1201,Evaluating a Stock Market Pairs Trading Strategy Using a Dependent Functional Data Cointegration Met,include,none,media,Estrategia de pares via cointegracion funcional en mercados bursatiles; aplicacion financiera central (PR5).,si,no,
1207,Bayesian Testing of Granger Causality in Functional Time Series,include,none,media,"Modelo autorregresivo funcional multivariado con FPCA, aplicado a curvas de rendimiento US/UK; aplicacion financiera (PR5).",no,no,
1209,On Consistent Hypothesis Testing In General Hilbert Spaces,exclude,I1,alta,Resumen extendido (actas ICSTA); metodo general de contraste de hipotesis en espacios de Hilbert via proyecciones; no representacion en bases ni FPCA ni aplicacion economica real.,no,si,verde
1215,Scalable multiple changepoint detection for functional data sequences,include,none,media,Deteccion de multiples puntos de cambio en secuencias funcionales via proyecciones y fused lasso; relevante a procesos no estacionarios (PR4).,si,no,
1251,Bayesian estimation of the functional spatial lag model,include,none,media,Modelo espacial funcional (spatial lag) bayesiano; compara FSLM vs modelo lineal funcional; aplicacion a desempleo/analfabetismo (socioeconomico).,no,no,
1255,Detecting British Columbia coastal rainfall patterns by clustering Gaussian processes,exclude,E4,alta,"Clustering de patrones de lluvia costera via procesos gaussianos por similitud de kernel; dominio meteorologico, sin discusion de base. Etapa1 tambien E4.",si,si,verde
1261,Nonstationary fractionally integrated functional time series,include,none,alta,"FTS fraccionalmente integradas no estacionarias; FPCA del operador de varianza, criterio de ratio para dimension del subespacio dominante; curvas de precios intradia (PR2,PR3,PR4,PR5).",no,no,
1264,Change-Point Detection and Its Modern Applications,include,none,media,Revision de deteccion de puntos de cambio; una seccion trata estimacion de discontinuidad para datos funcionales con saltos abruptos (PR4). Solo parcialmente en tema; regla de duda.,si,no,
1271,A Non-linear Function-on-Function Model for Regression with Time Series Data,include,none,media,"Modelo funcion-sobre-funcion no lineal con red neuronal, generaliza modelo lineal funcional; series de tiempo, aplicacion industrial. Centralidad de base incierta (cuerpo omitido).",si,no,
1272,Real-time estimation for functional stochastic regression models,include,none,media,Regresion estocastica funcional heterocedastica: estimacion en tiempo real de operadores de regresion y de varianza condicional; conecta con volatilidad funcional (PR4).,si,no,
1276,Weak convergence of the conditional single index U-statistics for locally stationary functional time,exclude,I1,alta,"Teoria asintotica de U-estadisticos condicionales de indice unico para FTS localmente estacionarias; regresion kernel NW, no representacion en bases ni FPCA ni aplicacion economica.",no,si,verde
1278,Long-Range Dependent Curve Time Series,include,none,alta,"Series de curvas con dependencia de largo alcance; FPCA para funciones ortonormales del subespacio dominante; aplicacion a retornos bursatiles intradia (PR2,PR5).",no,no,
1286,A note on quadratic forms of stationary functional time series under mild conditions,include,none,media,Formas cuadraticas de FTS estacionarias y densidad espectral; discute representacion finito-dimensional optima y Karhunen-Loeve del operador de covarianza (PR2). Teorico.,si,no,
1301,Intraday forecasts of a volatility index: functional time series methods with dynamic updating,include,none,alta,"Pronosticos intradia del indice de volatilidad VIX via FTS con actualizacion dinamica; aplicacion financiera de volatilidad (PR4,PR5).",no,no,
1305,Graphical Principal Component Analysis of Multivariate Functional Time Series,include,none,alta,"PCA grafico y FPCA dinamico para FTS multivariadas; separabilidad debil dinamica, reduccion de dimension; aporte metodologico FPCA sustancial (PR2).",no,no,
1313,Forecasting day-ahead electric power prices with functional data analysis,include,none,alta,"Pronostico de precios electricos dia-adelante via FDA; serie economica volatil no estacionaria, compara modelos funcionales vs tradicionales (PR4,PR5).",no,no,
1330,Time-Varying Functional Principal Components for Non-Stationary EpCO 2 in Freshwater Systems,include,none,media,"FPCA variante en el tiempo en dominio de frecuencia para FTS no estacionarias con inferencia asociada; desarrollo metodologico FPCA real (PR2,PR4). Etapa1 dijo E4.",si,no,
1332,Statistical inference for high-dimensional panel functional time series,include,none,alta,Inferencia para FTS panel de alta dimension; adopta explicitamente descomposicion en bases de datos funcionales; bandas de confianza simultaneas (I1a).,no,no,
1336,Forecasting High-Dimensional Functional Time Series: Application to Sub-National Age-Specific Mortal,include,none,media,Pronostico de FTS de alta dimension via FANOVA de dos vias + FPCA; aplicacion a mortalidad pero metodologia FPCA sustancial con seleccion de componentes (PR2).,no,no,
1345,Single index regression for locally stationary functional time series,exclude,I1,alta,"Teoria asintotica de regresion de indice unico para FTS localmente estacionarias; estimador kernel NW, TCL; no representacion en bases ni FPCA ni aplicacion economica.",no,si,verde
1347,Forecasting the Colombian electricity spot price under a functional approach,include,none,alta,"Pronostico del precio spot de electricidad colombiana via enfoque funcional; serie economica volatil, contexto latinoamericano (PR5). El fetch trajo el PDF equivocado; decision por titulo.",si,si,verde
1350,The Demographics of Defense and Security in Japan,exclude,E1,alta,"Pronostico demografico japones via modelos de datos funcionales coherentes, usado como herramienta para politica de defensa; sin discusion de eleccion/calidad de base. NOTA: revisor lo incluyo en Etapa 1.",si,si,verde
1355,A flexible spatial autoregressive modelling framework for mixed covariates of multiple data types,include,none,media,"Modelo autorregresivo espacial (SAR) con covariables funcionales; estimacion basada en FPCA; contexto econometrico espacial / economias regionales (PR2,PR5).",si,no,
1363,Detecting changes in the covariance structure of functional time series with application to fMRI dat,include,none,media,"Deteccion de cambios en covarianza de FTS via reduccion de dimension vs estructura funcional completa; discute compromiso de proyeccion/dimension (PR2,PR4). Econometrics and Statistics. Etapa1 dijo E4.",si,no,
1370,A nonparametric test for stationarity in functional time series,exclude,I1,alta,"Test no parametrico de estacionariedad para FTS via distancia L2 entre operadores de densidad espectral; herramienta de contraste, no representacion en bases ni FPCA ni aplicacion economica.",si,si,verde
1377,The effect of global crises on stock market correlations: Evidence from scalar regressions via funct,include,none,alta,"Efecto de crisis globales en correlaciones bursatiles via regresiones escalares con FDA (datos desde 1800s); aplicacion financiera, crisis/volatilidad (PR4,PR5). Revisor lo incluyo en Etapa 1.",no,no,
1383,Change point analysis of covariance functions: A weighted cumulative sum approach,include,none,media,"Analisis de puntos de cambio de funciones de covarianza via CUSUM ponderado (Horvath, Rice); estructura de covarianza central a FPCA/representacion + no estacionariedad (PR2,PR4).",no,no,
1404,Is the Group Structure Important in Grouped Functional Time Series?,include,none,media,"Estructura de grupos en FTS agrupadas; FPCA dinamico multivariado, funcion de covarianza de largo plazo, reconciliacion de pronosticos (PR2). Aplicacion mortalidad, metodologia FPCA central.",no,no,
1408,Asynchronous Changepoint Estimation for Spatially Correlated Functional Time Series,include,none,media,Estimacion bayesiana de puntos de cambio asincronos en FTS espacialmente correlacionadas; deteccion de cambio relevante a no estacionariedad (PR4). Extracto parcial (pagina de editor).,si,no,
1417,Multi-country clustering-based forecasting of healthy life expectancy,include,none,baja,Pronostico de esperanza de vida saludable multi-pais via clustering funcional; aplicacion salud/demografia. Extracto es pagina de vista previa de editor; evaluacion limitada.,si,no,
1419,On the Use of Yeo-Johnson Transformation in the Functional Multivariate Time Series,include,none,media,"Transformaciones Box-Cox/Yeo-Johnson para pronostico de series funcionales multivariadas; KNN funcional con seleccion de ancho de banda por validacion cruzada, PCA (PR3).",si,no,
1420,Nonstationary Functional Time Series Forecasting,include,none,alta,"Pronostico de FTS no estacionarias via primera diferencia, covarianza de largo plazo, eigendescomposicion en FPCs y seleccion de dimension (PR2,PR3,PR4). Metodologia FPCA central.",no,no,
1423,The Maximum of the Periodogram of a Sequence of Functional Data,exclude,I1,alta,"Distribucion asintotica del maximo del periodograma de datos funcionales; herramienta de contraste espectral, no representacion en bases ni FPCA ni aplicacion economica.",si,si,verde
1425,A robust functional time series forecasting method,include,none,media,"Metodo robusto de pronostico de FTS; maneja atipicos en curvas, probablemente FPCA robusto (PR2). Ejemplo de ozono es solo ilustracion.",si,no,
1426,Functional Time Series Prediction Under Partial Observation of the Future Curve,include,none,media,"Prediccion de FTS bajo observacion parcial de la curva futura; metodologia FTS (Aue), probablemente representacion FPCA/base de las curvas (PR2).",si,no,
1429,Detecting a structural change in functional time series using local Wilcoxon statistic,include,none,media,"Deteccion de cambio estructural en FTS via estadistico local de Wilcoxon; motivacion explicita en economia y finanzas empiricas (PR4,PR5). Statistical Papers.",si,no,
1431,Functional singular spectrum analysis,include,none,media,"Analisis espectral singular funcional (SSA funcional): descomposicion de FTS via operador de trayectoria y SVD; metodo de representacion/descomposicion de datos funcionales (PR1,PR2).",no,no,
1437,Change-Point Detection for Object-Valued Time Series,include,none,media,"Deteccion de puntos de cambio para series de objetos en espacios metricos (media/varianza de Frechet); datos funcionales como caso especial, contexto econometrico (PR4).",si,no,
1444,Forecasting health expenses using a functional data model,include,none,media,Modelo de datos funcionales para pronostico de gastos de salud (datos actuariales alemanes); aplicacion financiera-actuarial (PR5). Discusion de base incierta (cuerpo omitido).,si,no,
1445,Modeling and forecasting of the high-dimensional time series data with functional data analysis and ,exclude,E4,alta,"Modelado/pronostico de temperatura superficial via FDA + aprendizaje automatico; dominio meteorologico/climatico, sin discusion sustantiva de base. Pre-marcado posible E4 en Etapa 1.",si,si,verde
1446,Functional analysis of long-run ESG trajectories across world regions,include,none,media,Analisis funcional de trayectorias ESG de largo plazo por region (12 indicadores del Banco Mundial como FTS 1991-2018); aplicacion socioeconomica/desarrollo (PR5).,si,no,
1450,Combining unsupervised and supervised learning techniques for enhancing the performance of functiona,include,none,media,"Combinacion de aprendizaje supervisado y no supervisado para clasificadores de datos funcionales; metodologia FDA (Computational Statistics), representacion de curvas via base/FPCA probable.",si,no,
1463,Testing Separability of Functional Time Series,include,none,alta,Contraste de separabilidad de FTS (covarianza factoriza en tiempo x coordenada); Kokoszka y Reimherr; sobre estructura de covarianza y supuestos de representacion (PR2).,no,no,
1469,Understanding return variation in crypto assets: a functional ANOVA approach,include,none,alta,Variacion de retornos en criptoactivos via FANOVA funcional; log-retornos mensuales de 20 criptos suavizados en trayectorias continuas; aplicacion financiera con suavizado de curvas (PR5).,no,no,
1472,Aggregating multiple types of complex data in stock market prediction: A model-independent framework,include,none,media,Prediccion del mercado bursatil agregando multiples tipos de datos complejos; aplicacion financiera (PR5). Centralidad de FDA incierta desde el extracto.,si,no,
1479,Forecasting the Term Structure of Interest Rates of the BRICS: Evidence from a Nonparametric Functio,include,none,alta,Pronostico de la estructura temporal de tasas de interes de los BRICS via FDA no parametrica; curvas de rendimiento diarias; aplicacion financiera clasica (PR5).,no,no,
1480,HOW FUNCTIONAL DATA CAN ENHANCE THE ESTIMATION OF HEALTH EXPECTANCY: THE CASE OF DISABLED Spanish PO,include,none,media,"Como los datos funcionales mejoran la estimacion de esperanza de vida saludable (poblacion discapacitada espanola); contexto actuarial, encuadre metodologico sobre el aporte funcional.",si,no,
1486,FORECASTING MULTIPLE FUNCTIONAL TIME SERIES in A GROUP STRUCTURE: AN APPLICATION to MORTALITY,include,none,media,"Pronostico de multiples FTS en estructura de grupos via FPCA y reconciliacion de pronosticos; aplicacion mortalidad subnacional, metodologia FTS/FPCA sustancial (PR2).",no,no,
1495,NITPicker: Selecting time points for follow-up experiments,exclude,E4,alta,"NITPicker: algoritmo de diseno experimental para elegir puntos de tiempo de seguimiento usando prediccion de datos funcionales; herramienta de bioinformatica, no representacion en bases. Pre-marcado posible E4 en Etapa 1.",no,si,verde
1497,Asymptotic results of the randomly censored kernel-type expectile regression estimator for functiona,exclude,I1,alta,"Teoria asintotica del estimador kernel de regresion expectil censurada para datos funcionales dependientes; regresion nucleo, no representacion en bases ni FPCA ni aplicacion economica.",no,si,verde
1500,Functional time series forecasting of distributions: A Koopman-Wasserstein approach,include,none,alta,"Metodo FDA/espectral para pronostico de distribuciones (DPDD, Koopman-Wasserstein), central a PR1/PR2",no,no,
1503,Functional approach for Two Way Dimension Reduction in Time Series,include,none,alta,"Reduccion de dimension funcional (FPCA/autoencoder funcional) para series temporales, PR1/PR2",no,no,
1508,Robust change-point detection for functional time series based on U-statistics and dependent wild bo,include,none,alta,"Test de cambio estructural para series temporales funcionales via U-estadisticos, PR3/PR4",no,no,
1521,Bayesian nonparametric mixture estimation for time-indexed functional data in R,include,none,alta,"Estimacion bayesiana no parametrica para datos funcionales indexados en tiempo, PR1",no,no,
1522,Generalized exponential smoothing in prediction of hierarchical time series,include,none,alta,"Suavizado exponencial generalizado aplicado a series temporales funcionales jerarquicas, PR1/PR3",no,no,
1529,Robust clustering for time series using spectral densities and functional data analysis,include,none,alta,"Densidades espectrales tratadas como datos funcionales para clustering robusto de series, PR1",no,no,
1546,Predicting microRNA targets in time-series microarray experiments via functional data analysis,exclude,E4,alta,"Prediccion de dianas microRNA via FDA; introduccion/conclusion no muestran discusion sustantiva de base, aplicacion accesoria",si,si,verde
1549,ftsa: An R package for analyzing functional time series,include,none,alta,"Paquete R (ftsa) para FPCA/pronostico de series temporales funcionales, PR1/PR2 metodologico",no,no,
1556,A stickiness coefficient for longitudinal data,include,none,alta,"Coeficiente de stickiness para datos longitudinales bajo marco de proceso funcional suave, PR1",no,no,
1562,Functional Generalized Autoregressive Conditional Heteroskedasticity,include,none,alta,"Version funcional del proceso GARCH (fGARCH), volatilidad financiera, ancla tematica fuerte PR4/PR5",no,no,
1578,Clustering time series under the Fréchet distance,include,none,alta,"Clustering de series temporales bajo distancia de Frechet, datos funcionales/longitudinales, PR1",no,no,
1579,Detecting and dating structural breaks in functional data without dimension reduction,include,none,alta,"Deteccion de rupturas estructurales en datos funcionales sin reduccion de dimension, PR2/PR3",no,no,
1583,A Simple Test for White Noise in Functional Time Series,include,none,alta,"Test de ruido blanco para series temporales funcionales via operador de densidad espectral, PR1",no,no,
1586,On the Prediction of Stationary Functional Time Series,include,none,alta,"Prediccion de series temporales funcionales estacionarias (Aue/Hormann), PR1/PR2",no,no,
1594,Evaluating stationarity via change-point alternatives with applications to fMRI data,include,none,alta,Deteccion de cambios en datos funcionales dependientes aplicado a fMRI; metodologia central pese a dominio medico (excepcion E4),no,no,
1598,Modelling a response as a function of high-frequency count data: The association between physical ac,include,none,media,"Histograma como resumen funcional novedoso para conteos de alta frecuencia; aporte metodologico sobre representacion, no solo aplicacion accesoria (excepcion E4)",no,no,
1615,Functional data analysis for volatility,include,none,alta,"Proceso de volatilidad funcional para datos de alta frecuencia (S&P500), PR5 directo",no,no,
1634,Selecting the number of principal components in functional data,include,none,alta,"Criterios para seleccionar numero de componentes principales funcionales, PR3 directo",no,no,
1643,Identifying the spectral representation of Hilbertian time series,include,none,alta,"Representacion espectral de series temporales hilbertianas via operador de covarianza, PR1/PR2",no,no,
1645,Rainbow: An R package for visualizing functional time series,include,none,alta,"Paquete R (rainbow) para visualizacion de series temporales funcionales, herramienta FDA PR1",no,no,
1664,Forecasting implied volatility in foreign exchange markets: a functional time series approach,include,none,alta,"FPCA dinamica para pronostico de volatilidad implicita FX, PR5 directo",no,no,
1680,Functional time series forecasting with dynamic updating: An application to intraday particulate mat,include,none,alta,Pronostico FTS con actualizacion dinamica; metodologia FPCR sustantiva pese a dominio ambiental (excepcion E4),no,no,
1681,Bootstrap methods for stationary functional time series,include,none,alta,"Metodos bootstrap para covarianza de largo plazo en FTS estacionarias via FPCA, PR3",no,no,
1684,Combining functional data projections for time series classification,include,none,alta,"Proyecciones de datos funcionales en RKHS para clasificacion de series temporales, PR1",no,no,
1686,"Signal regression models for location, scale and shape with an application to stock returns",include,none,alta,"Modelos de regresion de senal (GAMLSS) con predictor funcional aplicado a retornos bursatiles, PR2/PR5",no,no,
1689,Prediction of functional ARMA processes with an application to traffic data,include,none,alta,"Prediccion de procesos ARMA funcionales via FPCA; aplicacion a trafico pero metodologia central, PR2",no,no,
1722,Bayesian Spatial Functional Data Clustering: Applications in Disease Surveillance,include,none,alta,"Clustering espacial funcional bayesiano; contribucion metodologica (arboles de expansion, GP latente) pese a dominio epidemiologico (excepcion E4)",no,no,
1750,A Bayesian Functional Methodology for Dengue Risk Mapping in Latin America and the Caribbean,include,none,baja,"Extraccion de texto fallo (datos binarios/imagen corruptos en el PDF); titulo fuertemente on-topic (FDA bayesiano, dengue America Latina, PR5) - ante la duda se incluye, requiere verificacion manual del PDF",si,no,
1779,Functional analysis of variance of air pollution caused by fine particles,include,none,alta,ANOVA funcional explicito aplicado a contaminacion por particulas finas; metodologia central (excepcion E4),no,no,
1783,Multivariate functional data modeling with time-varying clustering,include,none,alta,Modelado de datos funcionales multivariantes con clustering variable en el tiempo (GP + proceso de Dirichlet); metodologia central pese a dominio ambiental (excepcion E4),no,no,
1797,Functional diffusion driven stochastic volatility model,include,none,alta,"Modelo de volatilidad estocastica por difusion funcional, PR5 directo",no,no,
1799,Dynamic functional time-series forecasts of foreign exchange implied volatility surfaces,include,none,alta,"FPCA dinamica univariante/multivariante/multinivel para volatilidad implicita FX, PR5 directo",no,no,
1811,Frontiers in time series and financial econometrics: An overview,exclude,I1,alta,"Editorial/overview de un numero especial de econometria de series temporales; no es un estudio individual de FDA, solo menciona de paso functional index coefficient models",no,si,verde
1813,A Plug-in Bandwidth Selection Procedure for Long-Run Covariance Estimation with Stationary Functiona,include,none,alta,"Seleccion de ancho de banda para covarianza de largo plazo en FTS estacionarias, PR3 directo",no,no,
1818,Forecasting stock index futures intraday returns: Functional time series model,include,none,alta,"FPCA explicito para pronostico de retornos intradiarios de futuros bursatiles, PR2/PR5",no,no,
1820,Granger causality of bivariate stationary curve time series,include,none,alta,"Causalidad de Granger para series de curvas bivariantes estacionarias, aplicacion climatica/financiera, PR1/PR5",no,no,
1827,Functional time series models for ultrafine particle distributions,include,none,alta,Modelo bayesiano de FTS con base B-spline cubica explicita para conteos de particulas; discusion sustantiva de base (excepcion E4),no,no,
1839,Nonlinear drivers and volatility of solar radiation variability in Asian megacities: a functional ti,include,none,media,FTS aplicado a radiacion solar (dominio ambiental) con FDA/FPCA/GARCH explicitos; ADVERTENCIA: preprint en Research Square (no arXiv) - verificar si cumple I2 o si hay version publicada,no,no,
1840,A functional time series analysis of forward curves derived from commodity futures,include,none,alta,"Analisis FTS de curvas forward de futuros de commodities, PR4/PR5 directo",no,no,
1842,A functional version of the arch model,include,none,alta,"ANCLA del conjunto oro numero 10 (Hormann/Horvath/Reeder) - version funcional del modelo ARCH, confirmado",no,no,
1843,Forecasting value at risk with intra-day return curves,include,none,alta,"Pronostico de VaR con curvas de retorno intradiario, datos funcionales financieros, PR4/PR5",no,no,
1844,Nonlinear autocorrelation function of functional time series,include,none,alta,"Funcion de autocorrelacion no lineal para series temporales funcionales, PR1 metodologico",no,no,
1849,The dynamics of economic functions: Modeling and forecasting the yield curve,include,none,alta,"Modelo FSN con spline cubica natural para dinamica de la curva de rendimiento, PR1/PR5 clasico",no,no,
1860,Minimax estimation of Functional Principal Components from noisy discretized functional data: the ca,include,none,alta,"Estimacion minimax de componentes principales funcionales desde datos discretizados ruidosos, PR2 central",no,no,
1861,Distribution-Free Stochastic Analysis and Robust Multilevel Vector Field Anomaly Detection,include,none,alta,"Analisis funcional con expansion KL y bases ortogonales multinivel para deteccion de anomalias; discusion sustantiva de base (excepcion E4), coherente con decision previa del usuario",no,no,
1870,Robust penalized splines for location estimation from discretely sampled functional data,include,none,alta,"Splines penalizados robustos para estimacion de localizacion en datos funcionales discretamente muestreados, PR1/PR3",no,no,
1874,Local constant likelihood estimation for beta distribution with time varying parameters,include,none,media,Estimacion de verosimilitud local para distribucion Beta con parametros variables en el tiempo aplicado a datos funcionales de glucosa; aporte metodologico sobre suavizado,no,no,
1884,Ultra-efficient MCMC for Bayesian longitudinal functional data analysis,include,none,alta,"MCMC ultra-eficiente para modelos mixtos funcionales bayesianos con reparametrizacion de base ortogonalizada, PR1/PR3",no,no,
1888,On metrics for analysis of functional data on geometric domains,include,none,alta,"Teoria de metricas para datos funcionales en dominios geometricos, PR1 teorico",no,no,
1890,Anisotropic multidimensional smoothing using Bayesian tensor product P-splines,include,none,alta,"Suavizado multidimensional anisotropico con P-splines tensoriales bayesianos, PR1/PR3 base explicita",no,no,
1891,Inference for Model Misspecification in Interest Rate Term Structure using Functional Principal Comp,include,none,media,"Metodologia FDA nuclear (bases/FPCA/series temporales funcionales), tema inequivoco por titulo (sin resumen, extracto/titulo suficientemente especifico).",no,no,
1907,On linear regression models in infinite dimensional spaces with scalar response,include,none,media,"Metodologia FDA nuclear (bases/FPCA/series temporales funcionales), tema inequivoco por titulo (sin resumen, extracto/titulo suficientemente especifico).",no,no,
1917,Spatial Bayesian latent factor regression modeling of coordinate-based meta-analysis data,exclude,I1,alta,"Meta-analisis espacial de coordenadas de activacion fMRI, no representacion de curvas via bases/FPCA; colision terminologica functional=fMRI.",no,si,verde
1924,Wavelets in functional data analysis,include,none,alta,"Morettin/Pinheiro/Vidakovic, Wavelets in Functional Data Analysis - item #6 del conjunto oro.",no,no,
1931,Nonparametric local polynomial regression for functional covariates,include,none,media,"Metodologia FDA nuclear (bases/FPCA/series temporales funcionales), tema inequivoco por titulo (sin resumen, extracto/titulo suficientemente especifico).",no,no,
1933,How far can symmetry help? Phase transitions and symmetry selection in sparse functional data analys,include,none,media,"Metodologia FDA nuclear (bases/FPCA/series temporales funcionales), tema inequivoco por titulo (sin resumen, extracto/titulo suficientemente especifico).",no,no,
1938,Nonparametric and semiparametric models in comparison of observations of a particle-size distributio,include,none,alta,Comparacion de 3 estrategias de seleccion de nudos para splines cubicos; discusion metodologica sustantiva de base pese a aplicacion a granulometria (excepcion E4).,no,no,
1939,Functional data analysis by matrix completion,include,none,alta,"Metodologia FDA nuclear (bases/FPCA/series temporales funcionales), tema inequivoco por titulo y resumen.",no,no,
1940,Sensitivity analysis and emulation for functional data using Bayesian adaptive splines,include,none,media,"Metodologia FDA nuclear (bases/FPCA/series temporales funcionales), tema inequivoco por titulo (sin resumen, extracto/titulo suficientemente especifico).",no,no,
1944,Heuristic framework for multiscale testing of the multi-manifold hypothesis,include,none,alta,"Metodologia FDA nuclear (bases/FPCA/series temporales funcionales), tema inequivoco por titulo y resumen.",no,no,
1948,Nonparametric density estimation for intentionally corrupted functional data,include,none,alta,"Metodologia FDA nuclear (bases/FPCA/series temporales funcionales), tema inequivoco por titulo y resumen.",no,no,
1953,A class of multi-resolution approximations for large spatial datasets,include,none,alta,"Metodologia FDA nuclear (bases/FPCA/series temporales funcionales), tema inequivoco por titulo y resumen.",no,no,
1954,Higher-order accurate spectral density estimation of functional time series,include,none,alta,"Metodologia FDA nuclear (bases/FPCA/series temporales funcionales), tema inequivoco por titulo y resumen.",no,no,
1957,Functional linear and single-index models: a unified approach via Gaussian Stein identity,include,none,alta,"Metodologia FDA nuclear (bases/FPCA/series temporales funcionales), tema inequivoco por titulo y resumen.",no,no,
1961,Significance tests for functional data with complex dependence structure,include,none,media,"Metodologia FDA nuclear (bases/FPCA/series temporales funcionales), tema inequivoco por titulo (sin resumen, extracto/titulo suficientemente especifico).",no,no,
1974,Function-on-scalar quantile regression with application to mass spectrometry proteomics data,include,none,alta,"Metodologia FDA nuclear (bases/FPCA/series temporales funcionales), tema inequivoco por titulo y resumen.",no,no,
1977,Modern nonlinear function-on-function regression,include,none,alta,"Metodologia FDA nuclear (bases/FPCA/series temporales funcionales), tema inequivoco por titulo y resumen.",no,no,
1979,Efficient Bayesian shape-restricted function estimation with constrained Gaussian process priors,include,none,alta,"Metodologia FDA nuclear (bases/FPCA/series temporales funcionales), tema inequivoco por titulo y resumen.",no,no,
1980,Estimation in functional linear quantile regression,include,none,alta,"Metodologia FDA nuclear (bases/FPCA/series temporales funcionales), tema inequivoco por titulo y resumen.",no,no,
1988,"Analysis of target data-dependent greedy kernel algorithms: convergence rates for \(f\)-, \(f \cdot ",include,none,alta,"Metodologia FDA nuclear (bases/FPCA/series temporales funcionales), tema inequivoco por titulo y resumen.",no,no,
1994,Marginal distance and Hilbert-Schmidt covariances-based independence tests for multivariate function,include,none,alta,"Metodologia FDA nuclear (bases/FPCA/series temporales funcionales), tema inequivoco por titulo y resumen.",no,no,
2002,Generalized linear models for geometrical current predictors: an application to predict garment fit,include,none,alta,"Compara 3 bases distintas (RKHS, covarianza, combinada) para datos funcionales vectoriales; central a PR2/PR4 pese a aplicacion textil (excepcion E4).",no,no,
2035,Continuous and atlas-free analysis of brain structural connectivity,include,none,alta,Nuevo espacio de funciones de rango reducido para conectividad cerebral; discusion metodologica sustantiva de representacion (excepcion E4).,no,no,
2037,Distribution of a Non-parametric Wavelet-based Statistic for Functional Data,include,none,media,"Metodologia FDA nuclear (bases/FPCA/series temporales funcionales), tema inequivoco por titulo (sin resumen, extracto/titulo suficientemente especifico).",no,no,
2050,Nonparametric regression based on discretely sampled curves,include,none,media,"Metodologia FDA nuclear (bases/FPCA/series temporales funcionales), tema inequivoco por titulo (sin resumen, extracto/titulo suficientemente especifico).",no,no,
2051,Investigating swimming technical skills by a double partition clustering of multivariate functional ,include,none,alta,"Descomposicion en base funcional central al metodo, con seleccion de dimension; aplicacion deportiva no resta sustancia metodologica (excepcion E4).",no,no,
2053,A unified approach for testing in Hilbert spaces on incomplete data,include,none,media,"Metodologia FDA nuclear (bases/FPCA/series temporales funcionales), tema inequivoco por titulo (sin resumen, extracto/titulo suficientemente especifico).",no,no,
2065,Multivariate Functional Principal Component Analysis for Data Observed on Different (Dimensional) Do,include,none,alta,"Metodologia FDA nuclear (bases/FPCA/series temporales funcionales), tema inequivoco por titulo y resumen.",no,no,
2081,Ultra-Fast Approximate Inference Using Variational Functional Mixed Models,include,none,alta,"Metodologia FDA nuclear (bases/FPCA/series temporales funcionales), tema inequivoco por titulo y resumen.",no,no,
2083,Clustering time-course microarray data using functional Bayesian infinite mixture model,include,none,alta,Expansion en funciones de base + mixtura Bayesiana infinita; aplicacion a microarrays con discusion metodologica de base (excepcion E4).,no,no,
2085,Locally Sparse Function-on-Function Regression,include,none,alta,"Metodologia FDA nuclear (bases/FPCA/series temporales funcionales), tema inequivoco por titulo y resumen.",no,no,
2090,Improving prediction performance of stellar parameters using functional models,include,none,alta,Descomposicion de espectros en base funcional + regresion; aplicacion astrofisica con discusion metodologica de base (excepcion E4).,no,no,
2094,Liquidity commonality does not imply liquidity resilience commonality: a functional characterisation,include,none,alta,"Metodologia FDA nuclear (bases/FPCA/series temporales funcionales), tema inequivoco por titulo y resumen.",no,no,
2098,Testing Stability in Functional Event Observations with an Application to IPO Performance,include,none,alta,"Metodologia FDA nuclear (bases/FPCA/series temporales funcionales), tema inequivoco por titulo y resumen.",no,no,
2100,Bootstrapping covariance operators of functional time series,include,none,alta,"Metodologia FDA nuclear (bases/FPCA/series temporales funcionales), tema inequivoco por titulo y resumen.",no,no,
2113,Dependent functional linear models with applications to monitoring structural change,include,none,media,"Metodologia FDA nuclear (bases/FPCA/series temporales funcionales), tema inequivoco por titulo (sin resumen, extracto/titulo suficientemente especifico).",no,no,
2118,Functional data analysis.,include,none,alta,"Ramsay & Silverman, Functional Data Analysis 2a ed. (2005) - item #1 del conjunto oro.",no,no,
2121,"Brownian Motion with a Pulse: A Biostatistician's Guide to Diffusions, Bridges, Functional PCA, and ",include,none,media,"Metodologia FDA nuclear (bases/FPCA/series temporales funcionales), tema inequivoco por titulo (sin resumen, extracto/titulo suficientemente especifico).",no,no,
2122,Local Whittle estimation of long-range dependence for functional time series,include,none,alta,"Metodologia FDA nuclear (bases/FPCA/series temporales funcionales), tema inequivoco por titulo y resumen.",no,no,
2128,Convergence of covariance and spectral density estimates for high-dimensional functional time series,include,none,media,"Metodologia FDA nuclear (bases/FPCA/series temporales funcionales), tema inequivoco por titulo (sin resumen, extracto/titulo suficientemente especifico).",no,no,
2138,Structural break analysis for spectrum and trace of covariance operators,include,none,alta,"Metodologia FDA nuclear (bases/FPCA/series temporales funcionales), tema inequivoco por titulo y resumen.",no,no,
2141,The functional AR(1) process with a unit root,include,none,media,"Metodologia FDA nuclear (bases/FPCA/series temporales funcionales), tema inequivoco por titulo (sin resumen, extracto/titulo suficientemente especifico).",no,no,
2143,Mortality prediction using survival energy models with functional data analysis,include,none,alta,Usa FPCA para estimacion no parametrica dentro de modelo de mortalidad; FPCA es el aporte metodologico central (excepcion E4).,no,no,
2164,Selected statistical methods of data analysis for multivariate functional data,include,none,alta,"Metodologia FDA nuclear (bases/FPCA/series temporales funcionales), tema inequivoco por titulo y resumen.",no,no,
2167,Some recent developments in inference for geostatistical functional data,include,none,alta,"Metodologia FDA nuclear (bases/FPCA/series temporales funcionales), tema inequivoco por titulo y resumen.",no,no,
2169,Prokhorov Metric Convergence of the Partial Sum Process for Reconstructed Functional Data,include,none,media,"Metodologia FDA nuclear (bases/FPCA/series temporales funcionales), tema inequivoco por titulo (sin resumen, extracto/titulo suficientemente especifico).",no,no,
2180,Multiscale Change Point Detection for Functional Time Series,include,none,media,"Metodologia FDA nuclear (bases/FPCA/series temporales funcionales), tema inequivoco por titulo (sin resumen, extracto/titulo suficientemente especifico).",no,no,
2184,Change point analysis for time series,include,none,alta,"Horvath & Rice, Change Point Analysis for Time Series (Springer): confirmado apendice 'Functional Observations' y prefacio menciona funcion-valuada.",no,no,
2189,Testing equality of autocovariance operators for functional time series,include,none,alta,"Metodologia FDA nuclear (bases/FPCA/series temporales funcionales), tema inequivoco por titulo y resumen.",no,no,
2197,Representation of I(1) and I(2) autoregressive Hilbertian processes,include,none,alta,"Metodologia FDA nuclear (bases/FPCA/series temporales funcionales), tema inequivoco por titulo y resumen.",no,no,
2198,The Christoffel-Darboux kernel for data analysis,exclude,I1,alta,Libro sobre el kernel de Christoffel-Darboux para análisis de datos/ML general; no es FDA/representación en bases ni FPCA. Solo página de aterrizaje.,si,si,verde
2199,Detecting deviations from second-order stationarity in locally stationary functional time series,include,none,alta,Test de estacionariedad de segundo orden para series de tiempo funcionales; operadores de covarianza/autocovarianza. FDA central.,no,no,
2201,Cointegration in functional autoregressive processes,include,none,alta,"Cointegración en procesos autorregresivos funcionales (H-valuados); econometría, aplicación a distribución del ingreso. FTS central.",no,no,
2202,Atm transaction simulation: combination of ACDs and Cox process,exclude,E1,alta,FDA usada solo como método accesorio para aproximar la intensidad de un proceso de Cox; el trabajo trata de modelos ACD/Cox para cajeros. Sin discusión de base.,si,si,verde
2203,Anomaly detection: a functional analysis perspective,include,none,media,Detección de cambios vía expansión de Karhunen-Loève y subespacios anidados; representación de procesos en base empírica. On-topic PR1/PR2.,si,no,
2207,Functional linear regression with mixed predictors,include,none,alta,"Regresión lineal funcional con predictores mixtos; RKHS, penalización de suavidad + group Lasso, datos observados en puntos discretos. FDA central.",no,no,
2228,Joint models for grid point and response processes in longitudinal and functional data,include,none,media,"Modelos conjuntos para puntos de grilla y procesos respuesta en datos funcionales/longitudinales; KL, recuperación por suavizado. FDA.",si,no,
2230,Testing equality of spectral density operators for functional processes,include,none,alta,Test de igualdad de operadores de densidad espectral para procesos funcionales; procesos lineales funcionales. FTS central.,no,no,
2231,Distributional Limit Theory for Optimal Transport,exclude,I1,alta,"Teoría de límite distribucional para transporte óptimo (planes, mapas, costos), distancia de Wasserstein. No es FDA.",no,si,verde
2235,The autoregression bootstrap for kernel estimates of smooth nonlinear functional time series,include,none,alta,"Bootstrap de autorregresión para estimadores kernel de series de tiempo funcionales no lineales; modelo FAR(1), menciona FPCA. FTS central.",no,no,
2236,A one-way ANOVA test for functional data with graphical interpretation.,include,none,alta,Test ANOVA de una vía para datos funcionales con interpretación gráfica; aplicación a descentralización fiscal europea. FDA + economía.,no,no,
2243,On filter-type estimation of discretely sampled cyclic long-memory processes,include,none,media,"Estimación tipo filtro de procesos de larga memoria cíclicos discretamente muestreados; base wavelet central al método, datos funcionales. PR4.",si,no,
2247,Asymptotics for spherical functional autoregressions,include,none,media,"Asintótica de autorregresiones funcionales esféricas; armónicos esféricos como base ortonormal, estimación de kernels AR. Contribución metodológica FTS.",si,no,
2253,Nonlinear factor-augmented predictive regression models with functional coefficients,include,none,media,"Modelos de regresión predictiva factor-aumentada con coeficientes funcionales; PCA, suavizado local, aplicación a inflación del Reino Unido. Terminología 'coef. funcional' (no FDA estricto); cuerpo omitido.",si,no,
2261,Functional Extreme-PLS,include,none,alta,"Functional Extreme-PLS: reducción de dimensión extrema en marco funcional discretizado, L2([0,1]), proyección, PLS+SIR. Aplicación a datos financieros de alta frecuencia. FDA central.",no,no,
2263,Minimax prediction in the Functional Autoregressive Model,include,none,alta,"Predicción minimax en el modelo autorregresivo funcional; compara regularización FPCA estándar vs estimador ridge, suavidad funcional. PR2/PR3 directo.",no,no,
2266,Estimation for high-frequency data under parametric market microstructure noise,exclude,I1,alta,"Estimación para datos de alta frecuencia bajo ruido de microestructura de mercado; 'funcionales de volatilidad' = funcionales (mapeos), no FDA. Colisión terminológica.",no,si,verde
2268,Long range dependence spectral testing from discretely observed functional time series in manifolds,include,none,alta,"Test espectral de dependencia de largo rango en series de tiempo funcionales en variedades; base sieve de armónicos esféricos truncada, reconstrucción series LS. FDA + base.",no,no,
2270,Gaussian Differentially Private Human Faces Under a Face Radial Curve Representation,include,none,media,GDP para caras humanas 3D bajo representación de curvas radiales como conjunto de funciones; propone una representación funcional novedosa. Fronterizo E4 (aplicación a caras); cuerpo omitido.,si,no,
2271,Detecting practically significant dependencies in metric spaces via distance correlations,exclude,I1,alta,"Test de dependencias significativas en espacios métricos vía correlación de distancias; datos funcionales es solo uno de varios settings cubiertos, no el foco. No aborda representación en bases.",si,si,verde
2273,Functional approach to analysis of daily tax revenues,include,none,alta,"Enfoque funcional para análisis de ingresos tributarios diarios; ingresos mensuales como funciones de datos diarios, suavizado y registración. FDA + aplicación económica (PR5).",si,no,
2274,Exponential mixing properties of nonlinear functional autoregressive models,include,none,alta,"Propiedades de mezcla exponencial de modelos autorregresivos funcionales no lineales (NFAR); series de tiempo funcionales, operator learning. FTS central.",no,no,
2279,Linear Processes for Functional Data,include,none,alta,"Procesos lineales para datos funcionales (capítulo de estado del arte); ARMA funcional, PCA, regresión, predicción; menciona curvas de tasas de interés. FDA central.",no,no,
2290,A General Theory for Large-Scale Curve Time Series via Functional Stability Measure,include,none,alta,"Teoría general para series de tiempo de curvas a gran escala vía medida de estabilidad funcional; FPCA, autorregresión funcional vectorial, estimación regularizada. FDA central.",no,no,
2293,Testing marginal homogeneity in Hilbert spaces with applications to stock market returns,include,none,media,"Test de homogeneidad marginal en espacios de Hilbert con aplicación a retornos bursátiles; datos funcionales, test Cramér-von-Mises. FDA + finanzas (PR5); enfoque por proyección, no base.",si,no,
2296,Consistency of recursive nonparametric kernel estimates for independent functional data,include,none,media,"Consistencia de estimadores kernel recursivos para datos funcionales independientes; función de riesgo condicional, enfoque semi-métrico (sin expansión en base). Fronterizo E1; cuerpo omitido.",si,no,
2304,Uncovering data across continua: an introduction to functional data analysis,include,none,media,"'Descubriendo datos a través de continuos': introducción a FDA (AMS Notices); artículo expositivo/panorámico, no una contribución metodológica sobre elección de base. Fronterizo E2/E1.",si,no,
2308,Mixing conditions of conjugate processes,include,none,media,"Condiciones de mezcla de procesos conjugados; cdfs empíricas como elementos L2, operador de covarianza, series de tiempo funcionales. Teórico/probabilístico; autores brasileños.",si,no,
2311,SPHARMA approximations for stationary functional time series on the sphere,include,none,alta,"Aproximaciones SPHARMA para series de tiempo funcionales estacionarias en la esfera; armónicos esféricos (base), representación espectral funcional, descomposición de Wold. FTS + base.",no,no,
2321,The maximum of the periodogram of Hilbert space valued time series,include,none,alta,"El máximo del periodograma de series de tiempo con valores en espacio de Hilbert; análisis espectral funcional, procesos autorregresivos funcionales. FTS central.",no,no,
2324,A uniform bound on the operator norm of sub-Gaussian random matrices and its applications,exclude,I1,alta,"Cota uniforme de la norma de operador de matrices aleatorias sub-Gaussianas; teoría de matrices aleatorias, modelos de factores funcionales solo como ilustración. No aborda representación en bases.",si,si,verde
2326,Using complex surveys to estimate the \(L_1\)-median of a functional variable: application to electr,include,none,media,"Uso de encuestas complejas para estimar la L1-mediana de una variable funcional; curvas de carga eléctrica (EDF), estimación robusta, muestreo. FDA; foco en estimación robusta, no base.",si,no,
2337,A Bayesian estimation method for the functional spatial error model,include,none,media,"Método de estimación bayesiana para el modelo de error espacial funcional; modelos lineales funcionales, dependencia espacial, aplicación a desempleo/analfabetismo en Senegal. FDA + economía. Editorial de tier bajo (Pushpa).",si,no,
2342,Functional SAC model: with application to spatial econometrics,include,none,alta,"Modelo SAC funcional aplicado a econometría espacial; extiende SAC de covariable escalar a funcional, MLE, aplicación a desempleo/analfabetismo en Senegal. FDA + economía.",si,no,
2349,CLT for single functional index quantile regression under dependence structure,include,none,media,"CLT para regresión cuantílica de índice funcional único bajo dependencia; modelo de índice funcional, estimador kernel, datos censurados. FDA regresión; enfoque índice/kernel, no base.",si,no,
2353,The EE-Classifier: A classification method for functional data based on extremality indexes,include,none,media,"EE-Classifier: clasificación de datos funcionales basada en índices de extremalidad; métodos de profundidad, aplicación a S&P 500. FDA + finanzas (PR5); autores colombianos (EAFIT).",si,no,
2367,Intra-day co-movements of crude oil futures: China and the international benchmarks,exclude,E1,alta,Co-movimientos intradía de futuros de petróleo crudo (China vs benchmarks); clustering de datos funcionales sobre curvas de retorno intradía. Aplicación FDA a series financieras (PR5). No menciona explícitamente la familia de bases usada.,si,si,amarillo
2372,Detecting changes in Hilbert space data based on ''repeated'' and change-aligned principal component,include,none,alta,"Detección de cambios en datos de espacio de Hilbert vía componentes principales 'repetidas' y alineadas al cambio; CUSUM, eigenelementos del operador de covarianza. FPCA central.",no,no,
2383,Forecasting age distribution of life-table death counts via <i>α</i> -transformation,include,none,media,"Pronóstico de distribución de edades de conteos de muertes de tabla de vida vía alpha-transformación; datos composicionales, PCA, pronóstico de series de tiempo funcionales. Demografía/actuarial; usa PCA/FTS sustantivamente.",si,no,
2385,Grouped multivariate and functional time series forecasting: an application to annuity pricing,include,none,alta,"Pronóstico agrupado de series de tiempo multivariadas y funcionales aplicado a fijación de precios de anualidades; FTS funcional, mortalidad. FDA + aplicación económica/actuarial (PR5).",no,no,
2391,Inference on the dimension of the nonstationary subspace in functional time series,include,none,alta,"Inferencia sobre la dimensión del subespacio no estacionario en series de tiempo funcionales; cointegración funcional, test de dimensión, aplicaciones a empleo/electricidad. FTS + econometría + PR2/PR3.",no,no,
2392,Dynamic principal component regression: application to age-specific mortality forecasting,include,none,alta,"Regresión de componentes principales dinámicos aplicada a pronóstico de mortalidad; FPCA dinámico, reducción de dimensión, covarianza de largo plazo. FPCA central.",no,no,
2395,Cointegration and representation of cointegrated autoregressive processes in Banach spaces,include,none,alta,"Cointegración y representación de procesos autorregresivos cointegrados en espacios de Banach (Econometric Theory); procesos AR en C[0,1], teoremas de representación. FTS + econometría.",si,no,
2397,A Frequentist Approach to Change Point Detection: Methods and Applications,include,none,alta,"Enfoque frecuentista a detección de puntos de cambio en series de tiempo funcionales; soporte esparso y denso, cambio de media y volatilidad del proceso, FPCA, FAR. FTS + volatilidad (PR4/PR5).",no,no,
2400,Cointegrated Density-Valued Linear Processes,include,none,alta,"Procesos lineales cointegrados con valores de densidad; distribuciones de ingreso transversales, espacios de Hilbert de Bayes, FPCA, densidades de salarios. FTS + econometría + PR5.",no,no,
2401,Machine Learning Assisted Orthonormal Basis Selection for Functional Data Analysis,include,none,alta,"Selección asistida por ML de base ortonormal para FDA; trata directamente el efecto de la elección de base (Fourier/wavelets/splines), método data-driven con splinets, criterio MSE. PR1/PR2 directo — antecedente directo.",no,no,
2402,Generalized dynamic functional principal component analysis,include,none,alta,"Análisis de componentes principales funcionales dinámicos generalizado; reducción de dimensión para FTS, expansión en base, reconstrucción por mínimos cuadrados. FPCA + base central.",no,no,
2403,A wavelet-based method in aggregated functional data analysis,include,none,alta,"Método basado en wavelets en análisis de datos funcionales agregados; wavelet shrinkage bayesiano, compara explícitamente wavelet vs spline para características locales. PR4/PR1 directo — antecedente directo; autor brasileño (Unicamp).",no,no,
2404,Covariance estimation for derivatives of functional data using an additive penalty in P-splines,include,none,alta,"Estimación de covarianza para derivadas de datos funcionales usando penalización aditiva en P-splines; P-splines, penalización, suavizado, FPCA basado en derivadas. PR2/PR3 directo.",no,no,
2405,Efficient Multidimensional Functional Data Analysis Using Marginal Product Basis Systems,include,none,alta,"Análisis eficiente de datos funcionales multidimensionales usando sistemas de base de producto marginal; bases separables adaptadas a los datos, regularización basada en rugosidad, FPCA. PR1/PR2/PR3 directo.",no,no,
2406,Efficient Bayesian hierarchical functional data analysis with basis function approximations using Gaussian-Wisha,include,none,alta,Metodos bayesianos de aproximacion por funciones base y suavizado para FDA; comparacion con BFPCA.,no,no,
2407,Estimation of Functional Principal Components from Sparse Functional Data,include,none,alta,FPCA por expansion en base con MLE; criterio de informacion para numero de bases y rango de covarianza.,no,no,
2408,Efficient spline orthogonal basis for representation of density functions,include,none,alta,"Construccion de base spline ortogonal (ZB-splinets) para FDA/FPCA; compara B-spline, Fourier, wavelets.",no,no,
2409,Splines 'n Lines: Rest-frame galaxy spectral energy distributions via Bayesian functional data analysis,include,none,media,"Marco bayesiano jerarquico para SEDs de galaxias con base B-spline mas lineas; aporte metodologico de base, cuerpo omitido.",si,no,
2410,Sparse Functional Principal Component Analysis in High Dimensions,include,none,alta,FPCA en alta dimension via expansiones en base ortonormal y Karhunen-Loeve; regla de umbral.,no,no,
2411,Compositional splines for representation of density functions,include,none,alta,"Splines composicionales: nueva base spline para densidades en FDA, splines de suavizado, FPCA simplicial.",no,no,
2412,Constrained variable clustering and the best basis problem in functional data analysis,include,none,alta,"Problema de la mejor base en FDA; compara mejor-base wavelet y B-splines, representacion piecewise-constant.",no,no,
2413,Online Functional Principal Component Analysis on a Multidimensional Domain,include,none,alta,FPCA online via tensor product splines penalizados; seleccion dinamica de parametro de suavizado.,no,no,
2414,Bayesian Multivariate Sparse Functional Principal Components Analysis,include,none,alta,FPCA bayesiano multivariante con base spline ortonormal (B-splines ortogonalizadas); discute eleccion de base.,no,no,
2415,Filtrated Common Functional Principal Components for Multivariate Functional data,include,none,media,"FPCA comun filtrada via representacion en base ortonormal; aplicacion neuro, aporte metodologico de base.",si,no,
2416,Functional principal component analysis with informative observation times,include,none,alta,FPCA con tiempos de observacion informativos via splines penalizados ponderados.,no,no,
2417,Penalized Spline M-Estimators for Discretely Sampled Functional Data: Existence and Asymptotics,include,none,alta,"M-estimadores spline penalizados para datos funcionales discretos; regimenes de nudos, numero de bases.",no,no,
2418,Inference for Model Misspecification in Interest Rate Term Structure using Functional Principal Component Analysis,include,none,alta,FPCA en tasas de interes; compara base Nelson-Siegel vs base FPC data-driven; eventos raros (PR4+PR5).,no,no,
2419,Distribution of a Non-parametric Wavelet-based Statistic for Functional Data,include,none,alta,Estadistico no parametrico basado en wavelets para FDA con umbral duro; distribucion analitica.,no,no,
2421,Bayesian Functional Data Analysis over Dependent Regions and Its Application for Identification of Differentially,include,none,media,"FDA bayesiano con splines de suavizado sobre regiones dependientes; aplicacion epigenetica, borderline E1/E4.",si,no,
2422,Randomized Spline Trees for Functional Data Classification: Theory and Application to Environmental Time Series,include,none,media,Randomized Spline Trees: parametros B-spline aleatorios; diversidad de base reduce error de generalizacion.,no,no,
2423,Fast Bayesian Basis Selection for Functional Data Representation with Correlated Errors,include,none,alta,"Seleccion bayesiana rapida de funciones base para representacion funcional; compara regression/smoothing splines, LASSO.",no,no,
2424,Wavelet-based estimation in aggregated functional data with positive and correlated errors,include,none,alta,Metodos bayesianos wavelet para datos funcionales agregados; wavelets vs splines para discontinuidades/picos.,no,no,
2425,Splinets -- Orthogonal Splines and FDA for the Classification Problem,include,none,alta,"Bases spline ortogonales (splinets) para FDA; seleccion de nudos data-driven, ortonormalizacion de B-splines.",no,no,
2428,Wavelet-Based Bayesian Hierarchical Modeling with Regularized Horseshoe Priors for Spatially Correlated Functiona,include,none,alta,"Modelado bayesiano wavelet para datos funcionales espaciales; wavelet vs spline para picos (PM10 Mexico, PR4+PR5).",no,no,
2429,Functional Random Forest with Adaptive Cost-Sensitive Splitting for Imbalanced Functional Data Classification,exclude,E1,alta,"Random Forest funcional para clasificacion desbalanceada; usa base/FPCA solo como reduccion de dimension, aporte es el desbalance.",si,si,verde
2430,BAMIFun: Bayesian Multiple Imputation for Functional Data,include,none,media,Imputacion multiple bayesiana para datos funcionales; usa FPCA + representacion spline penalizada para suavidad.,si,no,
2431,Flexible joint models for multivariate longitudinal and time-to-event data using multivariate functional princip,include,none,media,"Modelos conjuntos con MFPC para efectos aleatorios; compara base MFPC vs P-splines, numero de componentes.",si,no,
2432,BFDA: A Matlab Toolbox for Bayesian Functional Data Analysis,include,none,media,Toolbox MATLAB para FDA bayesiano; aproximacion por base B-spline cubica para datos de alta dimension.,no,no,
2433,Wavelet Functional Data Analysis for FANOVA Models under Dependent Errors,include,none,alta,"FDA con wavelets para modelos FANOVA con errores dependientes; estimador wavelet no lineal, seleccion de umbral.",no,no,
2434,"Splinets -- splines through the Taylor expansion, their support sets and orthogonal bases",include,none,alta,Splinets: bases spline ortonormales via expansion de Taylor y ortogonalizacion diadica de B-splines para FDA.,no,no,
2435,Object-Oriented Software for Functional Data,include,none,media,"Paquete R funData; representacion en base (splines o Fourier) de datos funcionales, base para MFPCA.",no,no,
2436,A Wavelet-Based Independence Test for Functional Data with an Application to MEG Functional Connectivity,include,none,alta,"Test de independencia para datos funcionales; nuevo metodo de umbral wavelet para pre-suavizado, kernels Besov.",no,no,
2437,Simulation studies to compare bayesian wavelet shrinkage methods in aggregated functional data,include,none,alta,Compara cinco metodos bayesianos de shrinkage wavelet en datos funcionales agregados; compara con B-splines.,no,no,
2438,Mixtures of Spatial Spline Regressions,include,none,media,"Extiende FDA a superficies via base spline bivariada; clustering por mezclas, survey de bases B-spline/Fourier.",si,no,
2439,FunctionalCalibration: an R package for estimation in aggregated functional data model,include,none,media,Paquete R; estima curvas individuales via expansion en base spline o wavelet; compara para features locales.,no,no,
2440,Functional Data Analysis by Matrix Completion,include,none,alta,"Separa variacion suave y rugosa en FDA; suavizado+PCA las confunden, FPCAs separadas por escala (PR2+PR4).",no,no,
2441,Fast Bivariate Penalized Splines: the Sandwich Smoother,include,none,alta,"P-splines bivariados rapidos; GCV para seleccion de parametro de suavizado, estimacion de covarianza en FDA.",no,no,
2442,Ultra-efficient MCMC for Bayesian longitudinal functional data analysis,include,none,media,MCMC eficiente para FDA longitudinal bayesiano; reparametrizacion de base ortogonalizada central al algoritmo.,si,no,
2443,Fast Covariance Estimation for Sparse Functional Data,include,none,alta,Estimacion de covarianza para datos funcionales dispersos via splines penalizados; CV leave-one-subject-out.,no,no,
2444,Efficient Covariance Estimation for Sparsified Functional Data,include,none,alta,Estimadores de covarianza random-knots y B-spline para datos sparsificados; AIC para numero de eigenfunciones.,no,no,
2445,Bayesian mixtures of spatial spline regressions,include,none,media,"Mezclas bayesianas de regresiones spline espaciales; base spline Nodal, clustering de superficies (MNIST).",si,no,
2446,Wavelet estimation of the dimensionality of curve time series,include,none,alta,"Estimacion wavelet de la dimensionalidad de series de curvas; base wavelet + bootstrap, series financieras/energia (PR3+PR4+PR5).",no,no,
2447,Compositional Periodic Spline Approximation for Circular Density Data in Bayes Spaces,include,none,media,"Splines periodicas composicionales para densidades circulares; splines de suavizado y penalizadas, formulaciones matriciales.",no,no,
2448,Bivariate Densities in Bayes Spaces: Orthogonal Decomposition and Spline Representation,include,none,media,"Representacion B-spline para densidades bivariadas en espacios de Bayes; descomposicion ortogonal, perspectiva FDA.",no,no,
2449,Benchmarking time series classification -- Functional data vs machine learning approaches,include,none,media,"Benchmark de clasificacion: FDA vs ML; compara representaciones en base (Fourier, wavelet, FPCA, bsignal) - PR4/C4.",si,no,
2450,Bayesian Change Point Detection for Functional Data,include,none,media,"Deteccion bayesiana de cambios en datos funcionales via DWT; priors sobre coeficientes wavelet, cambio climatico.",si,no,
2451,Bayesian local clustering of functional data via semi-Markovian random partitions,include,none,media,"Clustering local bayesiano; explota soporte local de bases B-spline, particiones semi-markovianas (mareas Venecia).",si,no,
2452,Reconciling Functional Data Regression with Excess Bases,include,none,alta,"Reconcilia regresion funcional con exceso de bases; double-descent, elegir numero de bases mayor que muestra (PR3).",no,no,
2453,Bayesian Nonparametric Detection of Anomalies in Multivariate Functional Data,include,none,media,Deteccion bayesiana de anomalias en datos funcionales; base wavelet con priors Besov para representacion suave y sparse (PR4).,si,no,
2454,On Metrics for Analysis of Functional Data on Geometric Domains,exclude,I1,alta,Metricas de geometria metrica y transporte optimo (Gromov-Hausdorff/Wasserstein) para 'campos'; no aborda representacion en bases ni FPCA.,no,si,verde
2455,Penalized likelihood estimation of probability density functions using compositional splines,include,none,alta,"Estimacion por maxima verosimilitud penalizada de densidades via splines composicionales (ZB-splines); penalizacion, CV para nudos.",no,no,
2456,Mixed Gaussian Projections for Two-Sample Testing of Functional Data,include,none,alta,"Tests de dos muestras via proyecciones gaussianas mixtas; combina componentes Haar y Fourier (localizado vs oscilatorio), compara FPCA (PR4).",no,no,
2457,Fast Covariance Estimation for Multivariate Sparse Functional Data,include,none,alta,"Estimacion de covarianza para datos funcionales dispersos multivariados via B-splines tensor product; CV para suavizado, FPCA.",no,no,
2458,Bayesian Graphical Models for Multivariate Functional Data,include,none,media,"Modelos graficos bayesianos para datos funcionales; expansiones en base ortogonal, prior hyper-inverse-Wishart-process para kernels.",si,no,
2459,Robust joint modeling of sparsely observed paired functional data,include,none,alta,FPCA + splines con penalización de rugosidad para FDA pareada robusta; metodología central de representación.,no,no,
2460,A geometric approach to maximum likelihood estimation of the functional principal components from sp,include,none,alta,MLE geométrica de FPCA desde datos dispersos; selección explícita del número de funciones base.,no,no,
2461,"Bayesian Framework for Simultaneous Registration and Estimation of Noisy, Sparse and Fragmented Func",include,none,media,"Marco bayesiano de registro y estimación de funciones subyacentes; representación funcional central, métodos omitidos.",si,no,
2462,Clustering nonstationary circadian rhythms using locally stationary wavelet representations,include,none,alta,Representaciones wavelet localmente estacionarias para ritmos circadianos no estacionarios; directamente PR4.,no,no,
2463,A topologically valid definition of depth for functional data,include,none,media,"Definición topológica de profundidad para datos funcionales; metodología FDA general, no central a bases.",si,no,
2464,Explainable Outlier Detection for Multivariate Functional Data,include,none,alta,Detección de outliers en datos funcionales multivariados vía representaciones en bases y covarianza separable.,no,no,
2466,Trend Filtering for Functional Data,include,none,alta,Trend filtering funcional con expansión en base ortonormal y penalización para eliminar bases redundantes.,no,no,
2467,A novel generalized additive scalar-on-function regression model for partially observed multidimensi,include,none,alta,Regresión aditiva escalar-sobre-función con B-splines; discute expansión en bases y método no atado a base específica.,no,no,
2468,Bayesian repulsive mixture model for multivariate functional data,include,none,alta,Mezcla repulsiva para datos funcionales multivariados con distancia basada en curvas B-spline.,no,no,
2469,Clustering of functional data prone to complex heteroscedastic measurement error,include,none,media,Clustering de datos funcionales con error de medición; contrasta bases finitas vs suavizado no paramétrico.,si,no,
2470,Graph-constrained Analysis for Multivariate Functional Data,include,none,media,Modelos gráficos gaussianos funcionales con restricción de grafo; usa bases pero enfoque en GGM.,si,no,
2471,Basis Expansions for Functional Snippets,include,none,alta,Expansión en bases para 'snippets' funcionales; representación en base de la función de covarianza es el aporte central.,no,no,
2472,Structural adaptation and rate accelerated estimation in bivariate functional data,include,none,alta,Adaptación estructural en datos funcionales bivariados vía cambio de base para acelerar tasas de suavizado.,no,no,
2473,A functional-data approach to the Argo data,include,none,media,"Kriging funcional espacio-temporal para datos Argo; aporte metodológico real, aplicación oceanográfica, métodos omitidos.",si,no,
2474,Functional Bipartite Ranking: a Wavelet-Based Filtering Approach,include,none,alta,Ranking bipartito funcional con aproximaciones wavelet lineales/no lineales; selección adaptativa de representación compacta.,no,no,
2475,Sufficient conditions for proper posteriors in fully-Bayesian Functional PCA,include,none,alta,FPCA totalmente bayesiano con base spline ortonormal y penalización de segunda derivada; representación central.,no,no,
2476,From dense to sparse design: Optimal rates under the supremum norm for estimating the mean function ,include,none,media,"Tasas óptimas en norma supremo para estimación de media en FDA; teoría central de FDA, no específica de bases.",si,no,
2477,A Hierarchical Model for Aggregated Functional Data,include,none,alta,Modelo jerárquico para datos funcionales agregados con K funciones base B-spline.,no,no,
2478,Multiple testing for outlier detection in functional data,include,none,alta,"Detección de outliers vía proyección de datos funcionales sobre bases ortonormales (wavelet, PCA).",no,no,
2479,Bayesian Function-on-Function Regression for Spatial Functional Data,include,none,media,"Regresión función-sobre-función bayesiana espacial; datos de partículas/población, aporte metodológico jerárquico, métodos omitidos.",si,no,
2481,Enhancing Spatial Functional Linear Regression with Robust Dimension Reduction Methods,include,none,alta,Regresión lineal funcional espacial robusta con FPCA y FPLS; proyección sobre bases ortonormales central.,no,no,
2482,A novel framework for detecting multiple change points in functional data sequences,include,none,alta,Detección de múltiples puntos de cambio en secuencias funcionales vía expansión en base funcional.,no,no,
2483,Nonparametric density estimation for intentionally corrupted functional data,include,none,alta,Estimación no paramétrica de densidad para datos funcionales corrompidos; requiere elección de base y parámetros de suavizado.,no,no,
2484,Variation Pattern Classification of Functional Data,include,none,media,"Clasificación por patrón de variación de datos funcionales vía operadores de covarianza; aplicación neurológica (LFP), base no central.",si,no,
2485,Scalable Function-on-Scalar Quantile Regression for Densely Sampled Functional Data,include,none,media,Regresión cuantílica función-sobre-escalar escalable para datos funcionales densos; metodología FDA central.,si,no,
2486,Gaussian Tree Constraints Applied to Acoustic Linguistic Functional Data,include,none,baja,"Restricciones de árbol gaussiano en datos lingüísticos acústicos; genera base separable-CFA, pero aporte primario es evolución de lenguas.",si,no,
2487,Post-Nonlinear Sparse Component Analysis Using Single-Source Zones and Functional Data Clustering,include,none,baja,"Análisis de componentes dispersos post-no-lineal (separación de fuentes de voz); compara B-spline vs aproximación local, FDA accesoria — posible E1.",si,no,
2489,High-dimensional Bayesian Fourier Analysis For Detecting Circadian Gene Expressions,include,none,media,Análisis de Fourier bayesiano de alta dimensión para genes circadianos; base de Fourier central al método pese a aplicación genómica.,si,no,
2491,Factor-augmented model for functional data,exclude,E3,alta,Duplicado de 348.,no,si,amarillo
2492,"Controlling Statistical, Discretization, and Truncation Errors in Learning Fourier Linear Operators",exclude,I1,alta,"Teoría de operator learning (Fourier Neural Operator) para operadores solución de EDP; 'datos funcionales' en sentido de espacios de funciones, no FDA de curvas.",no,si,verde
2493,Modeling Multivariate Mixed-Response Functional Data,include,none,alta,Datos funcionales multivariados de respuesta mixta; FPCA multivariada para especificar expansiones en base.,no,no,
2494,Classification of pediatric pneumonia using chest X-rays by functional regression,include,none,media,Clasificación de neumonía pediátrica por regresión funcional; selecciona bases desde estructura de covarianza — discusión metodológica sustantiva (excepción E4).,si,no,
2496,A Fourier continuation framework for high-order approximations,exclude,I1,alta,Análisis numérico: continuación de Fourier para eliminar fenómeno de Gibbs en aproximaciones de alto orden en solvers de EDP. No es FDA.,no,si,verde
2497,Bayesian Semiparametric Orthogonal Tucker Factorized Mixed Models for Multi-dimensional Longitudinal,include,none,alta,Modelos mixtos Tucker factorizados ortogonales para datos funcionales longitudinales multidimensionales; representación en base central.,no,no,
2498,Functional Multidimensional Scaling,include,none,alta,Escalamiento multidimensional funcional con funciones base B-spline cúbicas.,no,no,
2499,Wavelet-based genetic association analysis of functional phenotypes arising from high-throughput seq,include,none,media,Análisis de asociación genética wavelet de fenotipos funcionales; base wavelet central al método pese a aplicación genómica.,si,no,
2500,Functional Clustering of Survival Data via Smoothed Log-Hazard Trajectories: A Risk-Dynamics Perspec,include,none,alta,Clustering funcional de datos de supervivencia vía FPCA sobre trayectorias log-hazard suavizadas con B-spline.,no,no,
2501,Fast symmetric additive covariance smoothing,include,none,alta,Suavizado rápido de covarianza aditiva simétrica vía splines penalizados; aplicación en FPCA.,no,no,
2502,Bayesian semiparametric modelling of biomarker variability in joint models,include,none,media,Modelado bayesiano semiparamétrico de variabilidad de biomarcadores; compara tres enfoques de especificación de trayectoria (spline). Métodos omitidos.,si,no,
2503,Dynamics of Liquidity Surfaces in Uniswap v3,include,none,alta,"FPCA + factores dinámicos de superficies de liquidez Uniswap v3 (datos financieros DeFi, PR5); compara base empírica vs polinomios de Legendre.",no,no,
2504,A Multivariate Multilevel Longitudinal Functional Model for Repeatedly Observed Human Movement Data,include,none,media,"Modelo funcional longitudinal multinivel multivariado para datos de movimiento humano; aporte metodológico, aplicación biomecánica, métodos omitidos.",si,no,
2505,Cosine Series Representation,include,none,alta,Representación en serie de cosenos: expansión explícita en base ortonormal para modelar y filtrar señales biomédicas.,no,no,
2506,Mapping-to-Parameter Nonlinear Functional Regression with Novel B-spline Free Knot Placement Algorit,include,none,alta,Regresión funcional no lineal con nuevo algoritmo de colocación de nodos libres para bases B-spline.,no,no,
2508,Spatial function-on-function quantile regression,include,none,media,"Regresión cuantílica función-sobre-función espacial penalizada; captura volatilidad estado-dependiente, metodología FDA central.",si,no,
2509,A functional joint model with baseline functional covariates: linking sitting accumulation patterns ,include,none,media,"Modelo conjunto funcional de patrones de sedentarismo y mortalidad; aporte metodológico, aplicación epidemiológica, métodos omitidos.",si,no,
2510,Generalized Linear Models for Geometrical Current predictors. An application to predict garment fit,include,none,alta,MLG para predictores de corrientes geométricas (ajuste de prendas); compara explícitamente TRES bases distintas — directamente relevante.,no,no,
2511,Nonparametric regression based on discretely sampled curves,include,none,alta,Regresión no paramétrica sobre curvas muestreadas discretamente; resultados asintóticos para suavizado y representación en bases.,no,no,
2514,Recovering the Underlying Trajectory from Sparse and Irregular Longitudinal Data,include,none,alta,Recuperación de trayectorias desde datos dispersos; método SOAP estima funciones base empíricas óptimas como alternativa a FPCA/PACE.,no,no,
2515,Profile Estimation for Partial Functional Partially Linear Single-Index Model,include,none,alta,Modelo de índice único parcialmente lineal funcional; B-spline de perfil más base de componentes principales funcionales.,no,no,
2516,High-Dimensional Functional Mixed-effect Model for Bilevel Repeated Measurements,include,none,alta,Modelo funcional de efectos mixtos de alta dimensión para medidas repetidas bilevel; B-splines para suavizar y estimar.,no,no,
2517,"Generalized Multivariate Functional Additive Mixed Models for Location, Sc",include,none,alta,"GAMLSS funcional con MFPCA como base empirica para procesos latentes, metodologia central.",no,no,
2518,Aggregated functional data model for Near-Infrared Spectroscopy calibration,include,none,alta,Compara basis smoothing vs smoothing splines con B-splines; discusion metodologica sustantiva pese a dominio quimiometrico (excepcion E4).,no,no,
2520,Continuous-time multivariate analysis,include,none,alta,"Representacion via B-splines, extension directa del marco de Ramsay-Silverman, PR1 fundacional.",no,no,
2521,Functional Additive Mixed Models,include,none,alta,Unifica terminos basados en splines y en FPC dentro de modelos aditivos mixtos funcionales.,no,no,
2522,On estimation of the effect lag of predictors and prediction in functional ,include,none,alta,"Coeficientes escritos como expansion en sistema de bases (FPCA, splines), PR1/PR3.",no,no,
2523,A comparison of parameter estimation in function-on-function regression,include,none,alta,"Comparacion explicita de B-spline, Fourier y base Gaussiana con criterios GCV/AIC/GIC; antecedente directo PR2/PR4.",no,no,
2525,A Study of Functional Depths,exclude,I1,alta,"Trata profundidad funcional para ranking/clasificacion, no representacion en bases ni FPCA ni aplicacion economica visible.",si,si,verde
2526,Distribution-Free Stochastic Analysis and Robust Multilevel Vector Field An,exclude,E3,alta,Duplicado no detectado antes: mismo titulo exacto que id 1861 (ya incluido en Etapa 1) e id 1995 (ya excluido E3 en Etapa 1).,no,si,verde
2528,An Understanding of Principal Differential Analysis,include,none,alta,"PDA usa soluciones de ODE como base para representar datos funcionales, PR1 central.",no,no,
2529,Theoretical Properties of Projection Based Multilayer Perceptrons with Func,include,none,alta,"Proyeccion de datos funcionales sobre subespacio de dimension finita (base), PR1/PR2.",no,no,
2532,Modeling continuous monitoring glucose curves by Beta generalized non-param,exclude,I1,alta,Modelo parametrico Beta con suavizado por verosimilitud local; el resumen no menciona sistema de bases ni FPCA.,si,si,verde
2533,Sieve Bootstrap for Functional Time Series,include,none,alta,"Usa conjunto finito de componentes principales funcionales como base, PR1/PR2/PR4.",no,no,
2534,A Functional Approach to Curve Alignment and Shape Analysis,include,none,alta,"Tecnicas de expansion en bases para estimar variables de deformacion, PR1.",no,no,
2535,Locally Sparse Function on function Regression,include,none,alta,"Representacion en base del coeficiente funcional con penalizacion group-lasso, PR1/PR3.",no,no,
2536,Robust smoothed canonical correlation analysis for functional data,include,none,alta,"Expansion en base y/o penalizaciones como herramienta de regularizacion, PR1/PR3.",no,no,
2537,Applying Non-negative Matrix Factorization with Covariates to the Longitudi,include,none,media,"Compara base prescrita (GCM) vs base optimizada (NMF); relevante PR1/PR2 aunque es modelo de curva de crecimiento, no FDA continua estricta.",si,no,
2539,Conditional multivariate functional PCA for the reconstruction of temperatu,include,none,alta,FPCA multivariante condicional como contribucion metodologica; aplicacion oceanografica con discusion sustantiva (excepcion E4).,no,no,
2540,Classification of EEG recordings in auditory brain activity via a logistic ,include,none,alta,Representacion wavelet comparada con reduccion PCA/PLS; discusion metodologica de base pese a dominio EEG (excepcion E4).,no,no,
2541,A functional approach to deconvolve dynamic neuroimaging data,include,none,alta,Deconvolucion basada en FPCA con numero reducido de funciones base; dominio PET pero con discusion metodologica de base (excepcion E4).,no,no,
2543,Adaptive inference for the mean of a stochastic process in functional data,include,none,alta,"Estimadores por umbral relativos a una base aproximante, base elegida por validacion cruzada de una libreria de bases; PR1/PR3 central.",no,no,
2544,Functional linear and single-index models: A unified approach via Gaussian ,include,none,alta,"Marco unificado para modelos lineales funcionales y de indice simple via RKHS, metodologia central de regresion funcional PR1/PR2.",no,no,
2545,Interpretable sparse SIR for functional data,include,none,media,"Reduccion de dimension y seleccion de intervalos para predictores funcionales, relevante PR1/PR3 aunque no es expansion en base clasica.",si,no,
2546,smoothEM: a new approach for the simultaneous assessment of smooth pattern,include,none,alta,"Suavizado por splines penalizados para separar patron suave de picos irregulares, directamente relevante PR3/PR4.",no,no,
2547,A Novel Statistical Method Based on Dynamic Models for Classification,include,none,alta,Usa ODE y analisis diferencial principal (base) para clasificacion de datos funcionales (ECG); discusion metodologica pese a dominio medico (excepcion E4).,no,no,
2549,Model-based regression clustering for high-dimensional data. Application to,include,none,alta,"Extension a datos funcionales mediante un enfoque basado en wavelets, PR1/PR4.",no,no,
2550,Testing marginal homogeneity in Hilbert spaces with applications to stock m,include,none,alta,"Aplicacion de FDA a retornos de mercados bursatiles, satisface I1 por la clausula de aplicacion economica/financiera (PR5).",no,no,
2551,Band Depth based initialization of $k$-Means for functional data clustering,include,none,media,Ajusta B-splines a las observaciones como paso de representacion previo al clustering; base presente pero no es el foco central.,si,no,
2552,Optimal rates for estimating the covariance kernel from synchronously sampl,include,none,media,"Estimacion de la funcion de covarianza, objeto central de FPCA/Karhunen-Loeve; teorico, sin mencion explicita de bases en el resumen.",si,no,
2554,DeepFRC: An End-to-End Deep Learning Model for Functional Registration and ,include,none,alta,"Representacion espectral con base de Fourier para embedding funcional suave, PR1/PR4.",no,no,
2555,Nonparametric function-on-scalar regression using deep neural networks,include,none,alta,"Discusion comparativa explicita de limitaciones de bases tipo splines frente a alternativa de red neuronal, PR2/PR4.",no,no,
2556,Adaptive Ridge-Regularized Hotelling Change-Point Tests for Functional Data,include,none,alta,"Expansion en base creciente convierte observaciones funcionales en vectores de score, PR1/PR3/PR4 (deteccion de cambios).",no,no,
2557,Unified theory of testing relevant hypotheses in functional time series,include,none,alta,"Estimacion B-spline combinada con auto-normalizacion para series temporales funcionales, PR1/PR4.",no,no,
2558,Enhanced Change-Point Detection in Functional Means,include,none,alta,"Eficiencia en la seleccion de funciones base que capturan el cambio/salto, directamente PR3/PR4.",no,no,
2560,Dynamic Function-on-Scalars Regression,include,none,alta,"Modelo de datos funcionales de rango reducido con expansion en base funcional desconocida; aplicacion macroeconomica, PR1/PR5.",no,no,
2561,Robust Functional Regression with Discretely Sampled Predictors,include,none,alta,"Splines de placa delgada con penalizacion cuadratica novedosa, PR1/PR3, enfoque robusto.",no,no,
2562,Local Optimization of Black-Box Function with High or Infinite-Dimensional ,include,none,alta,Considera distintas bases de reduccion de dimension (incluida base derivada de datos); dominio de seguridad nuclear con discusion metodologica (excepcion E4).,no,no,
2563,Approximation of RKHS Functionals by Neural Networks,include,none,media,"Contrasta expansiones en base tradicionales con su enfoque de evaluacion puntual; mas teoria de aproximacion con redes neuronales que FDA estadistica, borderline.",si,no,
2565,Functional Horseshoe Smoothing for Functional Trend Estimation,include,none,alta,"Seleccion del numero de funciones base via perdida predictiva posterior; tambien captura cambios abruptos, PR3/PR4.",no,no,
2566,A Multi-Layer Regression based Predicable Function Fitting Network,exclude,I1,alta,"Red de ajuste de funciones de caracter general (ingenieria/reconocimiento de patrones); menciona Fourier/wavelet solo como antecedente, sin discusion de FDA estadistica.",si,si,verde
2567,A class of multi-resolution approximations for large spatial datasets,include,none,alta,"Aproximaciones de proceso Gaussiano con funciones base en multiples resoluciones, PR1/PR2 (datos espaciales/funcionales).",no,no,
2570,Bayesian functional graphical models,include,none,alta,"Combina modelado de funciones base no parametricas con regularizacion Bayesiana grafica, PR1.",no,no,
2571,Bayesian Function-on-Scalars Regression for High Dimensional Data,include,none,alta,"Respuesta funcional modelada con funciones base desconocidas; seleccion conjunta de covariables, PR1/PR3.",no,no,
2572,Statistical Inference for High Dimensional Panel Functional Time Series,include,none,alta,"Adopta idea de descomposicion en base de datos funcionales para series de tiempo funcionales de alta dimension, PR1/PR4.",no,no,
2573,Semiparametric Functional Factor Models with Bayesian Rank Selection,include,none,alta,"Base funcional no parametrica infinito-dimensional aprendida de los datos, con seleccion Bayesiana de rango, PR1/PR3.",no,no,
2574,gptools: Scalable Gaussian Process Inference with Stan,exclude,E1,alta,"Paquete de software para inferencia de procesos Gaussianos en general; FDA mencionado solo como una aplicacion generica, sin discusion de eleccion de base.",si,si,verde
2575,Model Testing for Generalized Scalar-on-Function Linear Models,include,none,alta,"Representacion de efectos mixtos con splines penalizados y pruebas de componentes de varianza, PR1/PR3.",no,no,
2576,Deep functional multiple index models with an application to SER,include,none,media,Integra capas de base adaptativa dentro de arquitectura de deep learning; dominio de reconocimiento de emociones en voz con discusion metodologica de base (excepcion E4).,si,no,
2577,Spatial Clustering of Curves with Functional Covariates: A Bayesian Partiti,include,none,baja,"Modelo mixto funcional y particionamiento espacial; no se ve discusion explicita de eleccion de base en el extracto, aplicacion climatica (posible E4).",si,no,
2579,Deep Survival Analysis for Competing Risk Modeling with Functional Covariat,include,none,media,Capa de base (Basis Layer) para representacion de datos funcionales dentro de red profunda; dominio UCI/supervivencia con discusion metodologica breve (excepcion E4).,si,no,
2581,FAME: Adaptive Functional Attention with Expert Routing for Function-on-Fun,include,none,alta,"Contrasta explicitamente con expansiones en base pre-elegidas/kernels, propone alternativa completamente basada en datos; PR2/PR4 comparativo.",no,no,
2582,Uncovering Regions of Maximum Dissimilarity on Random Process Data,include,none,media,"Metodología FDA: funciones parámetro vía representación en base, inferencia bayesiana INLA; aplic. criminología/finanzas/medicina. Posible E1, base es herramienta.",si,no,
2583,Functional-Edged Network Modeling,include,none,media,"Modelado de redes con aristas funcionales; descomposición de Tucker funcional, regulariza matrices de base. Discusión de base probablemente en métodos omitidos.",si,no,
2584,Partially Functional Dynamic Backdoor Diffusion-based Causal Model,include,none,media,Inferencia causal con variables funcionales vía coeficientes de expansión en base; da garantías teóricas sobre la expansión en base. Aplic. contaminación aire.,si,no,
2585,A unified approach for testing in Hilbert spaces on incomplete data,include,none,baja,"Contraste de hipótesis en espacios de Hilbert con datos incompletos; datos funcionales como uno de varios settings, no discute elección de base. Fronterizo E1.",si,no,
2586,Function-On-Function Regression Through Separable Neural Operators,include,none,media,Regresión función-a-función vía operadores neuronales separables con funciones de base output-dependientes; consistencia. Aplic. oceanográfica (Argo).,si,no,
2588,High-dimensional Functional Graphical Model Structure Learning via Neighborhood Selection Approach,include,none,alta,Modelo grafico funcional: estudia EXPLÍCITAMENTE el efecto de la elección de la base para reducción de dimensión y da criterio heurístico para elegirla. Directamente PR1/PR3.,no,no,
2589,Semi-parametric Functional Classification via Path Signatures Logistic Regression with Adaptive Orde,include,none,media,Clasificación funcional vía firmas de camino (representación libre de base) con selección adaptativa del orden de truncamiento por criterio penalizado. PR3.,no,no,
2590,Flexible Bayesian Nonparametric Product Mixtures for Multi-scale Functional Clustering,include,none,media,Clustering funcional multi-escala centrado en expansiones en base para funciones de alta dimensión; priors DP sobre subconjuntos de coeficientes de base.,si,no,
2591,Adaptive Ridge-Penalized Functional Local Linear Regression,include,none,alta,Regresión local lineal funcional con penalización ridge adaptativa; aborda sensibilidad a la dimensión J del subespacio de proyección y penalización de rugosidad por base. PR3.,no,no,
2592,Regression Analyses of Distributions using Quantile Functional Regression,include,none,media,Regresión funcional cuantílica: modela distribución marginal completa vía función cuantil como dato funcional. Contribución metodológica; dominio radiomica (posible E4).,si,no,
2594,Probabilistic size-and-shape functional mixed models,include,none,media,"Modelos mixtos funcionales de tamaño-y-forma; recuperación de efecto fijo bajo transformaciones unitarias del Hilbert, fase/amplitud. Metodología FDA.",si,no,
2599,Functional proportional hazards mixture cure model and its application to modelling the association ,include,none,media,Modelo funcional de riesgos proporcionales con cura; enfoque penalizado por splines con penalización de rugosidad. Contribución metodológica; dominio salud (posible E4).,si,no,
2600,Testing for the Rank of a Covariance Operator,include,none,alta,Test para el rango de un operador de covarianza; central para métodos FDA que requieren representaciones de baja dimensión (FPCA u otras). Directamente PR2/PR3.,no,no,
2601,"Gaussian Process Differential Ensembles for Joint Inference on Curves, Derivatives, and Integrals",include,none,media,Ensembles diferenciales de procesos gaussianos; aplica operadores derivada/integral a funciones de base Laplaciano-Dirichlet. Metodología de suavizado funcional.,si,no,
2604,A Stochastic Process Model for Time Warping Functions,include,none,media,"Modelo de proceso estocástico para funciones de warping temporal; adopta base L2 del Hilbert para representación, permite FPCA. Metodología FDA (registro).",no,no,
2605,Impulse data models for the inverse problem of electrocardiography,exclude,E4,alta,Problema inverso de electrocardiografía vía red neuronal + funciones de base gaussianas como herramienta de descomposición de señal; no es metodología FDA ni discute la base.,si,si,verde
2606,Supervised Learning of Functional Outcomes with Predictors at Different Scales: A Functional Gaussia,include,none,media,Aprendizaje supervisado de resultados funcionales con predictores a múltiples escalas vía proceso gaussiano funcional. Dominio experimentos por computadora (posible E4).,si,no,
2614,How far can symmetry help? Phase transitions and symmetry selection in sparse functional data analys,include,none,media,FDA dispersa: transición de fase de la superficie de covarianza y selección de simetría; tasas minimax. Teoría de estimación de covarianza/FPCA.,no,no,
2615,EEG-EyeTrack: A Benchmark for Time Series and Functional Data Analysis with Open Challenges and Base,include,none,baja,Benchmark de datos para FDA (reconstrucción de movimientos oculares desde EEG) con redes neuronales funcionales de referencia. Dominio EEG; posible E1/E4.,si,no,
2616,Functional Principal Component Analysis for Cointegrated Functional Time Series,include,none,alta,"FPCA para series de tiempo funcionales cointegradas; modificación de FPCA como herramienta estadística nueva. Series económicas no estacionarias, PR5.",no,no,
2617,Dynamic Functional Principal Component,include,none,alta,"FPCA dinámico: critica el FPCA estático para series de tiempo y propone versión dinámica en dominio de frecuencia. Metodología FPCA central, PR2.",no,no,
2618,Functional data analysis: An application to COVID-19 data in the United States,exclude,E4,alta,"Aplicación pura de métodos FDA estándar (FPCA, correlación canónica, clustering, FTS) a datos COVID-19 de EE.UU.; sin novedad metodológica ni discusión de base. Dominio epidemiológico.",si,si,verde
2619,Functional data analysis in the Banach space of continuous functions,include,none,media,Desarrolla metodología FDA en el espacio de Banach de funciones continuas (en vez de L2-Hilbert); motivado por limitaciones de la métrica L2. Relevante a elección de representación.,no,no,
2620,Bayesian functional data analysis in astronomy,exclude,E4,alta,"Artículo ""Perspective"" en MDPI Phys. Sci. Forum sobre FDA bayesiano en astronomía; dominio ajeno, pieza corta de opinión/proceedings.",si,si,verde
2621,Efficient Bayesian functional principal component analysis of irregularly-observed multivariate curv,include,none,alta,FPCA bayesiano eficiente para curvas multivariadas observadas irregularmente; marco jerárquico con scores FPC compartidos. Metodología FPCA central.,no,no,
2622,Remaining Useful Life Estimation Using Functional Data Analysis,include,none,media,Estimación de vida útil remanente vía MLP funcional; contribución metodológica pero dominio prognosis industrial y poca discusión de base (posible E1/E4).,si,no,
2623,Stochastic Volatility Regression for Functional Data Dynamics,include,none,media,Regresión de volatilidad estocástica para dinámica de datos funcionales; discute que los modelos FDA asumen suavidad idéntica y dan representación inadecuada. Discusión de calidad de representación.,si,no,
2624,A Visual Analytics Approach for Hardware System Monitoring with Streaming Functional Data Analysis,exclude,E1,alta,"Enfoque de analítica visual para monitoreo de hardware con FDA por streaming; la contribución es el sistema de visualización (IEEE TVCG), FDA es el motor analítico, no discute la base.",si,si,verde
2625,A Functional Data Analysis Approach to Evolution Outlier Detection for Grouped Smart Meters,include,none,media,"Detección de outliers de evolución en medidores inteligentes agrupados vía profundidad funcional; contribución metodológica, datos de consumo eléctrico (económico-adyacente).",si,no,
2626,Registration for Incomplete Non-Gaussian Functional Data,include,none,media,"Registro de datos funcionales incompletos y no gaussianos; separación fase/amplitud, usa FPCs. Metodología FDA (registro).",si,no,
2627,Statistical Analysis of Network Collections Using Persistent Homology and Functional Data Analysis,include,none,media,Análisis estadístico de colecciones de redes vía homología persistente + FDA; FDA es una de dos herramientas centrales (posible E1). Redes financieras entre aplicaciones.,si,no,
2628,The EE-Classifier: A classification method for functional data based on extremality indexes,include,none,media,"EE-Classifier: clasificación de datos funcionales vía índices de extremalidad (epígrafe/hipógrafo), revisa métodos basados en profundidad. Autores latinoamericanos (Colombia), PR5.",no,no,
2629,Phenology curve estimation via a mixed model representation of functional principal components: Char,include,none,media,Estimación de curva de fenología vía representación de modelo mixto de FPCs; regresión armónica + FPCA. Autores mexicanos (PR5); dominio teledetección vegetal (posible E4).,si,no,
2630,Noise reduction for functional time series,include,none,alta,Reducción de ruido para series de tiempo funcionales extendiendo FPCA; proyección óptima MISE que separa dinámica de ruido. Metodología FTS central.,no,no,
2631,On Consistency and Sparsity for High-Dimensional Functional Time Series with Application to Autoregr,include,none,alta,"Consistencia y sparsity para series de tiempo funcionales de alta dimensión con autorregresiones; medida de estabilidad funcional espectral. Metodología FTS, económico-adyacente.",no,no,
2632,Practical Forecasting of Environmental Maps: A Functional Data Approach,include,none,media,Pronóstico de mapas ambientales vía enfoque de datos funcionales (series de tiempo de superficies). Contribución metodológica; dominio ambiental (posible E4).,si,no,
2633,A Unified Principal Components Analysis for Stationary Functional Time Series,include,none,alta,"PCA unificado para series de tiempo funcionales estacionarias; ""filtros funcionales óptimos"" que unifican y mejoran FPCA convencional. Directamente PR2/PR3.",no,no,
2634,Intraday FX Volatility-Curve Forecasting with Functional GARCH Approaches,include,none,alta,"Pronóstico de curvas de volatilidad intradía de divisas (FX) con modelos GARCH funcionales; FPCA multinivel, heterocedasticidad condicional, VaR. Directamente PR4/PR5/PR7.",no,no,
2635,Enhancing Mean-Reverting Time Series Prediction with Gaussian Processes: Functional and Augmented Da,include,none,media,"Predicción de series con reversión a la media vía procesos gaussianos con estructuras de datos funcionales; pronóstico financiero, volatilidad, ratios de Sharpe. PR5.",si,no,
2636,Functional Time Series,include,none,media,Artículo de revisión/introducción a series de tiempo funcionales: técnicas de dependencia temporal en FDA. Relevante al estado del arte de FTS.,si,no,
2637,Stable Multivariate Functional Time Series Prediction for Major Geomagnetic Indices,include,none,media,Predicción estable de series de tiempo funcionales multivariadas para índices geomagnéticos; marco robusto con segmentos solapados y predictores exógenos. Contribución metodológica; dominio clima espacial (posible E4).,si,no,
2638,Permutation Tests for Equality of Distributions of Functional Data,include,none,alta,"Tests de permutación para igualdad de distribuciones de datos funcionales; autores de Economía (Duke/Northwestern), datos económicos (consumo de electricidad/gas). Metodología + PR5.",no,no,
2639,Parameter clustering in Bayesian functional PCA of fMRI data,include,none,media,Clustering de parámetros en FPCA bayesiano (PCl-fPCA); fusiona FDA y no-paramétrica bayesiana. Contribución metodológica FPCA; dominio fMRI/neurociencia (posible E4).,si,no,
2640,Bootstrap methods for stationary functional time series,include,none,alta,"Métodos bootstrap para series de tiempo funcionales estacionarias; basados en FPCA, comparan tres métodos para la covarianza de largo plazo. Metodología FTS central.",no,no,
2641,Review of Clustering Methods for Functional Data,include,none,alta,Revisión de métodos de clustering para datos funcionales; sistematiza el campo. Directamente útil para el estado del arte.,no,no,
2642,FuNVol: A Multi-Asset Implied Volatility Market Simulator using Functional Principal Components and ,include,none,alta,"FuNVol: simulador de superficies de volatilidad implícita multi-activo vía componentes principales funcionales y SDEs neuronales. Directamente PR5/PR7 (financiero, volatilidad implícita).",no,no,
2643,Model-Based Clustering and Classification of Functional Data,include,none,alta,Clustering y clasificación basados en modelos para datos funcionales; modelos de mezcla / datos latentes en marco FDA. Metodología FDA central.,no,no,
2645,Principal component analysis of periodically correlated functional time series,include,none,alta,"PCA para series de tiempo funcionales periódicamente correlacionadas; filtros operador-valuados periódicos, fórmulas de inversión. Variante de FPCA, metodología central.",no,no,
2646,Bayesian Spatial Homogeneity Pursuit of Functional Data: an Application to the U.S. Income Distribut,include,none,alta,Búsqueda bayesiana de homogeneidad espacial de datos funcionales: distribución del ingreso de EE.UU. vía curvas de Lorenz. Directamente PR5 (económico) + metodología.,no,no,
2647,Simultaneous Inference for Partially Observed Functional Time Series,include,none,alta,Inferencia simultánea para series de tiempo funcionales parcialmente observadas y dependientes; modelado en espacio de funciones acotadas con norma supremo. Metodología FTS central.,no,no,
2649,Approximate Factor Models for Functional Time Series,include,none,alta,Modelo de factores aproximados para FTS aplicado a curvas de rendimiento y mortalidad; compara con FPCA. Central a I1/PR5.,no,no,
2650,White noise testing for functional time series via functional quantile autocorrelation,include,none,media,Test de ruido blanco para FTS con aplicacion a datos financieros de alta frecuencia. FDA aplicada a series financieras.,no,no,
2651,Functional Time Series Analysis Based on Records,include,none,media,"Herramientas no parametricas para FTS (curvas record, test de raiz unitaria). Metodologia FDA para series funcionales.",no,no,
2652,A Darling-Erdős-type CUSUM-procedure for functional data II,include,none,alta,Test CUSUM tipo Darling-Erdos para FTS usando FPCA (eigenfunciones del operador de covarianza de largo plazo); menciona ARCH funcional.,no,no,
2653,Detection of Structural Distortions in Functional Time Series,include,none,media,"Deteccion bayesiana de rupturas estructurales en FTS, representacion en espacio de estados, datos financieros y de temperatura.",no,no,
2654,Convergence of covariance and spectral density estimates for high-dimensional functional time series,include,none,media,Teoria de convergencia para estimadores de covarianza y densidad espectral en FTS de alta dimension; aplica a FPCA dinamico.,no,no,
2655,A Skew-t-Normal Multi-Level Reduced-Rank Functional PCA Model with Applications to Replicated `Omics,include,none,media,Modelo FPCA multinivel de rango reducido (skew-t-normal); contribucion metodologica de FPCA pese a aplicacion omica.,no,no,
2656,Prokhorov Metric Convergence of the Partial Sum Process for Reconstructed Functional Data,include,none,baja,"Teoria de probabilidad para FDA (principios de invarianza, sumas parciales, datos funcionales reconstruidos de observaciones dispersas). Tangencial pero FDA.",si,no,
2657,Whole-Volume Clustering of Time Series Data from Zebrafish Brain Calcium Images via Mixture Modeling,exclude,E4,alta,Clustering de imagenes de calcio del cerebro de pez cebra via modelado de mezclas; metodologia FDA basada en mezclas gaussianas aplicada a neuroimagen sin discusion de base.,si,si,verde
2658,Linear Processes for Functional Data,include,none,alta,"Estado del arte de procesos lineales para datos funcionales (ARMA funcional); menciona PCA/regresion, curvas de tasas de interes.",no,no,
2659,A General Theory for Large-Scale Curve Time Series via Functional Stability Measure,include,none,media,Teoria general para series de curvas de gran escala via medida de estabilidad funcional; FPCA y autorregresion funcional vectorial.,no,no,
2660,Functional Data-Driven Quantile Model Averaging with Application to Cryptocurrencies,include,none,alta,"Promediado de modelos cuantiles para datos funcionales aplicado a criptomonedas (VaR, riesgo de cola); seleccion del numero de componentes via CV. PR3/PR5.",no,no,
2661,Clustering of functional boxplots for multiple streaming time series,include,none,media,"Micro-clustering de boxplots funcionales para series de flujo; estructuras de datos funcionales, estadisticos funcionales basicos.",no,no,
2662,Biarchetype analysis for univariate functional data. An application to macroeconomic financial time ,include,none,alta,"Analisis biarchetype para datos funcionales univariados aplicado a rendimientos de bonos soberanos europeos 2001-2025. FDA en series financieras, PR5.",no,no,
2663,Estimating functional time series by moving average model fitting,include,none,alta,"Estimacion de FTS via ajuste de media movil funcional; proyecciones en direcciones principales, estrategias para seleccionar el numero de direcciones. PR3.",no,no,
2664,Functional modelling of microarray time series with covariate curves,exclude,E4,alta,Modelado funcional de series de microarrays con curvas covariables; especializacion de modelo mixto funcional para dominio de expresion genica sin discusion de base.,si,si,verde
2665,Extremal correlation coefficient for functional data,include,none,media,Coeficiente de correlacion extremal para datos funcionales (variacion regular en Banach); aplicacion a datos funcionales financieros y climaticos.,no,no,
2666,Robust Functional Data Analysis for Stochastic Evolution Equations in Infinite Dimensions,include,none,media,"Teoria asintotica robusta para covariaciones en ecuaciones de evolucion estocastica infinito-dimensionales; reduccion de dimension estilo FPCA, volatilidad estocastica.",no,no,
2667,A portmanteau test for multivariate non-stationary functional time series with an increasing number ,include,none,media,Test portmanteau para FTS multivariada no estacionaria; aplicacion a precios de electricidad y consumo energetico.,no,no,
2668,The autoregression bootstrap for kernel estimates of smooth nonlinear functional time series,include,none,alta,Bootstrap de autorregresion para estimadores kernel de FTS no lineal suave (marco Ferraty-Vieu); datos financieros/electricidad.,no,no,
2669,Longitudinal Support Vector Machines for High Dimensional Time Series,include,none,media,SVM longitudinal para series de tiempo de alta dimension; extension del margen SVM a datos funcionales. Metodologia de clasificacion funcional.,no,no,
2670,Long range dependence spectral testing from discretely observed functional time series in manifolds,include,none,alta,"Test espectral de dependencia de largo rango en FTS en variedades; base sieve de armonicos esfericos, seleccion del parametro sieve, reconstruccion por series LS. PR3/PR4.",no,no,
2671,A Flexible Spatial Autoregressive Modelling Framework for Mixed Covariates of Multiple Data Types,include,none,media,Modelo autorregresivo espacial con covariables funcionales/composicionales/numericas; estimacion basada en FPCA. Contexto de economia regional.,no,no,
2672,Detecting structural breaks in eigensystems of functional time series,include,none,alta,Deteccion de rupturas estructurales relevantes en eigensistemas de FTS (eigenfunciones/eigenvalores del operador de covarianza); fPCA central. PR2.,no,no,
2673,Trend and Variable-Phase Seasonality Estimation from Functional Data,include,none,alta,"Estimacion de tendencia y estacionalidad de fase variable desde datos funcionales; log-verosimilitud para seleccionar el subespacio de tendencia, comparacion con modelos candidatos. PR3, datos de precio de electricidad/tipo de cambio.",no,no,
2674,A similarity measure for second order properties of non-stationary functional time series with appli,include,none,media,"Medida de similitud para propiedades de segundo orden de FTS no estacionaria; operadores de densidad espectral, clustering y testing. Aplicaciones en finanzas/meteorologia.",no,no,
2675,Graph-based Change Point Detection for Functional Data,include,none,media,Deteccion de punto de cambio basada en grafos para datos funcionales; aplicacion a retornos de activos de alta frecuencia y precios de electricidad.,no,no,
2676,Deep learning estimation of the spectral density of functional time series on large domains,include,none,media,Estimacion por deep learning de la densidad espectral de FTS en dominios grandes; usa teoria de componentes principales funcionales espectrales.,no,no,
2677,Attribution of Spurious Factors from High-Dimensional Functional Time Series,include,none,media,"Atribucion de factores espurios en FTS de alta dimension; operador de covarianza muestral, FPCA, modelos de factores funcionales, eigen-analisis. Contexto de finanzas actuariales.",no,no,
2678,Testing separability for continuous functional data,include,none,media,"Test de separabilidad para datos funcionales continuos; estructura de covarianza en FTS, menciona PCA y Kriging como herramientas centrales.",no,no,
2679,History matching for functional data,include,none,media,"History matching funcional para calibracion de modelos computacionales; proyeccion aleatoria Wiener, seleccion de umbral, emulacion GP. Contribucion metodologica sustantiva (FHM).",si,no,
2680,Pivotal tests for relevant differences in the second order dynamics of functional time series,include,none,media,"Tests pivotales para diferencias relevantes en la dinamica de segundo orden de FTS; operadores de densidad espectral, eigenelementos, modos de variacion.",no,no,
2681,Gaussian Differentially Private Human Faces Under a Face Radial Curve Representation,exclude,E1,alta,"Privacidad diferencial gaussiana para caras humanas 3D; usa representacion en curvas funcionales como vehiculo para el mecanismo GDP, sin discutir eleccion/calidad de base.",si,si,verde
2682,Asymptotic Theory for Regularized Estimation in Functional Time Series Models,include,none,alta,"Teoria asintotica para estimacion regularizada en modelos FTS (FAR); regularizacion de Tikhonov, mal condicionamiento, descomposicion sesgo-varianza del MSPE. PR3.",no,no,
2683,Functional Singular Spectrum Analysis,include,none,alta,"Analisis de espectro singular funcional para FTS; integra FDA y SSA, compara con MSSA y FPCA dinamico (dFPCA), SVD, eigentriples.",no,no,
2684,Robust Change-Point Detection for Functional Time Series Based on $U$-Statistics and Dependent Wild ,include,none,media,"Deteccion robusta de punto de cambio para FTS via U-estadisticos y bootstrap salvaje dependiente; proyeccion FPCA, Wilcoxon generalizado a datos funcionales.",no,no,
2685,Demystifying Functional Random Forests: Novel Explainability Tools for Model Transparency in High-Di,include,none,media,"Herramientas de explicabilidad para bosques aleatorios funcionales; heatmaps de probabilidad de FPC, metricas de importancia de FPC, varianza explicada. PR2.",no,no,
2686,Trend extraction in functional data of R and T waves amplitudes of exercise electrocardiogram,exclude,E4,alta,Extraccion de tendencia en datos funcionales de amplitudes de ondas R y T del electrocardiograma de esfuerzo; herramientas FDA estandar aplicadas a pregunta de cardiologia sin discusion de base.,si,si,verde
2687,Beyond average warming: Two-sample inference for dense-sparse functional data reveals changes in int,include,none,media,"Inferencia de dos muestras para datos funcionales denso-disperso; curvas de temperatura alemanas, transfer learning, bandas de confianza uniformes. Contribucion metodologica sustantiva de inferencia funcional.",si,no,
2688,Spatial function-on-function regression,include,none,alta,Regresion funcion-sobre-funcion espacial integrando SAR con FPCA; descomposicion FPC espacial en respuesta y FPCA clasico en predictor. Aplicacion a datos de COVID-19 de Brasil (PR5).,no,no,
2689,Spatial Functional Linear Model and its Estimation Method,include,none,media,Modelo lineal funcional espacial (FLM+SAR); estimacion basada en FPCA y MLE. Contexto de economia espacial.,no,no,
2691,Making Event Study Plots Honest: A Functional Data Approach to Causal Inference,include,none,media,"Enfoque de datos funcionales para inferencia causal (diferencias-en-diferencias, event study plots); proceso gaussiano en Banach, bandas de confianza simultaneas. FDA aplicada a econometria.",no,no,
2692,A goodness-of-fit test for functional time series with applications to Ornstein-Uhlenbeck processes,include,none,alta,"Test de bondad de ajuste para FTS con aplicacion a procesos Ornstein-Uhlenbeck; datos financieros de alta frecuencia, modelos ARH, tipos de cambio intra-dia. PR4/PR5.",no,no,
2693,Shape invariant model approach for functional data analysis in uncertainty and sensitivity studies,exclude,E4,alta,"Modelo de forma invariante para FDA en estudios de incertidumbre y sensibilidad; metamodelado de simuladores dinamicos, caso de almacenamiento de CO2, Kriging. Aplicacion a ingenieria/petroleo.",si,si,verde
2694,Functional Classwise Principal Component Analysis: A Novel Classification Framework,include,none,alta,"Analisis de componentes principales funcionales por clase; espacio de caracteristicas lineal por tramos, ortogonalizacion Gram-Schmidt, extraccion de caracteristicas via FPCA por clase. PR2.",no,no,
2695,Statistical Inference for Bures-Wasserstein Flows,include,none,media,"Inferencia para flujos de Bures-Wasserstein; operadores de covarianza variantes en el tiempo, expansion de Karhunen-Loeve, construccion de FPCA. PR1/PR2.",no,no,
2696,Functional Autoregression Without Truncation: A Continuous-Regularization Approach,include,none,alta,"Autorregresion funcional sin truncamiento (regularizacion continua); demuestra que la eleccion del nivel de truncamiento K de FPCA es consecuente y depende del regimen, propone estimador Tikhonov. Antecedente directo, PR3.",no,no,
2697,Day-Ahead Electricity Price Forecasting Using Merit-Order Curves Time Series,include,none,alta,"Pronostico de precio de electricidad dia-siguiente usando series de curvas de merit-order; compara enfoque de representacion funcional vs discretizacion en mercados italiano/aleman/frances 2023-2024. PR5, comparacion de representaciones.",no,no,
2698,Nonparametric forecasting of multivariate probability density functions,include,none,alta,"Pronostico no parametrico de series de funciones de densidad de probabilidad multivariadas; isometria a L2, tecnicas FDA no parametricas, puntajes fPCA, numero de componentes por variabilidad explicada. S&P500/NASDAQ, PR3/PR5.",no,no,
2699,Estimating Sleep & Work Hours from Alternative Data by Segmented Functional Classification Analysis ,include,none,media,"Analisis de clasificacion funcional segmentada (SFCA) para estimar horas de sueno/trabajo desde datos alternativos; compara con metodos lineales/funcionales/clasificacion, FPCA para reduccion de dimension. Contexto de econometria, datos de demanda electrica de EEUU.",no,no,
2700,Exponential mixing properties of nonlinear functional autoregressive models,include,none,media,"Modelos autorregresivos funcionales no lineales (NFAR), propiedades de mezcla y operator learning; metodologia de series funcionales.",si,no,
2701,Wasserstein Regression,include,none,media,"Regresion Wasserstein distribucion-a-distribucion, extiende regresion funcion-a-funcion de FDA; geometria de espacios tangentes.",si,no,
2702,Nonparametric Depth and Quantile Regression for Functional Data,include,none,alta,Regresion de profundidad/cuantiles no parametrica para datos funcionales; aplicacion economica (PIB per capita vs tasa de ahorro).,no,no,
2703,fsemipar: an R package for SoF semiparametric regression,include,none,media,Paquete R para regresion semiparametrica escalar-sobre-funcion; herramienta de implementacion de metodos FDA con seleccion de variables.,no,no,
2704,A new look at weather-related health impacts through functional regression,exclude,E4,alta,"Aplicacion de FDA a mortalidad cardiovascular por temperatura en Montreal; contribucion centrada en epidemiologia, no en la base.",si,si,verde
2705,Detecting British Columbia Coastal Rainfall Patterns by Clustering Gaussian Processes,exclude,E4,alta,"FDA + clustering de procesos gaussianos aplicado a lluvia costera en BC; dominio meteorologico, sin discusion de base.",si,si,verde
2706,Enriched Functional Tree-Based Classifiers: A Novel Approach Leveraging Derivatives and Geometric Fe,include,none,media,Clasificadores funcionales basados en arboles enriquecidos con derivadas y features geometricas; metodologia de clasificacion FDA.,si,no,
2707,Visualization and Assessment of Spatio-temporal Covariance Properties,include,none,media,"Enfoque FDA (boxplots funcionales, ranking) para evaluar separabilidad/simetria de covarianzas espacio-temporales; contribucion metodologica.",si,no,
2708,Inferring Brain Signals Synchronicity from a Sample of EEG Readings,exclude,E4,alta,"FDA + clustering aplicado a sincronia de senales EEG; dominio neurociencia, FDA usada como herramienta.",si,si,verde
2710,Functional Linear Regression: Dependence and Error Contamination,include,none,alta,Regresion lineal funcional con dependencia serial y contaminacion de error funcional; estimador GMM basado en autocovarianza.,no,no,
2711,Functional Mixtures-of-Experts,include,none,alta,Mixtures-of-experts funcional con regularizacion tipo Lasso sobre derivadas; representaciones funcionales sparse e interpretables.,no,no,
2712,funBIalign: a hierachical algorithm for functional motif discovery based on mean squared residue sco,include,none,media,Descubrimiento de motivos funcionales via clustering jerarquico; una de las aplicaciones es inflacion de precios de alimentos.,si,no,
2713,A feasible central limit theorem for realised covariation of SPDEs in the context of functional data,include,none,media,"Teoria asintotica (TCL) para estimacion de volatilidad en dimension infinita, SPDEs, covariacion realizada en espacios de Hilbert.",si,no,
2714,A weak law of large numbers for realised covariation in a Hilbert space setting,include,none,media,"Ley debil de grandes numeros para covariacion realizada en espacio de Hilbert; datos funcionales de alta frecuencia, volatilidad.",si,no,
2715,Nowcasting distributions: a functional MIDAS model,include,none,alta,Modelo MIDAS funcional con FPCA para nowcasting de la distribucion del ingreso de hogares de EEUU; aplicacion economica (desigualdad).,no,no,
2716,Minimax Optimal Kernel Operator Learning via Multilevel Training,exclude,I1,alta,"Aprendizaje de operadores Hilbert-Schmidt entre RKHS Sobolev, teoria ML; FDA solo mencionada como uno de varios dominios de aplicacion.",si,si,verde
2717,Minimax prediction in the Functional Autoregressive Model,include,none,alta,"Prediccion minimax en el modelo autorregresivo funcional (FAR); estimador ridge frente a regularizacion FPCA estandar, suavidad funcional.",no,no,
2718,Prediction of air pollutants PM10 by ARBX(1) processes,include,none,media,"Series de tiempo funcionales en espacios de Banach con variables exogenas (ARBX); metodologia de estimacion/prediccion, aplicacion PM10.",si,no,
2719,Splash! Robustifying Donor Pools for Policy Studies,include,none,media,Compara sintesis de control con FPCA vs seleccion forward vs SCM original para elegir donantes; contexto de politica economica.,si,no,
2720,On changepoint detection in functional data using empirical energy distance,include,none,alta,Deteccion de puntos de cambio en datos funcionales via distancia de energia empirica; aplicacion a datos financieros y de temperatura.,no,no,
2721,Fully Functional Weighted Testing for Abrupt and Gradual Location Changes in Functional Time Series,include,none,alta,Test de cambios abruptos/graduales en series funcionales; discute reduccion de dimension por PCA vs CUSUM funcional y ponderacion por covarianza.,no,no,
2722,Scalable Multiple Changepoint Detection for Functional Data Sequences,include,none,media,"Deteccion escalable de multiples puntos de cambio en secuencias de datos funcionales; proyecciones between/within, fused lasso, CUSUM.",no,no,
2725,Variational Nonparametric Inference in Functional Stochastic Block Model,include,none,media,"Modelo de bloques estocasticos funcional; vertices con datos funcionales (PIB de paises), deteccion de comunidades e inferencia variacional.",si,no,
2726,CoVariance Filters and Neural Networks over Hilbert Spaces,include,none,media,Filtros y redes de covarianza sobre espacios de Hilbert; se prueba que recuperan FPCA de senales filtradas; clasificacion de series.,si,no,
2727,Spatially Varying Deep Functional Neural Network: Application in Large-Scale Crop Yield Prediction,include,none,media,Red neuronal funcional profunda con coeficientes espacialmente variantes; supera modelos de regresion funcional; aplicacion a rendimiento de cultivos.,si,no,
2728,A Statistical Machine Learning Approach to Yield Curve Forecasting,include,none,alta,"Procesos gaussianos para modelar y pronosticar la curva de rendimientos (yield curve); datos funcionales, aplicacion financiera.",no,no,
2729,Functional Mean Flow in Hilbert Space,exclude,I1,alta,"Modelo generativo one-step en espacio de Hilbert (Functional Flow Matching); genera imagenes/PDEs, no representacion FDA ni FPCA.",no,si,verde
2731,On filter-type estimation of discretely sampled cyclic long-memory processes,include,none,media,"Estimacion tipo filtro de procesos ciclicos de memoria larga con wavelets; datos funcionales, consistencia fuerte; relevante a PR4.",si,no,
2733,An ensemble of convolution-based methods for fault detection using vibration signals,exclude,I1,alta,"Clasificacion de series de tiempo multivariadas (ROCKET, CNN) para deteccion de fallos por vibracion; FDA solo mencionada de pasada.",no,si,verde
2734,Probabilistic Functional Neural Networks,include,none,media,Red neuronal funcional probabilistica (ProFnet) para series funcionales de alta dimension; pronostico de tasas de mortalidad de Japon.,si,no,
2736,Noise-Robust Phase Connectivity Estimation via Bayesian Circular Functional Models,exclude,E4,alta,Modelo bayesiano de datos funcionales circulares para estimar conectividad de fase (PLV) en EEG; dominio neurociencia.,si,si,verde
2738,Scalable Model-Based Gaussian Process Clustering,include,none,media,Clustering escalable de datos funcionales basado en procesos gaussianos con aproximacion Vecchia; contribucion metodologica de escalabilidad.,si,no,
2739,A Bayesian Nonparametric Approach for Estimating Individualized Treatment-Response Curves,exclude,E1,alta,Metodo bayesiano no parametrico para curvas de respuesta a tratamiento individualizadas; FDA como herramienta para inferencia causal.,si,si,verde
2740,Multioutput Gaussian Processes with Functional Data: A Study on Coastal Flood Hazard Assessment,exclude,E4,alta,Procesos gaussianos multi-salida con entradas funcionales para evaluacion de peligro de inundacion costera; dominio hidrologia.,si,si,verde
2742,"Detecting changes in Hilbert space data based on ""repeated"" and change-aligned principal components",include,none,alta,Procedimiento CUSUM para cambios en medias en espacio de Hilbert via representacion en componentes principales; evita separacion de autovalores.,no,no,
2743,Region-Referenced Spectral Power Dynamics of EEG Signals: A Hierarchical Modeling Approach,include,none,media,Datos funcionales referenciados por region para EEG; discute modelos previos como supuestos sobre operadores de covarianza y descomposiciones factoriales.,si,no,
2744,Behavior Score Prediction in Resting-State Functional MRI by Deep State Space Modeling,exclude,I1,alta,"Deep state space sobre series BOLD de fMRI en reposo para predecir scores de Alzheimer; 'functional' = fMRI, no FDA.",no,si,verde
2749,Climate change analysis from LRD manifold functional regression,include,none,media,Regresion funcional no lineal en variedades con errores de memoria larga (LRD); metodologia sustantiva de series funcionales; aplicacion climatica.,si,no,
2750,Two-Sample Testing for Multivariate Cross-Correlation Functions with Applications to Gut-Brain Rewar,include,none,media,Test de dos muestras para funciones de correlacion cruzada multivariadas como datos funcionales; estadisticos globales tipo Hotelling.,si,no,
2751,Functional Extreme-PLS,include,none,alta,"Extreme-PLS funcional: reduccion de dimension extrema para covariable en L2([0,1]); proyeccion, PLS/SIR; datos financieros de alta frecuencia.",no,no,
2752,Generalized probabilistic principal component analysis of correlated data,include,none,alta,PCA probabilistica generalizada (GPPCA) para datos correlacionados incluyendo datos funcionales; estimador de cargas factoriales de forma cerrada.,no,no,
2754,Neural Optimal Transport in Hilbert Spaces: Characterizing Spurious Solutions and Gaussian Smoothing,exclude,I1,alta,"Transporte optimo neuronal en espacios de Hilbert; teoria ML sobre soluciones espurias y suavizado gaussiano, no representacion FDA.",si,si,verde
2755,"Fast Emulation, Modular Calibration, and Active Learning for Simulators with Functional Response",include,none,media,Emulador escalable para respuesta funcional con regresion GP local; calibracion modular y aprendizaje activo de simuladores.,si,no,
2756,Detecting practically significant dependencies in metric spaces via distance correlations,exclude,I1,alta,"Test pivotal para correlacion de distancias sobre un umbral en espacios metricos; datos funcionales solo uno de varios settings, no base/FPCA.",si,si,verde
2757,Functional instrumental variable regression with an application to estimating the impact of immigrat,include,none,alta,Regresion de variable instrumental funcional aplicada a impacto de inmigracion en salarios; econometria funcional (PR5).,si,si,verde
2760,"Elastic $k$-means clustering of functional data for posterior exploration, with an application to in",include,none,media,k-means elastico de datos funcionales; BIC via modelo de mezcla sobre componentes principales de FPCA; aplicacion epidemiologica (Mexico).,no,no,
2761,Modeling the Evolution of Infectious Diseases with Functional Data Models: The Case of COVID-19 in B,include,none,alta,Modelos de datos funcionales para muertes por COVID-19 en Brasil; clustering + regresion cuantilica funcional sobre indicadores socioeconomicos (PR5).,no,no,
2762,Bayesian spatial functional data clustering: applications in disease surveillance,include,none,media,"Clustering bayesiano de datos funcionales espaciales para vigilancia de enfermedades; arboles de expansion aleatorios, modelos gaussianos latentes.",si,no,
2763,Bayesian Hierarchical Modeling for Predicting Spatially Correlated Curves in Irregular Domains: A Ca,include,none,alta,Modelo jerarquico bayesiano con bases de polinomios de Bernstein y efectos AR para curvas espacialmente correlacionadas; discute numero de bases (12 vs 18); PM10 Mexico.,no,no,
2764,Functional generalized autoregressive conditional heteroskedasticity,include,none,alta,fGARCH: version funcional del proceso GARCH para series financieras; soluciones estacionarias en L2 y funciones continuas; volatilidad intradia (PR4/PR5).,no,no,
2765,Interpretable models for forecasting high-dimensional functional time series,include,none,alta,Descomposicion ANOVA funcional + modelo de factores funcionales via FPCA en bases ortonormales; aporte metodologico central de representacion.,no,no,
2766,Spatial Correlation in Weather Forecast Accuracy: A Functional Time Series Approach,include,none,media,"FTS sobre superficies 2D con base B-spline (resolucion elegida) + GARCH en coeficientes; discute construccion de base, aunque dominio meteorologico (posible E4).",si,no,
2767,Forecasting high-dimensional functional time series with dual-factor structures,include,none,alta,"Modelo de doble factor: FTS + funciones base especificas por poblacion, recuperacion de bases via FPCA; representacion en bases es el objeto.",no,no,
2768,Forecasting of a Hierarchical Functional Time Series on air pollution in Silesia region,include,none,media,"FTS jerarquica y reconciliacion de pronosticos en marco econometrico; no discute eleccion/calidad de base (posible E1), cuerpo omitido.",si,no,
2769,Multiscale Change Point Detection for Functional Time Series,include,none,alta,"Deteccion de puntos de cambio en FTS en espacios de Banach, procesos no estacionarios, aplicacion a datos financieros; relevante a PR4/PR5.",no,no,
2770,A Functional Version of the ARCH Model,include,none,alta,"Conjunto oro #10 (Hormann/Horvath/Reeder). Version funcional del modelo ARCH, datos financieros de alta frecuencia, volatilidad. Ancla de C7.",no,no,
2771,Functional Regression with Nonstationarity and Error Contamination: Economic Impact of Climate Change,include,none,alta,Regresion funcional no estacionaria con cointegracion aplicada al impacto economico del cambio climatico; PR5 y PR4 directos.,no,no,
2772,An operator-level ARCH Model,include,none,alta,"Marco ARCH a nivel de operador de covarianza en espacios de Hilbert, series financieras, retornos intradia S&P 500; linea directa de GARCH funcional (PR4/PR7).",no,no,
2773,A Frequentist Approach to Change Point Detection: Methods and Applications,include,none,media,"Deteccion de puntos de cambio en FTS con FPCA como proyeccion; preprint breve, discusion de base superficial, calidad modesta.",si,no,
2774,Uncovering predictability in the evolution of the WTI oil futures curve,include,none,media,"Metodo FTS (exponential smoothing state space) para curvas de futuros de petroleo WTI; aplicacion economico-financiera, PR5. Profundidad de base no clara en extracto.",si,no,
2775,A prediction interval for a function-valued forecast model,include,none,alta,Modelo KWF (Kernel+Wavelet+Functional) con base WAVELET explicita para series no estacionarias de carga electrica; PR4 directo (wavelets vs procesos no suaves).,no,no,
