id,doi,is_oa,source,oa_url,host_type
0,10.1016/j.jmva.2025.105515,True,unpaywall,https://doi.org/10.1016/j.jmva.2025.105515,publisher
3,10.32604/cmc.2024.049605,True,unpaywall,https://doi.org/10.32604/cmc.2024.049605,publisher
4,10.1007/s11749-026-01004-z,True,unpaywall,https://link.springer.com/content/pdf/10.1007/s11749-026-01004-z.pdf,publisher
5,10.1016/j.spasta.2021.100498,False,,,
6,10.4310/22-SII773,True,unpaywall,https://arxiv.org/pdf/2508.05567,repository
7,10.1080/02664763.2025.2503855,False,,,
8,10.1016/j.spasta.2020.100413,True,semantic_scholar,https://doi.org/10.1016/j.spasta.2020.100413,
9,10.1080/03610926.2024.2449099,False,,,
10,10.1007/s13253-023-00585-8,True,semantic_scholar,https://oaktrust.library.tamu.edu/bitstream/1969.1/197221/1/SHEN-DISSERTATION-2022.pdf,
11,10.1080/07350015.2021.1938085,True,unpaywall,https://arxiv.org/pdf/2006.13489,repository
14,10.17713/ajs.v50i4.1099,True,unpaywall,https://www.ajs.or.at/index.php/ajs/article/download/1099/731,publisher
15,10.1016/j.jspi.2019.10.006,True,unpaywall,https://www.sciencedirect.com/science/article/pii/S0378375819301132/pdf,publisher
16,10.4310/SII.2019.v12.n4.a12,False,,,
17,10.1080/03610926.2025.2505984,False,,,
18,10.1007/s00362-020-01215-y,False,,,
19,10.3390/math11010228,True,unpaywall,https://www.mdpi.com/2227-7390/11/1/228/pdf?version=1672977317,publisher
20,10.1007/s10463-019-00724-4,True,unpaywall,https://arxiv.org/pdf/1809.00737,repository
21,10.1214/23-BA1410,True,unpaywall,https://projecteuclid.org/journals/bayesian-analysis/advance-publication/Semiparametric-Functional-Factor-Models-with-Bayesian-Rank-Selection/10.1214/23-BA1410.pdf,publisher
22,10.1080/10618600.2024.2374570,True,unpaywall,https://doi.org/10.1080/10618600.2024.2374570,publisher
23,10.1002/bimj.202300081,True,unpaywall,https://onlinelibrary.wiley.com/doi/pdfdirect/10.1002/bimj.202300081,publisher
24,10.3390/math8112085,True,unpaywall,https://www.mdpi.com/2227-7390/8/11/2085/pdf?version=1606110198,publisher
25,10.3390/math10152704,True,unpaywall,https://www.mdpi.com/2227-7390/10/15/2704/pdf?version=1660036327,publisher
26,10.1002/sim.7607,True,unpaywall,https://onlinelibrary.wiley.com/doi/pdfdirect/10.1002/sim.7607,publisher
27,10.1002/sim.7534,True,unpaywall,https://www.ncbi.nlm.nih.gov/pmc/articles/5772010,repository
28,10.7232/iems.2019.18.2.252,False,,,
29,10.1080/01621459.2017.1411268,True,unpaywall,https://lib.dr.iastate.edu/cgi/viewcontent.cgi?article=1128&context=stat_las_pubs,repository
30,10.1016/j.jmva.2025.105538,False,,,
31,10.32479/ijeep.13728,True,unpaywall,https://econjournals.com/index.php/ijeep/article/download/13728/7113,publisher
32,10.1016/j.matcom.2020.07.006,True,unpaywall,https://www.sciencedirect.com/science/article/pii/S0378475420302354,publisher
34,10.1002/cem.3160,False,,,
35,10.1016/j.jmva.2024.105400,True,unpaywall,https://pmc.ncbi.nlm.nih.gov/articles/PMC12320752/pdf/nihms-2044682.pdf,repository
36,10.1214/20-BA1213,True,unpaywall,https://projecteuclid.org/journals/bayesian-analysis/volume-16/issue-2/Dynamic-Regression-Models-for-Time-Ordered-Functional-Data/10.1214/20-BA1213.pdf,publisher
37,10.1016/j.biosystems.2017.09.002,False,,,
38,10.1002/cjs.11682,False,,,
39,10.1002/cjs.11738,True,unpaywall,http://hdl.handle.net/10754/666182,repository
40,10.1080/02664763.2021.1896683,True,unpaywall,https://www.ncbi.nlm.nih.gov/pmc/articles/9225670,repository
41,10.1007/s40995-018-0590-0,False,,,
42,10.1007/s12561-023-09393-7,True,unpaywall,https://link.springer.com/content/pdf/10.1007/s12561-023-09393-7.pdf,publisher
43,10.1016/j.csda.2020.107041,True,unpaywall,https://arxiv.org/pdf/2006.16156,repository
44,10.1007/s11634-016-0261-y,False,,,
45,10.1007/s11004-018-9731-4,True,unpaywall,http://hdl.handle.net/10498/30217,repository
46,10.1214/19-AOAS1297,True,unpaywall,https://projecteuclid.org/journals/annals-of-applied-statistics/volume-14/issue-1/Surface-temperature-monitoring-in-liver-procurement-via-functional-variance-change/10.1214/19-AOAS1297.pdf,publisher
47,10.1007/s41096-022-00122-9,False,,,
48,10.1177/09622802251393631,True,unpaywall,https://journals.sagepub.com/doi/pdf/10.1177/09622802251393631?download=true,publisher
49,10.3934/math.2025321,True,unpaywall,http://www.aimspress.com/aimspress-data/math/2025/3/PDF/math-10-03-321.pdf,publisher
50,10.1515/jqas-2019-0047,True,unpaywall,https://arxiv.org/pdf/1908.02423,repository
51,10.1080/01621459.2018.1476242,True,unpaywall,https://www.ncbi.nlm.nih.gov/pmc/articles/6590079,repository
52,10.1080/10618600.2016.1265526,False,,,
53,10.1093/biostatistics/kxab032,True,unpaywall,https://pmc.ncbi.nlm.nih.gov/articles/PMC10102887/pdf/kxab032.pdf,repository
54,10.1007/s42519-026-00548-5,False,,,
55,10.1016/j.csda.2023.107727,True,unpaywall,https://pmc.ncbi.nlm.nih.gov/articles/PMC11264192/pdf/nihms-1958422.pdf,repository
56,10.3390/en11051120,True,unpaywall,https://www.mdpi.com/1996-1073/11/5/1120/pdf?version=1525258339,publisher
57,10.1016/j.matcom.2024.05.002,True,unpaywall,https://doi.org/10.1016/j.matcom.2024.05.002,publisher
58,10.1007/s11222-025-10734-3,True,unpaywall,https://link.springer.com/content/pdf/10.1007/s11222-025-10734-3.pdf,publisher
59,10.1111/biom.12942,True,unpaywall,https://arxiv.org/pdf/1702.04775,repository
60,10.1002/sim.70635,False,,,
61,10.1007/s00362-018-01066-8,False,,,
62,10.3934/cpaa.2020172,True,unpaywall,https://doi.org/10.3934/cpaa.2020172,publisher
63,10.1016/j.cam.2020.112948,False,,,
64,10.1515/math-2022-0501,True,unpaywall,https://www.degruyter.com/document/doi/10.1515/math-2022-0501/pdf,publisher
66,10.1177/0962280220951834,False,,,
67,10.1080/16843703.2026.2630150,False,,,
68,10.1007/978-3-030-26766-7_51,False,,,
70,10.1214/21-EJS1917,True,unpaywall,https://projecteuclid.org/journals/electronic-journal-of-statistics/volume-15/issue-2/Nonlinear-mixed-effects-modeling-and-warping-for-functional-data-using/10.1214/21-EJS1917.pdf,publisher
71,10.1016/j.jmva.2019.104584,True,semantic_scholar,https://doi.org/10.1016/j.jmva.2019.104584,
72,10.1007/s00180-026-01769-9,True,unpaywall,https://arxiv.org/pdf/2405.20758,repository
73,10.1007/s12561-025-09511-7,False,,,
74,10.1093/biostatistics/kxaa041,True,unpaywall,https://www.ncbi.nlm.nih.gov/pmc/articles/9007445,repository
75,10.1007/s11634-020-00432-5,False,,,
78,10.1111/anzs.70061,False,,,
79,10.13189/ms.2024.120110,True,unpaywall,http://www.hrpub.org/download/20240130/MS10-13433543.pdf,publisher
80,10.1080/00949655.2025.2603658,False,,,
81,10.1007/s00362-025-01769-9,False,,,
82,10.15672/hujms.1824224,True,unpaywall,https://dergipark.org.tr/en/download/article-file/5422948,publisher
83,10.1137/20M135279X,True,unpaywall,https://www.osti.gov/biblio/1844165,repository
84,10.1080/26941899.2026.2685315,True,unpaywall,https://doi.org/10.1080/26941899.2026.2685315,publisher
86,10.1002/cjs.11677,True,semantic_scholar,https://arxiv.org/pdf/1809.06462,
87,10.1007/s11749-022-00820-3,False,,,
88,10.15672/HJMS.2018.613,True,unpaywall,https://dergipark.org.tr/en/download/article-file/684449,publisher
89,10.15446/rce.v48n1.113398,True,unpaywall,https://revistas.unal.edu.co/index.php/estad/article/download/113398/93871,publisher
90,10.1177/09622802231206472,False,,,
91,10.1016/j.csda.2023.107873,False,,,
92,10.1016/j.idm.2021.08.006,True,unpaywall,https://www.sciencedirect.com/science/article/pii/S2468042721000580/pdf,publisher
94,10.3390/stats4030042,True,unpaywall,https://www.mdpi.com/2571-905X/4/3/42/pdf?version=1630555722,publisher
95,10.1002/qre.2786,False,,,
96,10.1016/j.jkss.2017.02.001,False,,,
97,10.1109/ICPECA56706.2023.10075869,False,,,
98,10.1214/17-AOS1553,True,unpaywall,https://projecteuclid.org/journals/annals-of-statistics/volume-46/issue-1/Mixture-inner-product-spaces-and-their-application-to-functional-data/10.1214/17-AOS1553.pdf,publisher
99,10.1111/sjos.12788,True,unpaywall,https://onlinelibrary.wiley.com/doi/pdfdirect/10.1111/sjos.12788,publisher
101,10.1016/j.matcom.2018.11.016,True,unpaywall,https://arxiv.org/pdf/2402.05209,repository
102,10.1080/10618600.2019.1710837,True,unpaywall,https://figshare.com/articles/dataset/Bayesian_Function-on-Scalars_Regression_for_High-Dimensional_Data/11555739,repository
103,10.3390/e22121363,True,unpaywall,https://doi.org/10.3390/e22121363,publisher
104,10.3390/math13030471,True,unpaywall,https://www.mdpi.com/2227-7390/13/3/471/pdf?version=1738322009,publisher
105,10.1007/s11425-024-2471-9,False,,,
106,10.1007/s13253-024-00601-5,True,unpaywall,https://link.springer.com/content/pdf/10.1007/s13253-024-00601-5.pdf,publisher
107,10.3150/20-BEJ1209,True,unpaywall,https://projecteuclid.org/journals/bernoulli/volume-26/issue-4/Asymptotic-properties-of-penalized-splines-for-functional-data/10.3150/20-BEJ1209.pdf,publisher
108,10.1080/10618600.2020.1806855,False,,,
109,10.1007/s11336-015-9478-5,False,,,
111,10.4310/21-SII688,True,semantic_scholar,https://arxiv.org/pdf/2106.10583,
112,10.1007/s11222-023-10213-7,True,unpaywall,https://link.springer.com/content/pdf/10.1007/s11222-023-10213-7.pdf,publisher
113,10.5705/ss.202018.0483,False,,,
114,10.1007/s11634-026-00681-w,True,unpaywall,https://doi.org/10.1007/s11634-026-00681-w,publisher
116,10.1109/TCBB.2024.3364614,True,unpaywall,https://pmc.ncbi.nlm.nih.gov/articles/PMC11301578/pdf/nihms-2000107.pdf,repository
117,10.1080/10485252.2023.2236722,False,,,
118,10.1016/j.jmva.2025.105522,False,,,
119,10.1080/02664763.2017.1322557,False,,,
120,10.1214/21-BA1274,True,unpaywall,https://projecteuclid.org/journals/bayesian-analysis/volume-17/issue-3/Bayesian-Dependent-Functional-Mixture-Estimation-for-Area-and-Time-Indexed/10.1214/21-BA1274.pdf,publisher
122,10.1002/sim.7582,True,unpaywall,https://onlinelibrary.wiley.com/doi/pdfdirect/10.1002/sim.7582,publisher
123,10.1002/sam.70068,True,unpaywall,https://onlinelibrary.wiley.com/doi/pdfdirect/10.1002/sam.70068,publisher
124,10.1007/s11222-025-10671-1,False,,,
125,10.1016/j.ecoinf.2024.102841,True,unpaywall,https://doi.org/10.1016/j.ecoinf.2024.102841,publisher
126,10.1093/biomet/asaa088,True,unpaywall,https://arxiv.org/pdf/1905.07067,repository
127,10.1080/10618600.2024.2431057,True,unpaywall,https://pmc.ncbi.nlm.nih.gov/articles/PMC12588091/,repository
128,10.1016/j.csda.2021.107416,True,unpaywall,https://arxiv.org/pdf/2103.11666,repository
129,10.1214/16-BA1003,True,unpaywall,https://projecteuclid.org/journals/bayesian-analysis/volume-12/issue-2/Bayesian-Estimation-of-Principal-Components-for-Functional-Data/10.1214/16-BA1003.pdf,publisher
130,10.3150/23-BEJ1662,True,semantic_scholar,http://arxiv.org/pdf/2206.04552,
131,10.1007/s10444-021-09908-0,True,unpaywall,https://arxiv.org/pdf/2002.08724,repository
132,10.18637/jss.v094.i08,True,unpaywall,https://www.jstatsoft.org/index.php/jss/article/view/v094i08/v94i08.pdf,publisher
133,10.1080/03610918.2024.2329991,False,,,
134,10.1007/978-3-031-42505-9_45,False,,,
135,10.1016/j.jmva.2021.104863,True,semantic_scholar,https://arxiv.org/pdf/2106.01150,
136,10.1111/biom.13684,True,unpaywall,https://arxiv.org/pdf/2006.10163,repository
137,10.1080/10618600.2022.2149540,True,unpaywall,https://pmc.ncbi.nlm.nih.gov/articles/PMC10584088/pdf/nihms-1862286.pdf,repository
138,10.1007/s11222-021-10066-y,False,,,
139,10.1007/s11222-016-9679-5,True,unpaywall,https://arxiv.org/pdf/1510.04439,repository
141,10.1007/s10687-017-0302-8,False,,,
144,10.1007/s11222-024-10474-w,True,unpaywall,https://link.springer.com/content/pdf/10.1007/s11222-024-10474-w.pdf,publisher
145,10.1093/biomet/asae055,True,unpaywall,https://academic.oup.com/biomet/article-pdf/112/1/asae055/59833568/asae055.pdf,publisher
146,10.1016/j.jmva.2020.104626,True,unpaywall,https://www.sciencedirect.com/science/article/pii/S0047259X19301745/pdf,publisher
147,10.1214/26-AOAS2159,False,,,
148,10.1007/s11222-020-09981-3,True,unpaywall,https://arxiv.org/pdf/1906.02269,repository
149,10.1080/07350015.2025.2475950,True,unpaywall,https://doi.org/10.1080/07350015.2025.2475950,publisher
150,10.1214/23-AOAS1827,True,unpaywall,https://scholars.cityu.edu.hk/en/publications/filtrated-common-functional-principal-component-analysis-of-multi,repository
152,10.1007/s10114-021-9172-8,False,,,
154,10.1093/jrsssc/qlae018,True,unpaywall,https://academic.oup.com/jrsssc/advance-article-pdf/doi/10.1093/jrsssc/qlae018/57115846/qlae018.pdf,publisher
155,10.1002/qre.3268,False,,,
156,10.1007/s10260-025-00830-z,True,unpaywall,https://link.springer.com/content/pdf/10.1007/s10260-025-00830-z.pdf,publisher
157,10.1080/02664763.2016.1247791,True,unpaywall,https://figshare.com/articles/journal_contribution/Multivariate_analysis_of_variance_for_functional_data/4056285,repository
158,10.1007/978-3-030-40014-9_1,False,,,
159,10.1007/s41060-023-00410-y,False,,,
160,10.1080/10618600.2023.2210184,True,unpaywall,https://figshare.com/articles/dataset/Learning_Block_Structured_Graphs_in_Gaussian_Graphical_Models/22756138,repository
162,10.1007/s11222-022-10175-2,True,semantic_scholar,https://arxiv.org/pdf/2211.04784,
163,10.1016/j.jeconom.2025.106149,False,,,
164,10.1007/s11222-024-10455-z,False,,,
165,10.1007/s00180-018-0810-2,False,,,
166,10.1080/10618600.2024.2374584,False,,,
167,10.1002/sta4.286,False,,,
168,10.1080/03610918.2020.1746340,True,unpaywall,https://arxiv.org/pdf/2003.06067,repository
169,10.1016/j.ecosta.2018.12.003,True,unpaywall,https://arxiv.org/pdf/1702.02009,repository
170,10.1016/j.csda.2017.02.004,True,unpaywall,https://www.ncbi.nlm.nih.gov/pmc/articles/5642121,repository
171,10.1007/s00362-022-01383-z,False,,,
172,10.1057/s41260-026-00443-5,False,,,
173,10.1007/s00184-022-00887-w,False,,,
174,10.1007/s10651-024-00598-7,True,unpaywall,https://link.springer.com/content/pdf/10.1007/s10651-024-00598-7.pdf,publisher
175,10.1016/j.eneco.2020.105080,False,,,
176,10.1007/s11749-018-0598-y,False,,,
177,10.3390/a18050254,True,unpaywall,https://doi.org/10.3390/a18050254,publisher
178,10.1145/3783779.3783811,False,,,
179,10.15672/hujms.1324888,True,unpaywall,https://doi.org/10.15672/hujms.1324888,publisher
180,10.1002/sim.8798,False,,,
181,10.1177/0962280217722177,True,unpaywall,https://www.ncbi.nlm.nih.gov/pmc/articles/5557714,repository
182,10.1093/biostatistics/kxaf008,True,unpaywall,https://doi.org/10.1093/biostatistics/kxaf008,publisher
183,10.15672/hujms.1608956,True,unpaywall,https://dergipark.org.tr/en/download/article-file/4474455,publisher
184,10.1007/s00180-022-01240-5,True,unpaywall,https://link.springer.com/content/pdf/10.1007/s00180-022-01240-5.pdf,publisher
185,10.1007/s11634-016-0242-1,False,,,
186,10.1002/sta4.516,True,unpaywall,https://onlinelibrary.wiley.com/doi/pdfdirect/10.1002/sta4.516,publisher
187,10.1145/3796731.3796763,True,unpaywall,https://doi.org/10.1145/3796731.3796763,
188,10.1080/03610926.2020.1864829,False,,,
189,10.18637/jss.v089.i02,True,unpaywall,https://www.jstatsoft.org/index.php/jss/article/view/v089i02/v89i02.pdf,publisher
190,10.1111/biom.13846,True,unpaywall,https://onlinelibrary.wiley.com/doi/pdfdirect/10.1111/biom.13846,publisher
191,10.1007/978-3-030-55874-1_76,True,unpaywall,https://orbit.dtu.dk/en/publications/f7d00bdd-0fc5-4095-991e-4c68cc00c73a,repository
192,10.1080/01621459.2019.1609969,True,unpaywall,https://www.ncbi.nlm.nih.gov/pmc/articles/7517594,repository
193,10.15446/rce.v49n2.125276,False,,,
194,10.1007/s00180-023-01338-4,False,,,
195,10.1080/03610926.2021.1992438,False,,,
196,10.1093/biomet/asab046,True,unpaywall,https://arxiv.org/pdf/1910.03134,repository
197,10.4310/SII.2022.V15.N2.A9,False,,,
198,10.1080/10618600.2022.2035738,False,,,
199,10.1016/j.jmva.2021.104868,True,unpaywall,https://www.sciencedirect.com/science/article/pii/S0047259X21001469/pdf,publisher
200,10.1007/s11222-025-10792-7,False,,,
201,10.3390/math10071140,True,unpaywall,https://www.mdpi.com/2227-7390/10/7/1140/pdf?version=1648872273,publisher
202,10.21307/stattrans-2016-079,True,unpaywall,https://doi.org/10.21307/stattrans-2016-079,publisher
203,10.1007/s11634-022-00510-w,True,unpaywall,https://link.springer.com/content/pdf/10.1007/s11634-022-00510-w.pdf,publisher
204,10.5705/ss.202018.0316,True,semantic_scholar,https://doi.org/10.5705/ss.202018.0316,
205,10.1080/02664763.2023.2172143,True,unpaywall,https://arxiv.org/pdf/2204.03115,repository
206,10.1007/978-3-319-89327-3_4,False,,,
207,10.1214/23-AOAS1805,True,semantic_scholar,http://arxiv.org/pdf/2203.00784,
209,10.1007/s10651-025-00673-7,False,,,
210,10.1080/01621459.2025.2560688,False,,,
211,10.1093/jrsssc/qlad014,True,unpaywall,https://arxiv.org/pdf/2012.10629,repository
212,10.1016/j.jmse.2019.11.001,True,unpaywall,https://www.sciencedirect.com/science/article/pii/S2096232019300897/pdf,publisher
213,10.1002/sim.70598,True,unpaywall,https://pmc.ncbi.nlm.nih.gov/articles/PMC13215663/,repository
214,10.1111/biom.13924,True,unpaywall,https://onlinelibrary.wiley.com/doi/pdfdirect/10.1111/biom.13924,publisher
215,10.1002/cjs.11796,True,unpaywall,https://onlinelibrary.wiley.com/doi/pdfdirect/10.1002/cjs.11796,publisher
216,10.1214/18-EJS1522,True,unpaywall,https://doi.org/10.1214/18-ejs1522,publisher
217,10.32614/RJ-2022-053,True,unpaywall,https://journal.r-project.org/articles/RJ-2022-053/RJ-2022-053.pdf,publisher
218,10.1080/02664763.2026.2695855,True,unpaywall,https://doi.org/10.1080/02664763.2026.2695855,publisher
220,10.1007/s11222-026-10918-5,False,,,
221,10.1002/sim.70355,False,,,
222,10.1080/00401706.2020.1769734,True,semantic_scholar,https://repository.kaust.edu.sa/bitstreams/39bdc830-56d2-4d04-b75d-af3552c4f62c/download,
223,10.3846/mma.2022.14043,True,unpaywall,https://doi.org/10.3846/mma.2022.14043,publisher
224,10.1002/asmb.70059,True,unpaywall,https://doi.org/10.1002/asmb.70059,publisher
225,10.1002/sim.70442,True,unpaywall,https://doi.org/10.1002/sim.70442,publisher
226,10.1007/s40304-025-00443-8,False,,,
227,10.3390/computation9070078,True,unpaywall,https://www.mdpi.com/2079-3197/9/7/78/pdf?version=1625652351,publisher
228,10.1007/s12561-026-09530-y,False,,,
229,10.1080/00949655.2017.1386664,False,,,
230,10.5705/ss.202020.0445,False,,,
232,10.1007/s11222-025-10694-8,False,,,
233,10.1016/j.csda.2021.107363,False,,,
234,10.1080/10618600.2017.1356730,True,unpaywall,https://www.ncbi.nlm.nih.gov/pmc/articles/5956967,repository
235,10.1080/01621459.2017.1366907,True,semantic_scholar,https://dr.lib.iastate.edu/bitstreams/da18d687-80b2-4c33-8878-a11f8b2d0524/download,
236,10.1016/j.jmva.2024.105311,False,,,
237,10.4310/SII.260108020202,False,,,
238,10.5705/ss.202021.0121,False,,,
239,10.32614/RJ-2024-034,True,unpaywall,https://doi.org/10.32614/rj-2024-034,publisher
240,10.1007/s11634-022-00500-y,True,unpaywall,https://link.springer.com/content/pdf/10.1007/s11634-022-00500-y.pdf,publisher
243,10.1016/j.csda.2020.107124,True,unpaywall,https://www.sciencedirect.com/science/article/pii/S0167947320302152/pdf,publisher
244,10.1111/biom.13110,True,unpaywall,https://arxiv.org/pdf/1902.07788,repository
246,10.1080/02664763.2021.1951685,True,unpaywall,https://www.ncbi.nlm.nih.gov/pmc/articles/9559324,repository
247,10.1016/j.jprocont.2022.06.015,False,,,
248,10.1016/j.jspi.2021.01.003,False,,,
249,10.5705/ss.202021.0248,True,unpaywall,https://doi.org/10.5705/ss.202021.0248,publisher
250,10.1080/10618600.2024.2335182,True,unpaywall,https://figshare.com/articles/journal_contribution/Dynamic_Survival_Prediction_using_Sparse_Longitudinal_Images_via_Multi-dimensional_Functional_Principal_Component_Analysis/25871338,repository
252,10.1111/biom.13702,True,unpaywall,https://pmc.ncbi.nlm.nih.gov/articles/PMC10718172/pdf/nihms-1948126.pdf,repository
253,10.1007/s11587-025-01012-5,False,,,
254,10.1016/j.csda.2021.107343,True,unpaywall,https://www.ncbi.nlm.nih.gov/pmc/articles/8896739,repository
255,10.3390/math12172649,True,unpaywall,https://www.mdpi.com/2227-7390/12/17/2649/pdf?version=1724675115,publisher
256,10.1214/22-AOAS1643,False,,,
257,10.1002/sim.10324,True,unpaywall,https://doi.org/10.1002/sim.10324,publisher
258,10.1080/10485252.2026.2630359,False,,,
259,10.1360/SSM-2020-0116,False,,,
260,10.1007/s10985-022-09557-5,True,unpaywall,https://pmc.ncbi.nlm.nih.gov/articles/PMC10044535/pdf/nihms-1879201.pdf,repository
261,10.1214/17-AOS1667,True,unpaywall,https://projecteuclid.org/journals/annals-of-statistics/volume-46/issue-6B/Sieve-bootstrap-for-functional-time-series/10.1214/17-AOS1667.pdf,publisher
262,10.1214/20-AOAS1425,True,unpaywall,https://arxiv.org/pdf/1912.07359,repository
263,10.3934/math.2026234,True,unpaywall,http://www.aimspress.com/aimspress-data/math/2026/3/PDF/math-11-03-234.pdf,publisher
264,10.1093/biostatistics/kxac017,True,unpaywall,https://academic.oup.com/biostatistics/article-pdf/23/4/1218/46536375/kxac017.pdf,publisher
265,10.1016/j.jspi.2024.106210,False,,,
266,10.1016/j.matcom.2020.05.018,True,unpaywall,https://arxiv.org/pdf/2402.04321,repository
267,10.1080/01621459.2025.2552510,False,,,
269,10.1007/s11749-019-00655-5,False,,,
270,10.3934/math.20241126,True,unpaywall,http://www.aimspress.com/aimspress-data/math/2024/9/PDF/math-09-09-1126.pdf,publisher
271,,False,,,sin_doi
272,10.1007/s00180-022-01223-6,True,unpaywall,https://link.springer.com/content/pdf/10.1007/s00180-022-01223-6.pdf,publisher
273,10.1007/s10260-019-00457-x,False,,,
276,10.1007/s00180-024-01494-1,False,,,
277,10.1007/s40304-024-00409-2,False,,,
278,10.1080/01621459.2018.1482753,True,unpaywall,https://figshare.com/articles/journal_contribution/Estimation_and_Identification_of_a_Varying-Coefficient_Additive_Model_for_Locally_Stationary_Processes/6447911,repository
279,10.1146/annurev-statistics-042424-052503,True,unpaywall,https://doi.org/10.1146/annurev-statistics-042424-052503,publisher
280,10.1214/21-AOAS1477,True,unpaywall,https://arxiv.org/pdf/2006.05020,repository
281,10.1007/978-3-032-17526-7_8,True,unpaywall,https://link.springer.com/content/pdf/10.1007/978-3-032-17526-7_8.pdf,publisher
283,10.1002/sta4.70140,True,unpaywall,https://arxiv.org/pdf/2603.22719,repository
284,10.1080/01621459.2021.1933496,False,,,
285,10.1002/sam.70004,False,,,
286,10.1007/978-3-319-55708-3_22,False,,,
287,10.1016/j.csda.2025.108255,True,unpaywall,https://doi.org/10.1016/j.csda.2025.108255,publisher
288,10.1186/s13362-024-00153-w,True,unpaywall,https://mathematicsinindustry.springeropen.com/counter/pdf/10.1186/s13362-024-00153-w,publisher
289,10.3390/stats4040047,True,unpaywall,https://www.mdpi.com/2571-905X/4/4/47/pdf?version=1635935374,publisher
290,10.1080/10618600.2024.2342984,True,unpaywall,https://www.tandfonline.com/doi/pdf/10.1080/10618600.2024.2342984?download=true,publisher
291,10.1007/s13253-021-00477-9,True,unpaywall,https://hdl.handle.net/11424/243518,repository
292,10.1007/s00362-023-01518-w,False,,,
293,10.2174/1574893615999200520082636,False,,,
294,10.1016/j.spasta.2017.06.005,True,unpaywall,https://arxiv.org/pdf/1505.06966,repository
295,10.1016/j.csda.2022.107421,False,,,
296,10.5705/ss.202018.0499,True,unpaywall,https://scholars.cityu.edu.hk/en/publications/functional-additive-quantile-regression,repository
297,10.1007/s42952-019-00044-6,False,,,
298,10.1007/s11336-017-9558-9,True,unpaywall,https://link.springer.com/content/pdf/10.1007/s11336-017-9558-9.pdf,publisher
299,10.1016/j.matcom.2025.01.012,True,unpaywall,https://biblio.ugent.be/publication/01JJ6BRARH34SGVZZ73HCQGEWG,repository
300,10.3390/en17143461,True,unpaywall,https://doi.org/10.3390/en17143461,publisher
302,10.5705/ss.202019.0409,False,,,
303,10.1002/for.70075,False,,,
304,10.1007/s11634-024-00612-7,True,unpaywall,https://lirias.kuleuven.be/retrieve/d7a3ef80-7445-4460-a51a-b334b14aa3ce,repository
305,10.1007/s11634-024-00590-w,False,,,
306,10.1515/mcma-2023-2016,False,,,
308,10.1080/00949655.2026.2670719,False,,,
309,10.1109/ROPEC62734.2024.10877135,False,,,
310,10.1007/s00180-021-01142-y,False,,,
311,10.1016/j.jmva.2024.105380,True,unpaywall,https://hal.science/hal-04559892v2/file/asympAnalGPfunInputs_EJS2024ArXiv.pdf,repository
312,10.1515/math-2021-0095,True,unpaywall,https://doi.org/10.1515/math-2021-0095,publisher
313,10.1111/biom.13744,True,unpaywall,https://hdl.handle.net/2027.42/178256,repository
314,10.1007/s10260-026-00861-0,True,unpaywall,https://doi.org/10.1007/s10260-026-00861-0,publisher
315,10.1007/s11425-025-2487-3,False,,,
316,10.1016/j.csda.2021.107400,True,unpaywall,http://hdl.handle.net/10754/673755,repository
317,10.1007/s11222-025-10574-1,False,,,
318,10.1007/s11749-023-00884-9,False,,,
319,10.1080/00401706.2021.2008502,True,unpaywall,https://arxiv.org/pdf/2001.11425,repository
320,10.3934/math.2025074,True,unpaywall,http://www.aimspress.com/aimspress-data/math/2025/1/PDF/math-10-01-074.pdf,publisher
321,10.1002/sta4.590,True,unpaywall,https://onlinelibrary.wiley.com/doi/pdfdirect/10.1002/sta4.590,publisher
322,10.1007/s40995-025-01858-2,False,,,
323,10.1111/rssc.12376,True,unpaywall,https://www.ncbi.nlm.nih.gov/pmc/articles/6953745,repository
324,10.3390/math10224356,True,unpaywall,https://www.mdpi.com/2227-7390/10/22/4356/pdf?version=1669209599,publisher
325,10.1109/SCOReD57082.2022.9973921,False,,,
326,10.1007/s10463-018-0656-y,False,,,
327,10.1080/02331888.2023.2293738,False,,,
328,10.1177/0962280217710050,True,unpaywall,https://journals.sagepub.com/doi/pdf/10.1177/0962280217710050,publisher
330,10.1080/02664763.2024.2420223,True,unpaywall,https://hal.science/hal-04758114v1/document,repository
331,10.1007/s00362-022-01359-z,True,semantic_scholar,https://arxiv.org/pdf/2012.12948,
332,10.5705/SS.202018.0013,False,,,
333,10.1007/s11222-023-10348-7,True,semantic_scholar,https://www.researchsquare.com/article/rs-2332073/latest.pdf,
334,10.1007/978-3-319-89824-7_84,True,unpaywall,http://hdl.handle.net/10234/174594,repository
335,10.3390/math9111243,True,unpaywall,https://www.mdpi.com/2227-7390/9/11/1243/pdf?version=1622622563,publisher
336,10.21314/JEM.2020.218,True,unpaywall,https://arxiv.org/pdf/2002.00507,repository
337,10.7494/csci.2020.21.4.3932,True,unpaywall,https://journals.agh.edu.pl/csci/article/download/3932/2533,publisher
338,10.1093/jrsssc/qlac006,False,,,
339,10.1080/03610918.2024.2443782,False,,,
340,10.1007/s00180-018-0808-9,False,,,
342,10.1002/sim.7254,True,unpaywall,https://www.ncbi.nlm.nih.gov/pmc/articles/5457356,repository
343,10.1016/j.jspi.2021.11.003,False,,,
344,,False,,,sin_doi
345,10.1007/s12561-015-9137-5,False,,,
346,10.1002/sim.70694,True,unpaywall,https://onlinelibrary.wiley.com/doi/pdfdirect/10.1002/sim.70694,publisher
347,10.1007/s41237-019-00079-3,False,,,
348,10.5705/ss.202021.0223,True,semantic_scholar,http://arxiv.org/pdf/2203.04602,
349,,False,,,sin_doi
350,10.1109/ICCCBDA64898.2025.11030474,False,,,
351,10.1214/25-EJS2458,True,unpaywall,https://projecteuclid.org/journals/electronic-journal-of-statistics/volume-19/issue-2/Inference-for-dependent-error-functional-data-Covariance-function/10.1214/25-EJS2458.pdf,publisher
352,10.1016/j.jspi.2020.11.012,True,semantic_scholar,https://arxiv.org/pdf/1808.01236,
353,10.1177/09622802261457281,True,unpaywall,https://doi.org/10.1177/09622802261457281,publisher
354,10.1093/biomtc/ujae164,False,,,
355,10.1093/biomet/asae068,True,unpaywall,https://academic.oup.com/biomet/advance-article-pdf/doi/10.1093/biomet/asae068/61257975/asae068.pdf,publisher
356,10.1080/00949655.2019.1583228,False,,,
357,10.1214/25-EJS2410,True,unpaywall,https://projecteuclid.org/journals/electronic-journal-of-statistics/volume-19/issue-2/Simultaneous-inference-for-covariance-function-of-next-generation-functional-data/10.1214/25-EJS2410.pdf,publisher
358,10.18637/jss.v085.i09,True,unpaywall,https://www.jstatsoft.org/index.php/jss/article/view/v085i09/v85i09.pdf,publisher
359,10.1080/02664763.2025.2532621,True,unpaywall,https://doi.org/10.1080/02664763.2025.2532621,publisher
360,10.1007/s00180-023-01380-2,True,semantic_scholar,https://arxiv.org/pdf/1910.11258,
361,10.1080/01621459.2021.2020126,True,unpaywall,https://figshare.com/articles/journal_contribution/A_Wavelet-Based_Independence_Test_for_Functional_Data_with_an_Application_to_MEG_Functional_Connectivity/17308519,repository
362,10.1002/sim.10209,True,unpaywall,https://onlinelibrary.wiley.com/doi/pdfdirect/10.1002/sim.10209,publisher
364,10.1016/j.spa.2019.10.006,True,unpaywall,https://cris.maastrichtuniversity.nl/en/publications/a43e3026-07bc-47cd-abf9-9c9e37c4d0ac,repository
365,10.1080/02664763.2023.2197587,True,unpaywall,https://pmc.ncbi.nlm.nih.gov/articles/PMC11146262/pdf/CJAS_51_2197587.pdf,repository
366,10.1016/j.csda.2020.106912,True,semantic_scholar,https://www.sciencedirect.com/science/article/am/pii/S0167947320300037,
367,10.1109/TEMSCON-ASPAC65329.2025.11512241,False,,,
368,10.1214/22-BJPS536,True,unpaywall,https://doi.org/10.1214/22-BJPS536,repository
369,10.5705/ss.202017.0262,False,,,
370,10.1007/s00362-024-01645-y,True,unpaywall,https://lirias.kuleuven.be/retrieve/4f818a2c-7b05-462d-969f-ffe3d535612a,repository
371,10.1093/jssam/smz009,True,unpaywall,https://arxiv.org/pdf/1806.09949,repository
372,10.1016/j.csda.2025.108308,True,unpaywall,https://doi.org/10.1016/j.csda.2025.108308,publisher
373,10.1007/s10182-022-00463-7,True,unpaywall,https://link.springer.com/content/pdf/10.1007/s10182-022-00463-7.pdf,publisher
374,10.1093/biostatistics/kxy034,True,unpaywall,https://www.ncbi.nlm.nih.gov/pmc/articles/6920529,repository
376,10.1007/s11222-017-9744-8,True,unpaywall,https://link.springer.com/content/pdf/10.1007/s11222-017-9744-8.pdf,publisher
377,10.1007/s41060-019-00197-x,True,unpaywall,https://hal.science/hal-02332081/document,repository
378,10.3390/math11204358,True,unpaywall,https://www.mdpi.com/2227-7390/11/20/4358/pdf?version=1697789389,publisher
379,10.1080/10618600.2020.1713797,False,,,
380,10.1177/1471082X19871157,True,unpaywall,https://arxiv.org/pdf/2402.05194,repository
381,10.1093/jrsssa/qnaf144,True,unpaywall,https://doi.org/10.1093/jrsssa/qnaf144,publisher
382,10.1080/03610926.2023.2246089,True,unpaywall,https://figshare.com/articles/dataset/Estimation_of_a_clustering_model_for_non_Gaussian_functional_data/23989168,repository
383,10.1080/10618600.2025.2592768,True,unpaywall,https://www.tandfonline.com/doi/pdf/10.1080/10618600.2025.2592768,publisher
384,10.1007/s00180-020-01058-z,True,unpaywall,https://arxiv.org/pdf/2012.05313,repository
385,10.1016/j.csda.2018.12.002,True,semantic_scholar,https://arxiv.org/pdf/1706.02353,
386,10.1111/biom.13646,True,unpaywall,https://onlinelibrary.wiley.com/doi/pdfdirect/10.1111/biom.13646,publisher
387,10.1111/biom.12706,True,unpaywall,https://www.ncbi.nlm.nih.gov/pmc/articles/5677589,repository
388,10.1093/biomtc/ujag111,False,,,
389,10.1214/19-AOS1895,True,unpaywall,https://projecteuclid.org/journals/annals-of-statistics/volume-48/issue-5/Testing-for-stationarity-of-functional-time-series-in-the-frequency/10.1214/19-AOS1895.pdf,publisher
390,10.1002/qre.2415,False,,,
391,10.1080/10618600.2023.2257256,True,semantic_scholar,https://arxiv.org/pdf/2107.14728,
392,10.1080/02331888.2018.1547905,False,,,
393,10.1111/rssb.12255,False,,,
394,10.1007/s00180-025-01685-4,False,,,
395,10.1016/j.jmva.2021.104895,False,,,
396,10.1016/j.ijar.2025.109493,True,unpaywall,https://doi.org/10.1016/j.ijar.2025.109493,publisher
397,10.1080/03610918.2019.1580731,True,unpaywall,https://figshare.com/articles/Robust_multivariate_functional_discriminant_coordinates/8869436,repository
398,10.1080/03610918.2025.2477716,False,,,
399,10.1109/CAC57257.2022.10054923,False,,,
400,10.1007/s00362-023-01505-1,False,,,
401,10.1016/j.cagd.2023.102220,True,semantic_scholar,https://arxiv.org/pdf/2303.17299,
402,10.1080/03610926.2025.2495347,False,,,
403,10.1016/j.csda.2024.108122,True,semantic_scholar,http://arxiv.org/pdf/2405.03041,
404,10.5705/ss.202017.0491,False,,,
405,10.1111/biom.12641,False,,,
406,10.1080/03610918.2017.1353619,False,,,
407,10.1080/03610918.2025.2453474,False,,,
408,10.3390/math11132961,True,unpaywall,https://www.mdpi.com/2227-7390/11/13/2961/pdf?version=1688373884,publisher
409,10.1109/iThings/GreenCom/CPSCom/SmartData.2019.00087,False,,,
410,10.3390/risks8030067,True,unpaywall,https://www.mdpi.com/2227-9091/8/3/67/pdf?version=1593684363,publisher
411,,False,,,sin_doi
412,10.1214/21-AOAS1513,True,unpaywall,https://arxiv.org/pdf/1901.07976,repository
413,10.1002/sim.7694,True,unpaywall,https://onlinelibrary.wiley.com/doi/pdfdirect/10.1002/sim.7694,publisher
414,10.1002/sta4.245,True,unpaywall,https://doi.org/10.1002/sta4.245,publisher
415,10.1111/biom.13706,True,unpaywall,https://onlinelibrary.wiley.com/doi/pdfdirect/10.1111/biom.13706,publisher
416,10.1007/s10651-019-00436-1,True,unpaywall,https://arxiv.org/pdf/1912.06995,repository
417,10.1080/02331888.2024.2402069,False,,,
418,10.1002/sim.9654,True,unpaywall,https://onlinelibrary.wiley.com/doi/pdfdirect/10.1002/sim.9654,publisher
419,10.1002/bimj.201500027,True,unpaywall,https://lirias.kuleuven.be/retrieve/7d4d2c9d-2a18-4880-aad5-10b739f3ca0d,repository
420,10.1002/sim.10238,True,unpaywall,https://pmc.ncbi.nlm.nih.gov/articles/PMC11977557/pdf/nihms-2048898.pdf,repository
421,10.1007/s12561-024-09419-8,True,unpaywall,https://escholarship.org/content/qt6sf5h9nw/qt6sf5h9nw.pdf?t=sfbne1,repository
423,10.1007/978-3-031-09034-9_4,True,unpaywall,https://link.springer.com/content/pdf/10.1007/978-3-031-09034-9_4.pdf,publisher
424,10.3390/math13223616,True,unpaywall,https://www.mdpi.com/2227-7390/13/22/3616/pdf?version=1762855656,publisher
425,10.1080/02664763.2018.1523378,False,,,
426,10.1007/s11222-025-10578-x,True,semantic_scholar,https://www.researchsquare.com/article/rs-5053327/latest.pdf,
427,,False,,,sin_doi
428,10.1016/j.csda.2025.108169,True,unpaywall,https://doi.org/10.1016/j.csda.2025.108169,publisher
429,10.1016/j.csda.2022.107556,True,unpaywall,https://arxiv.org/pdf/2007.00529,repository
430,10.1080/01621459.2017.1286241,True,semantic_scholar,https://arxiv.org/pdf/1602.03990,
431,10.1016/j.csda.2025.108200,True,semantic_scholar,http://arxiv.org/pdf/2407.00859,
432,10.1016/j.csda.2017.11.002,True,unpaywall,https://arxiv.org/pdf/1609.07007,repository
433,10.1007/978-3-030-21158-5_6,False,,,
434,10.1080/02664763.2026.2680085,True,unpaywall,https://doi.org/10.1080/02664763.2026.2680085,publisher
435,10.5705/ss.202017.0208,True,semantic_scholar,https://arxiv.org/pdf/1612.07490,
436,10.1016/j.jmva.2018.02.001,False,,,
437,10.1080/19466315.2018.1458649,False,,,
438,10.5705/ss.202020.0084,True,unpaywall,https://arxiv.org/pdf/2011.10576,repository
439,10.1007/s41237-025-00275-4,False,,,
440,10.1002/cjs.11673,True,unpaywall,https://arxiv.org/pdf/2101.03268,repository
441,10.1007/s00362-019-01147-2,False,,,
442,10.1016/j.jmva.2018.09.009,True,semantic_scholar,https://doi.org/10.1016/j.jmva.2018.09.009,
443,10.1137/16M1108078,True,unpaywall,https://arxiv.org/pdf/1607.08827,repository
444,10.1002/sam.70013,True,unpaywall,https://doi.org/10.1002/sam.70013,publisher
445,10.1080/10485252.2024.2320801,False,,,
446,10.1007/s11222-024-10501-w,False,,,
447,10.1016/j.csda.2023.107900,False,,,
448,10.1080/03610926.2022.2116282,False,,,
449,10.3390/math9111237,True,unpaywall,https://www.mdpi.com/2227-7390/9/11/1237/pdf?version=1622203245,publisher
450,10.1007/s00180-018-00864-w,True,unpaywall,https://hal.science/hal-03023293,repository
451,,False,,,sin_doi
452,10.1080/02331888.2020.1862114,True,unpaywall,https://figshare.com/articles/journal_contribution/Robust_estimation_with_modified_Huber_s_function_for_functional_linear_models/13482586,repository
453,10.1155/2018/5683539,True,unpaywall,https://downloads.hindawi.com/journals/mpe/2018/5683539.pdf,publisher
454,10.1109/MMAR62187.2024.10680782,False,,,
455,10.1002/wics.1507,False,,,
457,10.1080/00949655.2024.2419864,False,,,
458,10.1016/j.jmva.2025.105428,True,unpaywall,https://escholarship.org/content/qt7jq9g523/qt7jq9g523.pdf,repository
459,10.29220/CSAM.2023.30.3.311,True,unpaywall,http://www.csam.or.kr/journal/download_pdf.php?doi=10.29220/CSAM.2023.30.3.311,publisher
460,10.1016/j.jeconom.2019.03.007,False,,,
461,10.1007/s00180-020-01042-7,True,unpaywall,https://arxiv.org/pdf/1905.06858,repository
462,10.1016/j.csda.2018.08.017,False,,,
463,10.1007/s00357-019-09313-9,False,,,
464,10.1080/10618600.2026.2634830,False,,,
465,10.1080/00949655.2021.1979550,False,,,
467,10.1111/biom.13156,True,unpaywall,https://arxiv.org/pdf/2106.02718,repository
468,10.1515/ijb-2023-0029,True,unpaywall,https://pmc.ncbi.nlm.nih.gov/articles/PMC12247787/pdf/ijb-21-1-ijb-2023-0029.pdf,repository
469,10.12012/CJoE2020-0037,False,,,
470,10.1016/j.jmva.2024.105402,False,,,
471,10.1214/25-EJS2428,True,unpaywall,https://doi.org/10.1214/25-ejs2428,publisher
472,10.1016/j.jmva.2022.105043,True,unpaywall,https://eprints.gla.ac.uk/view/author/83039.html>,repository
473,10.1007/s11004-024-10142-9,True,unpaywall,https://doi.org/10.1007/s11004-024-10142-9,publisher
474,10.1007/s00362-023-01510-4,False,,,
475,10.1109/TPAMI.2017.2745568,True,unpaywall,https://arxiv.org/pdf/1612.02203,repository
476,10.1002/cjs.11585,False,,,
477,10.1214/25-EJS2350,True,unpaywall,https://doi.org/10.1214/25-ejs2350,publisher
478,10.1080/00949655.2021.2002329,False,,,
480,10.1111/biom.13902,True,unpaywall,https://onlinelibrary.wiley.com/doi/pdfdirect/10.1111/biom.13902,publisher
481,10.3150/23-BEJ1695,True,semantic_scholar,https://arxiv.org/pdf/2402.05438,
482,10.1007/s00362-018-0980-6,False,,,
483,10.1007/s41237-018-0066-8,True,semantic_scholar,https://link.springer.com/content/pdf/10.1007/s41237-018-0066-8.pdf,
484,10.1080/10618600.2020.1807994,True,unpaywall,https://figshare.com/articles/journal_contribution/Functional_regression_for_densely_observed_data_with_novel_regularization/12844490,repository
485,10.1016/j.apm.2023.07.018,False,,,
486,10.1080/10618600.2023.2165498,True,unpaywall,https://arxiv.org/pdf/2104.09371,repository
487,10.3934/math.2021633,True,unpaywall,https://doi.org/10.3934/math.2021633,publisher
488,10.1080/10618600.2025.2612629,False,,,
489,10.1080/00949655.2026.2613297,True,unpaywall,https://www.tandfonline.com/doi/pdf/10.1080/00949655.2026.2613297?needAccess=true,publisher
490,10.1080/10618600.2019.1604373,False,,,
491,10.4310/SII.250522053330,False,,,
493,10.1080/01621459.2020.1844211,False,,,
495,10.1007/s00362-026-01806-1,False,,,
498,10.1111/sjos.12586,True,unpaywall,https://arxiv.org/pdf/2008.00782,repository
499,10.1016/j.spasta.2024.100832,False,,,
500,10.1007/s00180-015-0555-0,True,unpaywall,https://link.springer.com/content/pdf/10.1007/s00180-015-0555-0.pdf,publisher
502,10.1002/env.1071,True,semantic_scholar,https://arxiv.org/pdf/0911.1189,
503,10.1111/1467-9868.00233,True,semantic_scholar,https://cdr.lib.unc.edu/downloads/c821gv30k,
504,10.1007/s10651-015-0317-8,False,,,
505,10.1214/11-BA603,True,unpaywall,https://projecteuclid.org/journals/bayesian-analysis/volume-6/issue-1/Reduced-rank-regression-models-with-latent-variables-in-Bayesian-functional/10.1214/11-BA603.pdf,publisher
506,10.1002/env.696,False,,,
507,10.1191/0962280204sm352ra,False,,,
508,10.1111/1467-9868.00367,False,,,
509,10.1080/10485250903323180,False,,,
510,10.1111/j.1541-0420.2012.01765.x,True,unpaywall,https://kar.kent.ac.uk/31315/1/FMM_Classification_July2011.pdf,repository
511,10.1016/j.jspi.2011.01.027,False,,,
512,10.1146/annurev-statistics-010814-020413,True,unpaywall,https://www.annualreviews.org/doi/pdf/10.1146/annurev-statistics-010814-020413,publisher
513,10.1198/016214508000000373,False,,,
514,,False,,,sin_doi
515,10.1111/j.1467-9868.2010.00752.x,True,semantic_scholar,https://doi.org/10.2139/ssrn.1376237,
516,10.1002/env.2147,False,,,
517,10.1198/016214506000000825,False,,,
518,10.1016/j.csda.2006.09.034,True,unpaywall,https://www.ncbi.nlm.nih.gov/pmc/articles/2084351,repository
519,10.1214/12-AOAS551,True,unpaywall,https://arxiv.org/pdf/1209.6172,repository
520,10.1214/13-AOAS649,True,unpaywall,https://projecteuclid.org/journals/annals-of-applied-statistics/volume-7/issue-3/Robust-regularized-singular-value-decomposition-with-application-to-mortality-data/10.1214/13-AOAS649.pdf,publisher
521,10.1016/j.jmva.2006.10.004,True,semantic_scholar,https://doi.org/10.1016/j.jmva.2006.10.004,
522,10.1080/10618600.2014.925458,True,semantic_scholar,https://figshare.com/ndownloader/files/1533704,
523,10.1111/j.1541-0420.2007.00761.x,False,,,
524,10.1198/016214503000000422,True,semantic_scholar,https://citeseerx.ist.psu.edu/viewdoc/download?doi=10.1.1.226.4622&rep=rep1&type=pdf,
525,10.1016/j.csda.2014.01.011,False,,,
526,10.1007/978-3-319-40643-5_15,False,,,
528,10.1137/140970148,True,unpaywall,https://doi.org/10.1137/140970148,publisher
529,10.1007/s00362-014-0619-1,False,,,
530,10.1214/009053607000000163,True,unpaywall,https://projecteuclid.org/journals/annals-of-statistics/volume-35/issue-5/Computer-model-validation-with-functional-output/10.1214/009053607000000163.pdf,publisher
531,10.1093/biostatistics/kxu045,True,unpaywall,https://academic.oup.com/biostatistics/article-pdf/16/2/352/5027361/kxu045.pdf,publisher
532,10.1214/16-EJS1123,True,unpaywall,https://doi.org/10.1214/16-ejs1123,publisher
534,10.1016/j.mcm.2013.04.007,True,unpaywall,https://www.sciencedirect.com/science/article/pii/S0895717713001775/pdf,publisher
535,10.1080/00401706.2013.863163,False,,,
536,10.1002/sim.2195,False,,,
537,10.1007/s00180-012-0389-y,False,,,
538,10.2307/3315928,False,,,
539,10.1590/S0101-82052005000200004,True,unpaywall,https://www.scielo.br/j/cam/a/HpLS4bZQPDs6c9k5BcHL8vb/?lang=en&format=pdf,publisher
540,10.2307/3316142,False,,,
541,10.1111/j.1467-9876.2007.00592.x,True,unpaywall,https://academic.oup.com/jrsssc/article-pdf/56/5/571/50008302/jrsssc_56_5_571.pdf,publisher
542,,False,,,sin_doi
543,10.1007/s11336-015-9473-x,False,,,
544,10.1080/01621459.2016.1165104,True,unpaywall,https://arxiv.org/pdf/1411.0764,repository
546,10.1002/cem.1129,True,unpaywall,https://onlinelibrary.wiley.com/doi/pdfdirect/10.1002/cem.1129,publisher
547,10.1016/j.csda.2011.01.001,False,,,
548,10.1080/03610920802105176,False,,,
551,10.1080/00401706.2013.765316,True,semantic_scholar,http://arxiv.org/pdf/1102.2773,
552,10.1080/03610918.2014.932803,False,,,
554,,False,,,sin_doi
555,10.1007/978-3-319-23528-8_2,True,semantic_scholar,https://link.springer.com/content/pdf/10.1007/978-3-319-23528-8_2.pdf,
557,10.1007/978-3-642-21037-2_19,False,,,
558,10.1007/s13253-009-0012-z,True,unpaywall,http://hdl.handle.net/2117/2167,repository
559,10.1080/10485250500303015,True,semantic_scholar,http://arxiv.org/pdf/math/0703056,
560,10.1109/ICNC.2012.6234583,False,,,
561,10.1080/03610920902947246,False,,,
562,10.1016/j.jspi.2007.03.053,False,,,
563,10.2202/1557-4679.1190,True,unpaywall,https://www.degruyter.com/document/doi/10.2202/1557-4679.1190/pdf,publisher
564,10.1109/IVS.2013.6629594,False,,,
565,10.1016/j.csda.2016.05.017,False,,,
566,10.1198/jcgs.2009.06109,True,unpaywall,https://www.ncbi.nlm.nih.gov/pmc/articles/2836603,repository
567,10.1198/016214507000001139,False,,,
568,10.1007/s11135-012-9665-8,False,,,
569,10.1007/s11634-012-0112-4,False,,,
570,10.1016/j.csda.2015.04.002,True,unpaywall,https://arxiv.org/pdf/1411.4170,repository
571,10.1007/3-540-45468-3_113,True,unpaywall,https://link.springer.com/content/pdf/10.1007/3-540-45468-3_113.pdf,publisher
572,10.1111/biom.12705,True,unpaywall,https://www.ncbi.nlm.nih.gov/pmc/articles/5634932,repository
573,10.1016/j.spa.2013.03.015,True,unpaywall,https://www.sciencedirect.com/science/article/pii/S0304414913000793/pdf,publisher
574,10.1080/10618600.2012.679241,True,unpaywall,https://www.ncbi.nlm.nih.gov/pmc/articles/3685865,repository
576,10.1198/016214508000000247,False,,,
577,10.1111/j.1467-9876.2007.00605.x,False,,,
578,10.1111/j.1467-9574.2012.00522.x,True,unpaywall,http://hdl.handle.net/10234/76907,repository
579,10.1137/15M1008592,True,semantic_scholar,http://optimallearning.princeton.edu/Papers/Jamshidi Powell - Recursive local polynomial approximation method using DC-RBF Feb162013.pdf,
581,10.1080/00401706.2013.805662,False,,,
582,10.1007/s11336-016-9521-1,True,unpaywall,http://escholarship.mcgill.ca/downloads/j6731748w,repository
584,10.1007/s10182-010-0147-9,False,,,
585,10.1111/j.1541-0420.2007.00895.x,True,unpaywall,https://www.ncbi.nlm.nih.gov/pmc/articles/2659628,repository
586,10.1198/jasa.2010.tm09313,True,unpaywall,https://www.ncbi.nlm.nih.gov/pmc/articles/2915777,repository
587,10.1080/10618600.1999.10474847,False,,,
588,10.1142/S0219691313500033,True,unpaywall,https://arxiv.org/pdf/1101.4744,repository
589,10.1007/s11749-014-0392-4,True,semantic_scholar,https://doi.org/10.2139/ssrn.2892642,
591,10.1002/sim.4236,True,unpaywall,https://www.ncbi.nlm.nih.gov/pmc/articles/3115522,repository
592,10.1111/j.1541-0420.2012.01788.x,True,unpaywall,https://www.ncbi.nlm.nih.gov/pmc/articles/3530663,repository
593,10.1111/1467-9868.00129,True,unpaywall,https://academic.oup.com/jrsssb/article-pdf/60/2/351/49589079/jrsssb_60_2_351.pdf,publisher
594,10.1007/s00180-015-0636-0,False,,,
595,10.1111/j.1467-9868.2006.00561.x,False,,,
596,10.1214/13-AOS1086,True,unpaywall,https://arxiv.org/pdf/1305.2073,repository
598,10.1002/env.2414,True,unpaywall,https://arxiv.org/pdf/1402.1740.pdf,repository
599,10.1007/s10463-014-0488-3,False,,,
600,10.1007/s00180-014-0503-4,True,unpaywall,https://www.ncbi.nlm.nih.gov/pmc/articles/11192549,repository
601,10.1080/02664760802061970,False,,,
602,10.1016/j.csda.2007.09.002,False,,,
603,10.1002/9780470057339.vnn051,False,,,
604,10.1214/14-AOAS776,True,unpaywall,https://projecteuclid.org/journals/annals-of-applied-statistics/volume-9/issue-2/Wavelet-based-genetic-association-analysis-of-functional-phenotypes-arising-from/10.1214/14-AOAS776.pdf,publisher
605,10.1080/01621459.2000.10473894,False,,,
606,10.1002/sim.6241,True,unpaywall,https://www.ncbi.nlm.nih.gov/pmc/articles/4221481,repository
607,10.1111/j.1467-9876.2012.01062.x,True,unpaywall,https://academic.oup.com/jrsssc/article-pdf/62/3/401/49562568/jrsssc_62_3_401.pdf,publisher
608,10.1007/s00357-003-0007-3,False,,,
609,10.1002/bimj.201000135,False,,,
610,10.1080/01621459.2013.793118,True,unpaywall,https://www.ncbi.nlm.nih.gov/pmc/articles/3755785,repository
611,10.1214/12-AOS1033,True,unpaywall,https://projecteuclid.org/journals/annals-of-statistics/volume-40/issue-5/Sampled-forms-of-functional-PCA-in-reproducing-kernel-Hilbert-spaces/10.1214/12-AOS1033.pdf,publisher
612,10.1214/08-EJS172,True,unpaywall,https://projecteuclid.org/journals/electronic-journal-of-statistics/volume-2/issue-none/A-powerful-test-based-on-tapering-for-use-in-functional/10.1214/08-EJS172.pdf,publisher
614,10.1007/s00184-010-0327-3,False,,,
615,10.1016/j.csda.2014.05.010,False,,,
616,10.1007/s00357-011-9082-z,False,,,
617,10.1285/i20705948v7n2p254,False,,,
618,10.1111/1467-9469.00350,False,,,
619,10.1016/j.jmva.2015.06.007,True,unpaywall,https://www.sciencedirect.com/science/article/pii/S0047259X15001529/pdf,publisher
620,10.1214/11-AOS958,True,unpaywall,https://projecteuclid.org/journals/annals-of-statistics/volume-40/issue-1/Methodology-and-theory-for-partial-least-squares-applied-to-functional/10.1214/11-AOS958.pdf,publisher
621,10.1198/jasa.2010.ap08713,True,unpaywall,https://www.ncbi.nlm.nih.gov/pmc/articles/3007089,repository
622,10.1016/j.csda.2008.05.008,True,unpaywall,https://www.ncbi.nlm.nih.gov/pmc/articles/2994020,repository
623,10.1198/016214507000000455,False,,,
624,10.1007/978-3-319-59623-5_2,False,,,
625,10.1111/biom.12457,False,,,
627,10.1016/j.mbs.2014.06.014,False,,,
628,10.1016/j.jspi.2012.01.009,True,unpaywall,https://www.ncbi.nlm.nih.gov/pmc/articles/3298427,repository
629,10.1111/sjos.12075,True,semantic_scholar,http://people.orie.cornell.edu/davidr/papers/pLRT.pdf,
630,10.1016/j.csda.2011.03.018,True,semantic_scholar,https://figshare.com/articles/journal_contribution/Description_Length_and_Dimensionality_Reduction_in_Functional_Data_Analysis/21433368/1/files/38036280.pdf,
631,10.1016/j.mbs.2013.03.011,False,,,
633,10.1198/016214503388619139,False,,,
634,10.1080/01621459.2015.1060241,True,unpaywall,https://www.tandfonline.com/doi/pdf/10.1080/01621459.2015.1060241?needAccess=true,publisher
635,10.1080/10618600.2012.733549,True,unpaywall,https://www.ncbi.nlm.nih.gov/pmc/articles/3964810,repository
636,10.1214/10-AOAS407,True,unpaywall,https://projecteuclid.org/journals/annals-of-applied-statistics/volume-5/issue-2A/Automated-analysis-of-quantitative-image-data-using-isomorphic-functional-mixed/10.1214/10-AOAS407.pdf,publisher
637,10.1007/978-3-540-32691-5_16,False,,,
638,10.1214/15-AOAS852,True,unpaywall,https://projecteuclid.org/journals/annals-of-applied-statistics/volume-9/issue-3/Joint-modeling-of-longitudinal-drug-using-pattern-and-time-to/10.1214/15-AOAS852.pdf,publisher
639,10.1111/biom.12135,False,,,
640,10.1016/j.jmva.2011.08.005,True,unpaywall,https://www.sciencedirect.com/science/article/pii/S0047259X11001643/pdf,publisher
641,10.1109/ICMSAO.2011.5775506,False,,,
642,10.1198/073500106000000477,False,,,
643,10.1214/08-EJS218,True,unpaywall,https://projecteuclid.org/journals/electronic-journal-of-statistics/volume-2/issue-none/Functional-principal-components-analysis-via-penalized-rank-one-approximation/10.1214/08-EJS218.pdf,publisher
645,10.1007/s11749-012-0307-1,True,unpaywall,http://hdl.handle.net/10481/72954,repository
647,10.1111/j.1467-9868.2006.00545.x,True,unpaywall,https://academic.oup.com/jrsssb/article-pdf/68/2/305/49794706/jrsssb_68_2_305.pdf,publisher
648,10.1002/sim.1068,False,,,
649,10.1016/S0922-3487(00)80041-6,False,,,
650,10.1111/j.1467-9868.2006.00539.x,True,unpaywall,https://academic.oup.com/jrsssb/article-pdf/68/2/179/49794657/jrsssb_68_2_179.pdf,publisher
651,10.1007/978-3-540-73007-1_125,False,,,
652,10.1023/A:1014022210828,False,,,
653,10.1111/rssb.12009,True,unpaywall,https://academic.oup.com/jrsssb/article-pdf/75/4/681/49507113/jrsssb_75_4_681.pdf,publisher
654,10.1007/s11222-014-9485-x,True,unpaywall,https://arxiv.org/pdf/1306.5718,repository
655,10.1007/s00180-014-0548-4,True,semantic_scholar,https://biostats.bepress.com/cgi/viewcontent.cgi?article=1261&context=jhubiostat,
657,10.1080/02664763.2014.938224,True,semantic_scholar,http://arxiv.org/pdf/1310.4066,
658,10.1111/j.1541-0420.2007.00829.x,True,unpaywall,https://www.ncbi.nlm.nih.gov/pmc/articles/5598470,repository
659,10.1002/env.914,False,,,
660,10.1115/DETC2008-49662,False,,,
661,10.1007/s00357-007-0013-y,False,,,
662,10.1016/j.amc.2013.02.009,True,unpaywall,https://www.sciencedirect.com/science/article/pii/S0096300313001252,publisher
663,10.1142/9789814366571_0009,False,,,
664,10.1016/j.csda.2007.12.014,False,,,
665,10.1016/j.ejor.2004.01.010,False,,,
666,10.1007/978-3-642-21566-7_8,False,,,
667,10.1111/j.1541-0420.2011.01591.x,True,unpaywall,https://hdl.handle.net/2027.42/89505,repository
668,10.1111/j.1467-9868.2008.00695.x,False,,,
669,10.1111/sjos.12218,True,unpaywall,https://www.ncbi.nlm.nih.gov/pmc/articles/5079448,repository
671,10.1007/BF02789706,False,,,
672,10.1016/j.csda.2014.11.017,True,unpaywall,https://www.ncbi.nlm.nih.gov/pmc/articles/4620087,repository
673,10.1198/jasa.2010.tm08737,True,unpaywall,https://www.ncbi.nlm.nih.gov/pmc/articles/2853971,repository
674,10.1002/0470011815.b2a12045,False,,,
675,10.1214/14-BA925,True,unpaywall,https://projecteuclid.org/journals/bayesian-analysis/volume-11/issue-1/Bayesian-Clustering-of-Functional-Data-Using-Local-Features/10.1214/14-BA925.pdf,publisher
676,10.1111/j.1541-0420.2012.01828.x,False,,,
677,10.1002/sim.5439,True,unpaywall,https://www.ncbi.nlm.nih.gov/pmc/articles/3966027,repository
678,10.1007/978-3-319-59623-5_1,False,,,
679,10.1016/j.csda.2012.05.019,False,,,
680,10.1111/j.1541-0420.2009.01283.x,True,unpaywall,https://www.ncbi.nlm.nih.gov/pmc/articles/3042776,repository
682,10.1023/B:STCO.0000039485.52129.ed,True,unpaywall,https://hdl.handle.net/2027.42/47977,repository
683,10.1007/s11634-013-0158-y,True,unpaywall,http://hdl.handle.net/20.500.12210/29346,repository
684,10.1201/b19706,False,,,
685,10.5705/ss.2014.035,False,,,
686,10.1093/biomet/ast004,True,unpaywall,https://academic.oup.com/biomet/article-pdf/100/3/607/853372/ast004.pdf,publisher
687,10.1198/jcgs.2009.07176,True,unpaywall,https://doi.org/10.5282/ubm/epub.2097,repository
688,10.1093/biomet/asu054,True,semantic_scholar,http://arxiv.org/pdf/1203.1975.pdf,
689,10.1198/jcgs.2009.08011,True,semantic_scholar,http://arxiv.org/pdf/0710.5343,
690,10.1080/00949650701836765,True,unpaywall,https://repositorio.uam.es/bitstream/10486/7108/1/40951_Baillo07.pdf,repository
691,10.1016/j.spasta.2016.09.006,True,unpaywall,https://arxiv.org/pdf/1506.00137,repository
692,10.1002/cjs.10104,False,,,
693,10.1214/09-AOS767,True,unpaywall,https://projecteuclid.org/journals/annals-of-statistics/volume-38/issue-3/On-convergence-rates-equivalency-and-sampling-strategies-in-functional-deconvolution/10.1214/09-AOS767.pdf,publisher
694,10.1016/j.jspi.2003.06.003,False,,,
695,10.1214/12-EJS676,True,unpaywall,https://projecteuclid.org/journals/electronic-journal-of-statistics/volume-6/issue-none/Structured-penalties-for-functional-linear-modelspartially-empirical-eigenvectors-for-regression/10.1214/12-EJS676.pdf,publisher
696,10.1080/10485252.2011.638071,True,unpaywall,https://www.ncbi.nlm.nih.gov/pmc/articles/3365609,repository
697,10.1198/016214506000000942,False,,,
699,10.1214/14-EJS967,True,unpaywall,https://projecteuclid.org/journals/electronic-journal-of-statistics/volume-8/issue-2/Simultaneous-confidence-bands-for-derivatives-of-dependent-functional-data/10.1214/14-EJS967.pdf,publisher
700,10.1007/bf03354615,False,,,
701,10.1007/s11634-013-0126-6,False,,,
702,10.1093/biostatistics/kxj003,True,semantic_scholar,https://academic.oup.com/biostatistics/article-pdf/7/2/225/656109/kxj003.pdf,
703,10.1002/env.2344,True,unpaywall,https://www.ncbi.nlm.nih.gov/pmc/articles/4493908,repository
704,10.1007/s11004-011-9317-x,False,,,
705,10.1016/S0169-7161(05)25011-3,True,unpaywall,https://www.sciencedirect.com/science/article/pii/S0169716105250113,publisher
706,10.1109/SSP.2011.5967819,True,unpaywall,https://telecom-paris.hal.science/hal-02107325,repository
707,10.1111/rssb.12007,True,unpaywall,https://academic.oup.com/jrsssb/article-pdf/75/3/577/49513811/jrsssb_75_3_577.pdf,publisher
708,10.1111/biom.12278,True,unpaywall,https://www.ncbi.nlm.nih.gov/pmc/articles/4479975,repository
709,10.1007/s10651-012-0210-7,True,unpaywall,http://hdl.handle.net/10446/900,repository
710,,False,,,sin_doi
711,10.1111/j.1467-9868.2005.00530.x,True,unpaywall,https://academic.oup.com/jrsssb/article-pdf/68/1/3/49794869/jrsssb_68_1_3.pdf,publisher
713,10.1016/j.jmva.2009.03.005,True,semantic_scholar,https://doi.org/10.1016/j.jmva.2009.03.005,
714,,False,,,sin_doi
715,10.1080/01621459.2015.1042581,True,unpaywall,https://www.ncbi.nlm.nih.gov/pmc/articles/5176110,repository
716,10.1198/016214505000000673,False,,,
717,10.1007/s11222-014-9473-1,True,unpaywall,https://arxiv.org/pdf/1310.5811,repository
718,10.1198/00401700152404273,False,,,
719,10.1016/j.spl.2011.11.027,False,,,
720,10.1016/j.jspi.2010.04.044,False,,,
721,10.1093/biomet/asn035,True,unpaywall,https://www.ncbi.nlm.nih.gov/pmc/articles/2672432,repository
722,10.1080/01621459.2014.885434,True,unpaywall,https://www.ncbi.nlm.nih.gov/pmc/articles/4215517,repository
723,10.1016/j.csda.2009.03.027,False,,,
724,10.1111/biom.12011,True,unpaywall,https://www.ncbi.nlm.nih.gov/pmc/articles/3718453,repository
725,10.1080/03610918.2010.491586,True,unpaywall,https://catalog.lib.kyushu-u.ac.jp/opac_download_md/14687/MI2009-19.pdf,repository
726,,False,,,sin_doi
727,10.1198/jasa.2009.0115,False,,,
728,10.1177/1471082X16681317,False,,,
729,10.1007/s00180-007-0051-2,True,unpaywall,http://hdl.handle.net/10481/72993,repository
730,10.1002/sim.2306,True,semantic_scholar,https://figshare.com/articles/journal_contribution/Forecasting_age-specific_breast_cancer_mortality_using_functional_data_models/5090305/1/files/8628262.pdf,
731,,False,,,sin_doi
732,,False,,,sin_doi
733,10.1111/j.1541-0420.2010.01524.x,False,,,
734,10.1080/10618600.2013.827986,False,,,
735,10.1007/978-3-642-11363-5_40,False,,,
736,10.1007/s00357-010-9054-8,False,,,
737,10.1177/1471082X15617594,False,,,
738,10.1016/j.ejor.2006.08.030,False,,,
739,10.1007/s001800050025,False,,,
740,10.1080/03610918.2013.804555,False,,,
741,10.1007/s13253-015-0212-7,True,semantic_scholar,http://www4.stat.ncsu.edu/%7Estaicu/papers/JABES_binaryFD.pdf,
742,10.1198/jasa.2011.tm10370,True,unpaywall,https://kar.kent.ac.uk/31316/1/RFMM_JASA_revised_unblinded.pdf,repository
743,10.1198/016214507000000527,False,,,
744,10.1111/biom.12161,True,unpaywall,https://www.ncbi.nlm.nih.gov/pmc/articles/4652579,repository
746,10.1007/s12561-010-9024-z,True,unpaywall,https://link.springer.com/content/pdf/10.1007/s12561-010-9024-z.pdf,publisher
747,10.1016/S0167-9473(96)00067-9,False,,,
748,10.1007/978-3-540-32691-5_17,False,,,
749,10.1002/sim.4201,True,unpaywall,https://onlinelibrary.wiley.com/doi/pdfdirect/10.1002/sim.4201,publisher
750,10.1002/cem.1393,False,,,
751,10.1093/biomet/92.2.419,False,,,
752,10.1016/j.knosys.2015.12.016,False,,,
753,10.1080/01621459.2014.957286,True,unpaywall,https://figshare.com/articles/journal_contribution/Joint_Modeling_and_Clustering_Paired_Generalized_Longitudinal_Trajectories_With_Application_to_Cocaine_Abuse_Treatment_Data/1276456,repository
754,10.1080/10618600.2016.1195273,True,unpaywall,https://figshare.com/articles/journal_contribution/Locally_Sparse_Estimator_for_Functional_Linear_Regression_Models/3421900,repository
755,10.1016/j.csda.2009.03.026,True,unpaywall,https://www.ncbi.nlm.nih.gov/pmc/articles/5604261,repository
756,10.1111/j.1541-0420.2010.01534.x,False,,,
757,10.1016/j.csda.2013.03.022,False,,,
758,10.1016/j.jspi.2008.11.002,True,semantic_scholar,https://catalog.lib.kyushu-u.ac.jp/opac_download_md/8726/2007-18.pdf,
759,10.1080/10618600.2012.729985,True,unpaywall,https://www.ncbi.nlm.nih.gov/pmc/articles/3982924,repository
760,10.1002/sim.2981,False,,,
761,10.1007/978-3-540-32691-5_12,False,,,
762,10.1198/016214503000035,False,,,
763,10.1002/env.2198,True,unpaywall,https://www.ncbi.nlm.nih.gov/pmc/articles/3652487,repository
764,10.1007/s10463-007-0161-1,False,,,
765,10.1016/S1570-579X(06)80006-6,False,,,
766,10.1007/978-1-4939-0569-0_11,False,,,
767,10.1007/s00357-005-0013-8,False,,,
768,10.1080/10618600.2014.901914,True,unpaywall,https://www.ncbi.nlm.nih.gov/pmc/articles/4560367,repository
769,10.1198/000313007X171016,True,unpaywall,https://www.ncbi.nlm.nih.gov/pmc/articles/1828125,repository
770,10.1016/j.jmva.2012.10.013,True,unpaywall,http://hdl.handle.net/2078.1/81200,repository
771,10.1016/j.jmva.2016.05.003,True,unpaywall,https://www.sciencedirect.com/science/article/pii/S0047259X16300240/pdf,publisher
772,10.1007/s11222-010-9221-0,False,,,
773,10.1111/j.1541-0420.2005.00505.x,False,,,
774,10.1214/14-AOAS736,True,unpaywall,https://arxiv.org/pdf/1407.8401,repository
775,10.1214/11-AOS898,True,unpaywall,https://projecteuclid.org/journals/annals-of-statistics/volume-39/issue-5/Optimal-estimation-of-the-mean-function-based-on-discretely-sampled/10.1214/11-AOS898.pdf,publisher
776,10.1007/s11009-014-9424-5,True,unpaywall,http://hdl.handle.net/10481/72908,repository
777,10.1016/j.jmva.2003.08.008,False,,,
778,10.1080/02664763.2015.1103706,True,semantic_scholar,https://arxiv.org/pdf/1501.07047,
779,10.1007/s10651-016-0351-1,False,,,
780,10.1080/01621459.2013.826134,True,unpaywall,https://www.ncbi.nlm.nih.gov/pmc/articles/3909538,repository
781,10.1016/j.mcm.2010.03.008,True,semantic_scholar,https://doi.org/10.1016/j.mcm.2010.03.008,
782,10.1016/j.jspi.2010.11.003,True,unpaywall,https://www.ncbi.nlm.nih.gov/pmc/articles/3117473,repository
783,10.2202/1557-4679.1246,True,unpaywall,https://www.degruyter.com/document/doi/10.2202/1557-4679.1246/pdf,publisher
784,10.1080/01621459.2016.1147355,True,unpaywall,https://doi.org/10.1080/01621459.2016.1147355,publisher
785,,False,,,sin_doi
786,10.1080/02664763.2015.1019842,True,unpaywall,https://figshare.com/articles/journal_contribution/Smoothed_functional_canonical_correlation_analysis_of_humidity_and_temperature_data/1381782,repository
787,10.1016/j.csda.2011.12.016,False,,,
788,10.1002/qre.737,False,,,
789,10.1111/rssb.12036,True,unpaywall,https://academic.oup.com/jrsssb/article-pdf/76/3/581/49507884/jrsssb_76_3_581.pdf,publisher
790,,False,,,sin_doi
791,10.1002/0470011815.b2a12053,False,,,
793,10.1080/00401706.2013.879076,True,semantic_scholar,https://arxiv.org/pdf/1103.2486,
794,10.1007/s11634-011-0095-6,True,unpaywall,http://hdl.handle.net/20.500.12210/29348,repository
795,10.1093/bioinformatics/bti254,True,unpaywall,https://academic.oup.com/bioinformatics/article-pdf/21/9/1764/48972688/bioinformatics_21_9_1764.pdf,publisher
796,10.1016/j.jspi.2014.11.007,False,,,
797,10.1007/s11222-013-9425-1,False,,,
798,10.1016/j.jmva.2013.10.019,True,semantic_scholar,https://doi.org/10.1016/j.jmva.2013.10.019,
799,10.1007/s11336-011-9234-4,False,,,
800,10.1214/07-AOS552,True,unpaywall,https://projecteuclid.org/journals/annals-of-statistics/volume-37/issue-1/Functional-deconvolution-in-a-periodic-setting-Uniform-case/10.1214/07-AOS552.pdf,publisher
801,10.1111/j.1541-0420.2007.00758.x,True,unpaywall,https://onlinelibrary.wiley.com/doi/pdfdirect/10.1111/j.1541-0420.2007.00758.x,publisher
802,10.1007/s00357-014-9162-y,True,unpaywall,http://hdl.handle.net/10481/72918,repository
803,10.1002/0470013192.bsa239,False,,,
804,10.1080/01621459.2015.1016225,True,unpaywall,https://www.ncbi.nlm.nih.gov/pmc/articles/4721272,repository
805,10.1002/cem.2849,False,,,
806,10.1002/wics.1394,False,,,
807,10.1016/j.csda.2014.07.001,False,,,
808,10.1080/00207540500539784,False,,,
809,10.1080/01621459.1998.10473763,True,unpaywall,https://www.tandfonline.com/doi/abs/10.1080/01621459.1998.10473763,publisher
810,10.1007/s10651-013-0241-8,False,,,
811,10.1016/j.csda.2006.09.038,False,,,
812,10.1198/016214506000000465,True,unpaywall,https://www.ncbi.nlm.nih.gov/pmc/articles/2630189,repository
813,10.1007/978-3-319-12568-8_99,True,unpaywall,https://link.springer.com/content/pdf/10.1007/978-3-319-12568-8_99.pdf,repository
814,10.1093/biostatistics/kxi020,True,semantic_scholar,http://biostatistics.oxfordjournals.org/content/early/2005/04/14/biostatistics.kxi020.full.pdf,
815,10.1093/biomet/89.1.145,False,,,
816,,False,,,sin_doi
817,10.1080/00207540500222647,False,,,
818,10.1002/env.750,False,,,
819,10.1007/s11222-009-9156-5,False,,,
820,10.1016/j.cam.2012.02.028,True,unpaywall,https://www.sciencedirect.com/science/article/pii/S0377042712000854/pdf,publisher
821,10.1111/biom.12211,False,,,
822,10.1111/j.1541-0420.2009.01233.x,False,,,
823,,False,,,sin_doi
824,10.1093/biomet/asu053,False,,,
825,10.22237/jmasm/1462075980,True,unpaywall,https://digitalcommons.wayne.edu/cgi/viewcontent.cgi?article=1868&context=jmasm,publisher
826,10.1111/j.0006-341X.2001.00253.x,False,,,
827,10.1016/j.jeconom.2016.05.006,True,semantic_scholar,https://www.sciencedirect.com/science/article/am/pii/S0304407616300963,
828,10.1093/biostatistics/kxv015,True,unpaywall,https://academic.oup.com/biostatistics/article-pdf/16/4/754/5022824/kxv015.pdf,publisher
829,10.1080/00224065.2004.11980276,False,,,
830,10.1007/s13571-011-0014-z,False,,,
831,10.1007/s10260-015-0311-1,False,,,
832,10.1016/j.jspi.2013.11.006,False,,,
833,10.1002/env.946,False,,,
835,10.1111/j.1467-9876.2008.00653.x,True,unpaywall,https://academic.oup.com/jrsssc/article-pdf/58/3/285/50008481/jrsssc_58_3_285.pdf,publisher
836,10.1016/j.compbiolchem.2007.05.006,True,unpaywall,https://www.ncbi.nlm.nih.gov/pmc/articles/1992527,repository
837,10.1198/jabes.2009.0004,False,,,
838,10.1016/j.spl.2010.08.020,False,,,
839,10.1007/s11336-012-9268-2,False,,,
840,10.1007/978-3-319-41582-6_15,False,,,
841,10.5705/ss.2010.034,True,unpaywall,https://www.ncbi.nlm.nih.gov/pmc/articles/3583240,repository
842,,False,,,sin_doi
843,10.1016/j.jmva.2008.03.008,True,unpaywall,https://www.sciencedirect.com/science/article/pii/S0047259X08000973/pdf,publisher
844,10.1016/j.jspi.2013.12.008,True,unpaywall,https://arxiv.org/pdf/1305.0274,repository
845,10.1142/S0218127410027805,False,,,
846,,False,,,sin_doi
847,10.1002/sim.2887,True,unpaywall,https://onlinelibrary.wiley.com/doi/pdfdirect/10.1002/sim.2887,publisher
848,10.1214/09-EJS525,True,unpaywall,https://projecteuclid.org/journals/electronic-journal-of-statistics/volume-3/issue-none/Semiparametric-regression-during-20032007/10.1214/09-EJS525.pdf,publisher
849,10.1002/sim.2952,False,,,
850,10.1111/biom.12299,True,unpaywall,https://www.ncbi.nlm.nih.gov/pmc/articles/4575250,repository
851,10.1111/j.1467-9876.2007.00606.x,True,unpaywall,https://onlinelibrary.wiley.com/doi/pdfdirect/10.1111/j.1467-9876.2007.00606.x,publisher
852,10.1007/3-540-27395-6_5,True,unpaywall,https://edoc.hu-berlin.de/bitstreams/86a439da-8e57-4143-aaef-a796a5dc6737/download,repository
853,10.1007/s11336-013-9373-x,False,,,
854,10.1093/biostatistics/kxq003,True,unpaywall,https://www.ncbi.nlm.nih.gov/pmc/articles/2883305,repository
855,10.1080/10485250008832820,False,,,
856,10.1198/jcgs.2010.10007,True,unpaywall,https://www.ncbi.nlm.nih.gov/pmc/articles/3285536,repository
857,10.1007/s10182-009-0113-6,False,,,
858,10.1080/02331888.2014.979827,False,,,
859,10.1007/s00180-007-0044-1,False,,,
860,10.1007/s11634-013-0162-2,False,,,
861,10.1111/j.1541-0420.2012.01808.x,True,unpaywall,https://www.ncbi.nlm.nih.gov/pmc/articles/3962763,repository
862,10.1016/j.csda.2011.09.005,False,,,
863,10.1007/978-3-540-30478-4_7,False,,,
864,10.1080/02664763.2013.838663,False,,,
865,10.1016/j.ecosta.2016.09.005,False,,,
866,10.1198/jasa.2009.tm08024,True,semantic_scholar,http://stat.wharton.upenn.edu/%7Ebuja/PAPERS/RegSVD-Huang-Shen-Buja-2009JASA.pdf,
867,10.1007/s00477-025-03127-5,True,unpaywall,https://doi.org/10.1007/s00477-025-03127-5,publisher
868,10.1007/s00477-009-0306-2,True,unpaywall,https://link.springer.com/content/pdf/10.1007/s00477-009-0306-2.pdf,publisher
869,10.1145/1282100.1282173,False,,,
870,10.1016/j.jneumeth.2008.09.030,True,unpaywall,https://www.ncbi.nlm.nih.gov/pmc/articles/2659537,repository
871,10.1080/01431161.2022.2105174,False,,,
872,10.1145/3694875.3694882,True,unpaywall,https://doi.org/10.1145/3694875.3694882,
873,10.1038/srep23918,True,unpaywall,https://www.nature.com/articles/srep23918.pdf,publisher
874,10.1145/3178113,True,unpaywall,https://dl.acm.org/doi/pdf/10.1145/3178113,publisher
875,10.1016/j.cma.2015.12.028,True,unpaywall,https://arxiv.org/pdf/1508.05214,repository
876,10.1016/j.patrec.2011.03.001,True,unpaywall,https://arxiv.org/pdf/1105.0204,repository
877,10.1109/ACCESS.2020.3018644,True,unpaywall,https://ieeexplore.ieee.org/ielx7/6287639/8948470/09173659.pdf,publisher
879,10.1088/1742-6596/2813/1/012019,True,unpaywall,https://doi.org/10.1088/1742-6596/2813/1/012019,publisher
881,10.1007/s10342-008-0225-7,False,,,
882,10.1109/ICASSP.2014.6854546,False,,,
883,10.3969/j.issn.0372-2112.2014.03.019,False,,,
884,10.4067/S0718-07642016000200018,True,unpaywall,http://www.scielo.cl/pdf/infotec/v27n2/art18.pdf,publisher
885,10.1371/journal.pone.0348779,True,unpaywall,https://journals.plos.org/plosone/article/file?id=10.1371/journal.pone.0348779&type=printable,publisher
886,10.3414/ME17-01-0102,True,unpaywall,http://www.thieme-connect.de/products/ejournals/pdf/10.3414/ME17-01-0102.pdf,publisher
887,10.1155/2014/379763,True,unpaywall,https://downloads.hindawi.com/journals/tswj/2014/379763.pdf,publisher
888,10.1111/1753-6405.12442,True,unpaywall,https://www.sciencedirect.com/science/article/pii/S132602002301261X/pdf,publisher
889,10.1186/s13007-018-0314-7,True,unpaywall,https://plantmethods.biomedcentral.com/track/pdf/10.1186/s13007-018-0314-7.pdf,publisher
890,10.11113/jt.v74.3011,True,unpaywall,https://doi.org/10.11113/jt.v74.3011,publisher
891,10.1007/s00477-016-1216-8,True,unpaywall,http://hdl.handle.net/10481/72906,repository
892,,False,,,sin_doi
893,10.1007/s10389-023-01879-4,True,unpaywall,https://link.springer.com/content/pdf/10.1007/s10389-023-01879-4.pdf,publisher
894,10.1109/TNSRE.2022.3162416,True,unpaywall,https://ieeexplore.ieee.org/ielx7/7333/9695946/09741554.pdf,publisher
895,10.1109/ICDM.2016.0178,False,,,
897,,False,,,sin_doi
899,10.1002/aps3.11366,True,unpaywall,https://bsapubs.onlinelibrary.wiley.com/doi/pdfdirect/10.1002/aps3.11366,publisher
900,10.1186/s12874-022-01566-0,True,unpaywall,https://bmcmedresmethodol.biomedcentral.com/track/pdf/10.1186/s12874-022-01566-0,publisher
901,10.1186/1471-2288-13-43,True,unpaywall,https://bmcmedresmethodol.biomedcentral.com/counter/pdf/10.1186/1471-2288-13-43,publisher
902,10.1016/j.neucom.2022.03.003,True,unpaywall,https://hdl.handle.net/11311/1224867,repository
903,10.1109/TSMCB.2006.874681,False,,,
904,10.1063/1.4894361,False,,,
905,10.1109/AICT.2010.81,False,,,
906,10.1016/j.jneumeth.2022.109609,False,,,
907,10.1177/03611981241242375,False,,,
908,10.1186/s13007-015-0095-1,True,unpaywall,https://plantmethods.biomedcentral.com/counter/pdf/10.1186/s13007-015-0095-1,publisher
909,10.1109/ICPEGE67691.2026.11451320,False,,,
910,10.5194/acp-13-11473-2013,True,unpaywall,https://acp.copernicus.org/articles/13/11473/2013/acp-13-11473-2013.pdf,publisher
911,10.4028/www.scientific.net/AMR.915-916.395,True,unpaywall,https://doi.org/10.4028/www.scientific.net/amr.915-916.395,publisher
912,10.1080/24725854.2017.1419315,False,,,
913,10.1016/j.mri.2008.09.001,False,,,
915,10.1109/TBME.2018.2879227,True,unpaywall,https://www.ncbi.nlm.nih.gov/pmc/articles/6687059,repository
916,10.1016/j.chemolab.2025.105626,False,,,
917,10.1016/j.brainresbull.2026.111815,True,unpaywall,https://doi.org/10.1016/j.brainresbull.2026.111815,publisher
918,10.1038/s41598-025-29316-4,True,unpaywall,https://doi.org/10.1038/s41598-025-29316-4,publisher
920,10.1017/S0025100318000282,True,unpaywall,https://www.cambridge.org/core/services/aop-cambridge-core/content/view/2944AC2E645900B3D91698E6ABC8F085/S0025100318000282a.pdf/div-class-title-nasal-coarticulation-in-bininj-kunwok-an-aerodynamic-analysis-div.pdf,publisher
921,10.1007/s00704-012-0801-0,False,,,
922,10.1007/s00704-016-1778-x,False,,,
923,10.1590/0103-9016-2015-0113,True,unpaywall,http://www.scielo.br/pdf/sa/v73n5/0103-9016-sa-73-5-0455.pdf,publisher
924,10.1121/1.4998555,True,unpaywall,https://doi.org/10.1121/1.4998555,publisher
925,10.1016/j.chemolab.2008.06.009,True,unpaywall,https://arxiv.org/pdf/math/0608576,repository
926,,False,,,sin_doi
927,10.3964/j.issn.1000-0593(2024)07-1905-08,False,,,
928,10.1016/j.ress.2021.107522,True,unpaywall,https://www.sciencedirect.com/science/article/pii/S0951832021000831,publisher
929,10.1007/s11356-023-25790-3,True,unpaywall,https://link.springer.com/content/pdf/10.1007/s11356-023-25790-3.pdf,publisher
930,10.1016/j.jbiomech.2010.01.038,False,,,
932,10.1167/iovs.15-17245,True,semantic_scholar,https://iovs.arvojournals.org/arvo/content_public/journal/iovs/934219/i1552-5783-56-8-4994.pdf,
933,10.1109/JSEN.2009.2038569,False,,,
934,10.1016/j.eja.2024.127254,True,unpaywall,https://doi.org/10.1016/j.eja.2024.127254,publisher
935,10.1371/journal.pone.0177286,True,unpaywall,https://journals.plos.org/plosone/article/file?id=10.1371/journal.pone.0177286&type=printable,publisher
936,10.1016/j.chemolab.2016.03.013,True,unpaywall,https://www.sciencedirect.com/science/article/pii/S0169743916300491,publisher
937,10.1016/j.neucom.2011.11.029,True,unpaywall,https://www.sciencedirect.com/science/article/pii/S0925231212001889,publisher
938,10.3390/app10072493,True,unpaywall,https://www.mdpi.com/2076-3417/10/7/2493/pdf?version=1586655006,publisher
939,10.1007/s00477-015-1130-5,False,,,
940,10.1016/S1570-7946(08)80119-8,False,,,
941,10.1109/ICPHM.2017.7998299,False,,,
942,10.3390/jfmk11020151,True,unpaywall,https://www.mdpi.com/2411-5142/11/2/151/pdf?version=1775799357,publisher
943,10.1063/5.0224405,False,,,
944,10.1155/2008/231897,True,unpaywall,https://downloads.hindawi.com/archive/2008/231897.pdf,publisher
945,10.1080/03078698.2017.1332299,True,unpaywall,https://www.tandfonline.com/doi/pdf/10.1080/03078698.2017.1332299?needAccess=true&role=button,publisher
946,,False,,,sin_doi
947,10.13700/j.bh.1001-5965.2015.0078,False,,,
948,10.17714/gumusfenbil.1825537,True,unpaywall,https://dergipark.org.tr/en/download/article-file/5428588,publisher
949,10.1109/RTSI50628.2021.9597363,True,unpaywall,http://hdl.handle.net/11311/1204652,repository
950,10.1111/2041-210X.12486,True,unpaywall,https://besjournals.onlinelibrary.wiley.com/doi/pdfdirect/10.1111/2041-210X.12486,publisher
951,10.1016/j.eswa.2025.127616,False,,,
952,10.1016/j.eswa.2026.132728,False,,,
953,10.1063/1.4887701,False,,,
954,10.1007/s00477-019-01711-0,True,unpaywall,https://academica-e.unavarra.es/bitstreams/cb537460-6300-47ac-82fd-96482361c1c0/download,repository
955,10.1080/24709360.2017.1280213,True,unpaywall,https://www.tandfonline.com/doi/pdf/10.1080/24709360.2017.1280213?needAccess=true&role=button,publisher
956,10.3390/w11050962,True,unpaywall,https://www.mdpi.com/2073-4441/11/5/962/pdf?version=1557311503,publisher
957,10.4271/2005-01-1397,False,,,
958,10.1088/1742-6596/2898/1/012011,True,unpaywall,https://doi.org/10.1088/1742-6596/2898/1/012011,publisher
959,10.1186/s12874-016-0179-2,True,unpaywall,https://bmcmedresmethodol.biomedcentral.com/track/pdf/10.1186/s12874-016-0179-2,publisher
961,10.1094/PHYTO-11-17-0386-R,True,unpaywall,https://apsjournals.apsnet.org/doi/pdf/10.1094/PHYTO-11-17-0386-R,publisher
962,10.1016/j.compmedimag.2010.11.002,True,unpaywall,https://www.ncbi.nlm.nih.gov/pmc/articles/3059377,repository
963,10.2147/JPR.S499102,True,unpaywall,https://www.dovepress.com/article/download/100592,publisher
964,10.1038/s41598-026-40796-w,True,unpaywall,https://www.nature.com/articles/s41598-026-40796-w_reference.pdf,publisher
965,10.1016/j.chemolab.2017.12.001,True,unpaywall,http://hdl.handle.net/10651/46732,repository
966,10.1186/s12874-020-01187-5,True,unpaywall,https://bmcmedresmethodol.biomedcentral.com/track/pdf/10.1186/s12874-020-01187-5,publisher
967,10.1016/j.jbiomech.2016.07.035,True,semantic_scholar,https://www.sciencedirect.com/science/article/am/pii/S0021929016308375,
968,10.1016/j.canep.2010.05.001,False,,,
969,10.1117/12.595655,False,,,
970,10.1080/02664763.2025.2457011,True,unpaywall,https://pmc.ncbi.nlm.nih.gov/articles/PMC12424440/,repository
971,10.1051/e3sconf/202019405009,True,unpaywall,https://www.e3s-conferences.org/articles/e3sconf/pdf/2020/54/e3sconf_icaeer2020_05009.pdf,publisher
972,10.1007/s00477-023-02466-5,True,unpaywall,https://link.springer.com/content/pdf/10.1007/s00477-023-02466-5.pdf,publisher
973,,False,,,sin_doi
974,10.13700/j.bh.1001-5965.2019.0157,False,,,
975,10.1016/j.ces.2024.120265,False,,,
976,10.1016/j.psep.2025.107122,False,,,
977,10.1504/IJBET.2020.105650,False,,,
978,10.1121/1.1289206,False,,,
979,10.1016/j.ijforecast.2015.09.001,True,unpaywall,https://arxiv.org/pdf/1412.4222,repository
980,10.1007/978-1-4419-7046-6_31,False,,,
982,10.1088/1742-6596/2449/1/012016,True,unpaywall,https://doi.org/10.1088/1742-6596/2449/1/012016,publisher
983,10.1016/j.eja.2025.127871,False,,,
986,10.1007/s00477-014-0931-2,True,unpaywall,https://link.springer.com/content/pdf/10.1007/s00477-014-0931-2.pdf,publisher
987,10.1016/j.jastp.2010.02.005,False,,,
988,,False,,,sin_doi
989,10.1109/TCDS.2020.2988641,False,,,
990,10.1016/j.sigpro.2025.109959,False,,,
992,10.1287/mksc.1080.0382,False,,,
993,10.1109/TGRS.2019.2940991,False,,,
995,10.1038/s41598-024-66246-z,True,unpaywall,https://doi.org/10.1038/s41598-024-66246-z,publisher
996,10.1007/s00216-021-03360-1,True,unpaywall,https://link.springer.com/content/pdf/10.1007/s00216-021-03360-1.pdf,publisher
998,10.1080/13803610500110430,False,,,
1000,,False,,,sin_doi
1002,10.13433/j.cnki.1003-8728.20190350,False,,,
1004,10.1063/1.4982842,True,semantic_scholar,http://psasir.upm.edu.my/id/eprint/57250/1/Functional%20extreme%20rainfall%20data%20in%20Petaling%20Jaya.pdf,
1006,10.1016/j.scp.2023.101339,False,,,
1009,10.1186/1471-2288-12-17,True,unpaywall,https://bmcmedresmethodol.biomedcentral.com/counter/pdf/10.1186/1471-2288-12-17,publisher
1011,10.1016/j.eswa.2022.116780,False,,,
1012,10.31083/j.fbl2802030,True,unpaywall,https://www.imrpress.com/journal/FBL/28/2/10.31083/j.fbl2802030/pdf,publisher
1014,10.1007/s00415-012-6566-7,False,,,
1018,10.1371/journal.pone.0213172,True,unpaywall,https://journals.plos.org/plosone/article/file?id=10.1371/journal.pone.0213172&type=printable,publisher
1020,10.35378/gujs.1587357,True,unpaywall,https://dergipark.org.tr/en/download/article-file/4375614,publisher
1022,10.1109/IJCNN.2019.8851700,False,,,
1024,10.1109/IJCNN.2012.6252818,True,unpaywall,https://arxiv.org/pdf/1312.7018,repository
1025,10.1109/TPEC.2019.8662147,False,,,
1026,10.1016/j.neucom.2024.129245,True,unpaywall,https://doi.org/10.1016/j.neucom.2024.129245,publisher
1027,10.13465/j.cnki.jvs.2022.22.024,False,,,
1028,10.1007/s00477-017-1441-9,False,,,
1029,,False,,,sin_doi
1032,10.1145/3097983.3098133,False,,,
1033,10.1016/j.jhydrol.2011.09.043,False,,,
1039,10.1002/nbm.2895,True,unpaywall,https://riunet.upv.es/items/42197a29-c100-4cf2-bd70-abf3350c9671/request-a-copy?bitstream=4fce7440-bf56-4961-a85f-996ecbf36bfc,repository
1040,10.1109/ACCESS.2024.3512874,True,unpaywall,https://doi.org/10.1109/access.2024.3512874,publisher
1041,10.1016/j.chemolab.2010.09.007,True,unpaywall,https://doi.org/science/article/pii/S0169743910001747,publisher
1042,10.1186/s12889-025-23425-5,True,unpaywall,https://bmcpublichealth.biomedcentral.com/counter/pdf/10.1186/s12889-025-23425-5,publisher
1044,10.1371/journal.pone.0128999,True,unpaywall,https://journals.plos.org/plosone/article/file?id=10.1371/journal.pone.0128999&type=printable,publisher
1047,10.1063/5.0224189,False,,,
1049,10.1016/j.neucom.2012.10.030,True,unpaywall,https://arxiv.org/pdf/1312.6966,repository
1050,10.3389/fncom.2016.00029,True,unpaywall,https://www.frontiersin.org/articles/10.3389/fncom.2016.00029/pdf,publisher
1051,,False,,,sin_doi
1052,10.1109/ACCESS.2020.3004564,True,unpaywall,https://ieeexplore.ieee.org/ielx7/6287639/8948470/09123888.pdf,publisher
1053,10.1007/s00521-019-04299-2,True,unpaywall,https://link.springer.com/content/pdf/10.1007/s00521-019-04299-2.pdf,publisher
1055,10.1109/IJCNN55064.2022.9892455,False,,,
1059,10.3390/s22166163,True,unpaywall,https://doi.org/10.3390/s22166163,publisher
1062,10.1016/j.neunet.2025.108443,True,unpaywall,https://doi.org/10.1016/j.neunet.2025.108443,publisher
1063,10.3390/app132011206,True,unpaywall,https://www.mdpi.com/2076-3417/13/20/11206/pdf?version=1697176141,publisher
1066,10.1016/j.infrared.2024.105691,False,,,
1069,10.1016/j.chemolab.2021.104279,False,,,
1070,10.3389/fnins.2019.00127,True,unpaywall,https://www.frontiersin.org/articles/10.3389/fnins.2019.00127/pdf,publisher
1071,10.1016/j.jneumeth.2019.108552,True,unpaywall,https://www.sciencedirect.com/science/article/pii/S0165027019304091/pdf,publisher
1072,10.1063/1.4901390,True,unpaywall,https://pubs.aip.org/aip/acp/article-pdf/1626/1/189/11849306/189_1_online.pdf,publisher
1073,10.1016/j.neucom.2004.11.012,True,unpaywall,https://arxiv.org/pdf/0709.3641,repository
1074,10.3390/forecast4010022,True,unpaywall,https://www.mdpi.com/2571-9394/4/1/22/pdf?version=1647854104,publisher
1076,10.1007/s00362-018-0979-z,False,,,
1077,10.1080/03461238.2019.1663553,True,unpaywall,https://arxiv.org/pdf/1909.00456,repository
1078,10.3390/e25121597,True,unpaywall,https://www.mdpi.com/1099-4300/25/12/1597/pdf?version=1701223480,publisher
1081,10.1155/2022/6709779,True,unpaywall,https://downloads.hindawi.com/journals/mpe/2022/6709779.pdf,publisher
1082,10.3934/math.2024218,True,unpaywall,http://www.aimspress.com/aimspress-data/math/2024/2/PDF/math-09-02-218.pdf,publisher
1083,10.1016/j.ejor.2021.01.002,True,unpaywall,https://www.sciencedirect.com/science/article/pii/S0377221721000023/pdf,publisher
1084,10.18502/jbe.v9i1.13974,True,unpaywall,https://doi.org/10.18502/jbe.v9i1.13974,publisher
1085,10.1007/s11222-024-10537-y,True,unpaywall,https://link.springer.com/content/pdf/10.1007/s11222-024-10537-y.pdf,publisher
1086,10.12386/A20220167,False,,,
1087,10.3390/axioms12070613,True,unpaywall,https://www.mdpi.com/2075-1680/12/7/613/pdf?version=1687332334,publisher
1088,10.1016/j.spa.2024.104426,True,unpaywall,https://centaur.reading.ac.uk/116941/1/cpsvSPA_accepted.pdf,repository
1089,10.1016/j.cor.2023.106152,True,unpaywall,https://doi.org/10.1016/j.cor.2023.106152,publisher
1090,10.3150/17-BEJ991,True,unpaywall,https://projecteuclid.org/journals/bernoulli/volume-25/issue-1/Nonparametric-depth-and-quantile-regression-for-functional-data/10.3150/17-BEJ991.pdf,publisher
1091,10.1142/S0217590820460029,True,unpaywall,https://repository.up.ac.za/bitstream/2263/91311/1/Mangisa_Analyzing_2022.pdf,repository
1092,10.1016/j.ecosta.2019.01.003,True,unpaywall,https://arxiv.org/pdf/1803.09501,repository
1093,10.1007/s10479-022-05014-6,False,,,
1094,10.21307/stattrans-2019-008,True,unpaywall,https://doi.org/10.21307/stattrans-2019-008,publisher
1095,10.1016/j.jempfin.2019.05.002,True,unpaywall,https://pureadmin.qub.ac.uk/ws/files/168523022/FX_FWDS_JEF_R_R_FM_FK_MC_MOTIVE_FK_MC.pdf,repository
1096,10.1002/cjs.11652,False,,,
1097,10.1080/00949655.2019.1650935,True,unpaywall,https://arxiv.org/pdf/1908.00336,repository
1099,10.1016/j.spasta.2022.100615,True,unpaywall,https://eprints.gla.ac.uk/263538/2/263538.pdf,repository
1101,10.1111/jtsa.12281,False,,,
1102,10.1111/jtsa.12796,True,unpaywall,https://onlinelibrary.wiley.com/doi/pdfdirect/10.1111/jtsa.12796,publisher
1103,10.14712/1213-7243.2022.003,True,semantic_scholar,http://dml.cz/bitstream/handle/10338.dmlcz/149370/CommentatMathUnivCarolRetro_62-2021-4_7.pdf,
1104,10.1093/jssam/smy001,True,unpaywall,https://arxiv.org/pdf/1508.00615,repository
1106,10.1515/jtse-2018-0011,False,,,
1107,10.1002/sim.9687,True,unpaywall,https://onlinelibrary.wiley.com/doi/pdfdirect/10.1002/sim.9687,publisher
1108,10.1515/jtse-2019-0009,True,unpaywall,https://arxiv.org/pdf/2003.08787,repository
1110,10.1080/26941899.2022.2152401,True,unpaywall,https://www.tandfonline.com/doi/pdf/10.1080/26941899.2022.2152401?download=true,publisher
1111,10.1007/s12561-019-09237-3,True,unpaywall,https://link.springer.com/content/pdf/10.1007/s12561-019-09237-3.pdf,publisher
1113,10.1002/asmb.70101,True,unpaywall,https://arxiv.org/pdf/2410.16307,repository
1115,10.1016/j.jeconom.2020.11.012,True,unpaywall,https://orca.cardiff.ac.uk/id/eprint/139818/,repository
1116,10.1155/2020/8850654,True,unpaywall,https://downloads.hindawi.com/journals/jat/2020/8850654.pdf,publisher
1117,10.1007/978-3-031-85870-3_11,False,,,
1118,10.3390/math13050858,True,unpaywall,https://doi.org/10.3390/math13050858,publisher
1120,10.1111/jtsa.12667,True,semantic_scholar,https://rss.onlinelibrary.wiley.com/doi/am-pdf/10.1111/jtsa.12667,
1121,10.1007/978-3-030-31351-7_13,False,,,
1122,10.1214/24-AOAS1926,True,semantic_scholar,https://arxiv.org/pdf/2312.11108,
1125,10.1007/s11634-019-00360-z,False,,,
1126,10.1007/s11203-018-9172-1,True,unpaywall,http://hdl.handle.net/2013/ULB-DIPOT:oai:dipot.ulb.ac.be:2013/260201,repository
1127,10.1002/wics.1640,False,,,
1128,10.1007/978-981-97-4438-1_4,False,,,
1129,10.1080/03610918.2026.2685005,False,,,
1130,10.1016/j.ecosta.2018.05.003,True,unpaywall,https://arxiv.org/pdf/1709.05786,repository
1131,10.1016/j.seps.2024.101917,True,unpaywall,https://doi.org/10.1016/j.seps.2024.101917,publisher
1132,10.5705/ss.202017.0199,True,unpaywall,http://hdl.handle.net/1765/110942,repository
1133,10.1007/s10260-026-00870-z,False,,,
1134,10.1214/25-AOAS2077,True,unpaywall,https://doi.org/10.1214/25-aoas2077,publisher
1135,10.1002/env.70124,True,unpaywall,https://doi.org/10.1002/env.70124,publisher
1137,10.3390/joitmc8010006,True,unpaywall,https://www.mdpi.com/2199-8531/8/1/6/pdf?version=1641353169,publisher
1138,10.3150/24-BEJ1850,False,,,
1140,10.1016/j.jeconom.2025.106070,False,,,
1141,10.1016/j.ecolind.2022.108861,True,unpaywall,https://www.sciencedirect.com/science/article/pii/S1470160X22003326/pdf,publisher
1142,10.15302/J-QB-022-0300,True,unpaywall,https://doi.org/10.15302/j-qb-022-0300,publisher
1143,10.1007/s11222-023-10379-0,True,unpaywall,https://link.springer.com/content/pdf/10.1007/s11222-023-10379-0.pdf,publisher
1144,10.1214/20-EJS1690,True,unpaywall,https://projecteuclid.org/journals/electronic-journal-of-statistics/volume-14/issue-1/Sparsely-observed-functional-time-series-estimation-and-prediction/10.1214/20-EJS1690.pdf,publisher
1145,10.1002/wics.70001,False,,,
1147,10.1214/24-AOS2465,False,,,
1149,10.3934/DSFE.2026012,True,unpaywall,http://www.aimspress.com/aimspress-data/dsfe/2026/2/PDF/DSFE-06-02-012.pdf,publisher
1150,10.1051/ps/2023014,True,unpaywall,https://www.esaim-ps.org/articles/ps/pdf/2023/01/ps210054.pdf,publisher
1151,10.3390/math10224279,True,unpaywall,https://www.mdpi.com/2227-7390/10/22/4279/pdf?version=1668577293,publisher
1153,10.1111/jtsa.12283,False,,,
1154,10.1080/10618600.2024.2374578,True,unpaywall,https://www.tandfonline.com/doi/pdf/10.1080/10618600.2024.2374578?download=true,publisher
1155,10.1111/opec.12148,True,unpaywall,http://eprints.gla.ac.uk/180711/7/180711.pdf,repository
1156,10.1016/j.crma.2018.09.001,True,semantic_scholar,https://comptes-rendus.academie-sciences.fr/mathematique/item/10.1016/j.crma.2018.09.001.pdf,
1157,10.1002/sim.10207,True,unpaywall,https://onlinelibrary.wiley.com/doi/pdfdirect/10.1002/sim.10207,publisher
1158,10.1016/j.jeconom.2025.106023,True,unpaywall,https://doi.org/10.1016/j.jeconom.2025.106023,publisher
1159,10.1214/20-PS360,True,unpaywall,https://projecteuclid.org/journals/probability-surveys/volume-19/issue-none/Prediction-theory-for-stationary-functional-time-series/10.1214/20-PS360.pdf,publisher
1160,10.4310/SII.2019.v12.n1.a14,False,,,
1161,10.1111/jtsa.12551,True,unpaywall,https://arxiv.org/pdf/1905.07218,repository
1162,10.1214/19-AOS1842,True,unpaywall,https://projecteuclid.org/journals/annals-of-statistics/volume-48/issue-2/Functional-data-analysis-in-the-Banach-space-of-continuous-functions/10.1214/19-AOS1842.pdf,publisher
1163,10.1016/j.jspi.2022.05.007,False,,,
1164,10.1002/env.2866,True,unpaywall,https://onlinelibrary.wiley.com/doi/pdfdirect/10.1002/env.2866,publisher
1165,10.1016/j.irfa.2023.102913,False,,,
1166,10.32372/ChJS.16-02-03,False,,,
1167,10.1214/24-EJS2218,True,unpaywall,https://projecteuclid.org/journals/electronic-journal-of-statistics/volume-18/issue-1/Two-sample-and-change-point-inference-for-non-Euclidean-valued/10.1214/24-EJS2218.pdf,publisher
1168,10.1109/DSAA49011.2020.00020,True,unpaywall,https://arxiv.org/pdf/2009.05665,repository
1169,10.1155/2021/5539035,True,unpaywall,https://downloads.hindawi.com/journals/mpe/2021/5539035.pdf,publisher
1170,10.1080/02331888.2019.1609476,False,,,
1171,10.1155/2022/2244960,True,unpaywall,https://downloads.hindawi.com/journals/cin/2022/2244960.pdf,publisher
1172,10.1016/j.jmva.2018.11.008,True,unpaywall,https://www.sciencedirect.com/science/article/pii/S0047259X17306814/pdf,publisher
1173,10.3390/e26090798,True,unpaywall,https://www.mdpi.com/1099-4300/26/9/798/pdf,publisher
1174,10.1080/03461238.2025.2544265,True,unpaywall,https://doi.org/10.1080/03461238.2025.2544265,publisher
1175,10.1080/01621459.2022.2123333,True,unpaywall,https://figshare.com/articles/dataset/Crop_Yield_Prediction_Using_Bayesian_Spatially_Varying_Coefficient_Models_with_Functional_Predictors/21082235,repository
1176,10.1080/00273171.2019.1642729,True,unpaywall,https://figshare.com/articles/Empirical_Bayes_Derivative_Estimates/12357815,repository
1178,10.1016/j.ribaf.2022.101833,False,,,
1179,10.1080/03610918.2025.2593942,False,,,
1180,10.1080/02664763.2025.2606963,False,,,
1183,10.1080/07350015.2020.1832503,True,unpaywall,https://researchonline.lse.ac.uk/id/eprint/114636/1/Functional_Linear_Regression._Dependence_and_Error.pdf,repository
1184,10.5194/gmd-12-735-2019,True,unpaywall,https://gmd.copernicus.org/articles/12/735/2019/gmd-12-735-2019.pdf,publisher
1185,10.1002/wics.1638,False,,,
1186,10.3390/math9111305,True,unpaywall,https://www.mdpi.com/2227-7390/9/11/1305/pdf?version=1623055076,publisher
1187,10.29220/CSAM.2022.29.1.103,True,unpaywall,http://www.csam.or.kr/journal/download_pdf.php?doi=10.29220/CSAM.2022.29.1.103,publisher
1188,10.3934/math.20251163,True,unpaywall,http://www.aimspress.com/aimspress-data/math/2025/11/PDF/math-10-11-1163.pdf,publisher
1189,10.3390/math14050916,True,unpaywall,https://www.mdpi.com/2227-7390/14/5/916/pdf?version=1773134531,publisher
1190,10.3390/math11132910,True,unpaywall,https://www.mdpi.com/2227-7390/11/13/2910/pdf?version=1688012181,publisher
1192,10.1111/rssc.12572,True,unpaywall,https://doi.org/10.1111/rssc.12572,publisher
1193,10.1007/s10614-022-10265-3,False,,,
1194,10.1007/s40300-020-00174-6,False,,,
1195,10.1002/wics.1459,False,,,
1196,10.1016/j.jmaa.2021.125677,True,unpaywall,https://arxiv.org/pdf/2109.07059,repository
1197,10.1007/s00357-020-09382-1,True,semantic_scholar,https://arxiv.org/pdf/2007.14078,
1198,10.1002/asmb.2879,True,unpaywall,https://doi.org/10.1002/asmb.2879,publisher
1199,10.1007/s11135-026-02971-z,False,,,
1200,10.1002/jae.2846,False,,,
1201,10.7441/joc.2025.04.08,True,unpaywall,https://doi.org/10.7441/joc.2025.04.08,publisher
1202,10.1111/rssb.12493,True,unpaywall,https://academic.oup.com/jrsssb/article-pdf/84/3/933/49322544/jrsssb_84_3_933.pdf,publisher
1203,10.1080/03610918.2024.2449402,False,,,
1204,10.3390/risks12070117,True,unpaywall,https://doi.org/10.3390/risks12070117,publisher
1206,10.3150/20-BEJ1199,True,unpaywall,https://projecteuclid.org/journals/bernoulli/volume-26/issue-3/Frequency-domain-theory-for-functional-time-series--Variance-decomposition/10.3150/20-BEJ1199.pdf,publisher
1207,10.1007/s40953-022-00306-x,True,unpaywall,https://arxiv.org/pdf/2112.15315,repository
1208,10.1007/s00180-026-01776-w,False,,,
1209,10.11159/icsta22.157,True,unpaywall,https://doi.org/10.11159/icsta22.157,publisher
1210,10.1214/23-AOAS1795,False,,,
1212,10.1002/env.2792,True,unpaywall,https://doi.org/10.1002/env.2792,publisher
1213,10.1007/s11004-019-09807-7,True,unpaywall,http://hdl.handle.net/11336/101822,repository
1214,10.1007/s10479-024-06391-w,False,,,
1215,10.1002/env.2710,True,unpaywall,https://arxiv.org/pdf/2008.01889,repository
1216,10.1002/wics.70057,False,,,
1217,10.1111/jtsa.12676,False,,,
1218,10.3390/math11183808,True,unpaywall,https://www.mdpi.com/2227-7390/11/18/3808/pdf?version=1695787404,publisher
1219,10.1080/02664763.2022.2104228,True,unpaywall,https://www.tandfonline.com/doi/pdf/10.1080/02664763.2022.2104228?needAccess=true,publisher
1220,10.1016/j.spl.2018.11.032,False,,,
1221,10.1080/10485252.2023.2233642,False,,,
1223,10.1109/ICIPCA59209.2023.10257947,False,,,
1224,10.3390/en12010094,True,unpaywall,https://www.mdpi.com/1996-1073/12/1/94/pdf?version=1546009477,publisher
1226,10.3390/sym16121576,True,unpaywall,https://www.mdpi.com/2073-8994/16/12/1576/pdf?version=1732548047,publisher
1228,10.1214/25-EJS2451,True,unpaywall,https://doi.org/10.1214/25-ejs2451,publisher
1229,10.1214/22-EJS2067,True,unpaywall,https://projecteuclid.org/journals/electronic-journal-of-statistics/volume-16/issue-2/Estimating-the-conditional-distribution-in-functional-regression-problems/10.1214/22-EJS2067.pdf,publisher
1231,10.1111/rssa.12428,True,unpaywall,https://onlinelibrary.wiley.com/doi/pdfdirect/10.1111/rssa.12428,publisher
1232,10.3390/math8112042,True,unpaywall,https://doi.org/10.3390/math8112042,publisher
1234,10.1080/02664763.2019.1572718,True,unpaywall,https://figshare.com/articles/journal_contribution/Coherent_mortality_forecasting_by_the_weighted_multilevel_functional_principal_component_approach/10239614,repository
1235,10.1111/jtsa.12764,True,unpaywall,https://onlinelibrary.wiley.com/doi/pdfdirect/10.1111/jtsa.12764,publisher
1236,10.1016/j.matcom.2024.04.017,True,unpaywall,https://doi.org/10.1016/j.matcom.2024.04.017,publisher
1237,10.1080/10485252.2022.2080825,True,unpaywall,https://www.tandfonline.com/doi/pdf/10.1080/10485252.2022.2080825?needAccess=true,publisher
1238,10.3390/analytics2040041,True,unpaywall,https://www.mdpi.com/2813-2203/2/4/41/pdf?version=1696777174,publisher
1239,10.1016/j.spa.2021.12.011,True,unpaywall,https://www.sciencedirect.com/science/article/pii/S030441492100209X/pdf,publisher
1240,10.1080/00401706.2018.1505660,True,unpaywall,http://mediatum.ub.tum.de/node?id=1400080,repository
1241,10.1007/978-3-032-00140-5_10,False,,,
1242,10.1016/j.jeconom.2023.01.007,True,unpaywall,https://doi.org/10.1016/j.jeconom.2023.01.007,publisher
1243,10.1111/anzs.12330,True,unpaywall,https://figshare.com/articles/journal_contribution/Forecasting_the_Old-Age_Dependency_Ratio_to_Determine_a_Sustainable_Pension_Age/21529356,repository
1244,10.1002/wics.70053,True,unpaywall,https://doi.org/10.1002/wics.70053,publisher
1245,10.1002/wics.1627,False,,,
1246,10.1016/j.najef.2026.102623,False,,,
1249,10.1002/env.2765,True,unpaywall,https://onlinelibrary.wiley.com/doi/pdfdirect/10.1002/env.2765,publisher
1250,10.1080/1540496X.2023.2278650,False,,,
1251,10.1515/jtse-2019-0047,True,unpaywall,https://arxiv.org/pdf/1908.02739,repository
1252,,False,,,sin_doi
1253,10.1016/j.csda.2020.107148,True,unpaywall,https://hal.science/hal-02387258,repository
1254,10.1080/08898480.2025.2539229,True,unpaywall,https://www.tandfonline.com/doi/pdf/10.1080/08898480.2025.2539229?needAccess=true,publisher
1255,10.1002/env.2631,True,unpaywall,https://arxiv.org/pdf/1812.09758,repository
1256,10.1080/17421772.2026.2704860,False,,,
1257,10.1109/ICIPCA61593.2024.10709041,False,,,
1258,10.1108/CFRI-06-2017-0065,False,,,
1259,10.1016/j.spasta.2024.100849,True,unpaywall,https://doi.org/10.1016/j.spasta.2024.100849,publisher
1260,10.1080/01621459.2021.1956937,False,,,
1261,10.3150/22-BEJ1508,True,unpaywall,https://eprints.whiterose.ac.uk/id/eprint/186577/1/LRS_Bernoulli_2022.pdf,repository
1262,10.1007/s13253-026-00735-8,False,,,
1263,10.1016/j.trc.2021.103130,False,,,
1264,10.1146/annurev-statistics-041124-044143,True,unpaywall,https://doi.org/10.1146/annurev-statistics-041124-044143,publisher
1265,10.1080/03610926.2018.1445856,False,,,
1266,10.1109/ISCEIC53685.2021.00010,False,,,
1268,10.1016/j.csda.2018.07.003,False,,,
1269,10.1080/02331888.2026.2645115,False,,,
1271,10.1109/BigData50022.2020.9378087,True,semantic_scholar,https://arxiv.org/pdf/2011.12378,
1272,10.1080/00949655.2020.1746786,True,unpaywall,https://orbi.uliege.be/handle/2268/255966,repository
1273,10.1002/sim.10214,True,unpaywall,https://onlinelibrary.wiley.com/doi/pdfdirect/10.1002/sim.10214,publisher
1274,10.1007/s10651-020-00469-x,False,,,
1275,10.1111/jtsa.12675,False,,,
1276,10.3934/math.2024720,True,unpaywall,http://www.aimspress.com/aimspress-data/math/2024/6/PDF/math-09-06-720.pdf,publisher
1277,10.1214/18-BA1140,True,unpaywall,https://doi.org/10.1214/18-ba1140,publisher
1278,10.1080/01621459.2019.1604362,True,unpaywall,https://eprints.whiterose.ac.uk/144904/1/LRS_JASA.pdf,repository
1279,10.1002/asmb.2443,True,unpaywall,http://mediatum.ub.tum.de/node?id=1524368,repository
1280,10.1080/02664763.2025.2490093,True,unpaywall,https://doi.org/10.1080/02664763.2025.2490093,publisher
1281,10.1002/asmb.70050,False,,,
1282,10.1080/03610926.2020.1738485,False,,,
1283,10.1007/978-3-031-53092-0_2,False,,,
1284,,False,,,sin_doi
1285,10.1109/CCWC62904.2025.10903722,False,,,
1286,10.1016/j.spa.2019.12.002,True,unpaywall,https://arxiv.org/pdf/1905.13186,repository
1287,10.1016/j.knosys.2021.107527,True,unpaywall,https://doi.org/10.1016/j.knosys.2021.107527,publisher
1288,10.3390/econometrics8010007,True,unpaywall,https://www.mdpi.com/2225-1146/8/1/7/pdf?version=1585141456,publisher
1293,10.3390/math13223637,True,unpaywall,https://www.mdpi.com/2227-7390/13/22/3637/pdf,publisher
1295,10.5705/ss.202020.0365,True,unpaywall,https://doi.org/10.5705/ss.202020.0365,publisher
1297,10.1080/10618600.2025.2489537,True,unpaywall,https://www.tandfonline.com/doi/pdf/10.1080/10618600.2025.2489537?needAccess=true,publisher
1299,10.1016/j.jmva.2018.10.003,True,unpaywall,https://www.sciencedirect.com/science/article/pii/S0047259X1730739X/pdf,publisher
1300,10.1016/j.spasta.2020.100444,False,,,
1301,10.1007/s10479-018-3108-4,True,unpaywall,https://pure.qub.ac.uk/en/publications/5ae2c9ea-eef4-48f1-b9bb-3335710bf464,repository
1303,10.1080/03610926.2025.2587684,False,,,
1304,10.3150/23-BEJ1591,False,,,
1305,10.1080/01621459.2024.2302198,True,unpaywall,https://arxiv.org/pdf/2401.06990,repository
1306,10.3390/math11081973,True,unpaywall,https://www.mdpi.com/2227-7390/11/8/1973/pdf?version=1682242939,publisher
1307,10.1080/01621459.2026.2654876,False,,,
1310,,False,,,sin_doi
1311,10.1214/20-AOAS1374,True,unpaywall,https://projecteuclid.org/journals/annals-of-applied-statistics/volume-14/issue-4/Region-referenced-spectral-power-dynamics-of-EEG-signals--A/10.1214/20-AOAS1374.pdf,publisher
1312,10.1214/26-EJS2488,True,unpaywall,https://projecteuclid.org/journals/electronic-journal-of-statistics/volume-20/issue-1/Resampling-free-inference-for-time-series-via-RKHS-embedding/10.1214/26-EJS2488.pdf,publisher
1313,10.3389/fenrg.2025.1477248,True,unpaywall,https://doi.org/10.3389/fenrg.2025.1477248,publisher
1314,10.1002/wics.1444,False,,,
1316,10.1214/18-AOAS1230,True,unpaywall,https://projecteuclid.org/journals/annals-of-applied-statistics/volume-13/issue-2/Nonparametric-testing-for-differences-in-electricity-prices--The-case/10.1214/18-AOAS1230.pdf,publisher
1317,10.1007/s10690-023-09431-w,False,,,
1318,10.1016/j.csda.2023.107821,True,unpaywall,https://doi.org/10.1016/j.csda.2023.107821,publisher
1319,10.3390/math14122112,True,unpaywall,https://www.mdpi.com/2227-7390/14/12/2112/pdf?version=1781337298,publisher
1320,10.3390/sym17081207,True,unpaywall,https://www.mdpi.com/2073-8994/17/8/1207/pdf?version=1753781592,publisher
1323,10.1007/s10651-025-00682-6,False,,,
1324,10.1002/wics.1534,False,,,
1325,10.1007/s11749-026-01022-x,False,,,
1327,10.1080/03610926.2025.2522114,False,,,
1329,10.3390/math11051259,True,unpaywall,https://www.mdpi.com/2227-7390/11/5/1259/pdf?version=1678149345,publisher
1330,10.1007/s13253-022-00494-2,True,unpaywall,https://link.springer.com/content/pdf/10.1007/s13253-022-00494-2.pdf,publisher
1331,10.3390/math13132172,True,unpaywall,https://doi.org/10.3390/math13132172,publisher
1332,10.1093/jrsssb/qkad015,True,semantic_scholar,https://arxiv.org/pdf/2003.05968,
1333,10.1214/22-AOAS1602,True,unpaywall,https://projecteuclid.org/journals/annals-of-applied-statistics/volume-16/issue-4/Clustering-and-forecasting-multiple-functional-time-series/10.1214/22-AOAS1602.pdf,publisher
1336,10.1080/10618600.2024.2319166,True,semantic_scholar,https://arxiv.org/pdf/2305.19749,
1337,10.1007/s10255-024-1143-2,False,,,
1338,10.1007/s10596-023-10252-z,False,,,
1339,10.1214/23-SS143,True,unpaywall,https://projecteuclid.org/journals/statistics-surveys/volume-17/issue-none/White-noise-testing-for-functional-time-series/10.1214/23-SS143.pdf,publisher
1340,10.1214/20-BJPS466,True,unpaywall,https://projecteuclid.org/journals/brazilian-journal-of-probability-and-statistics/volume-34/issue-2/Recent-developments-in-complex-and-spatially-correlated-functional-data/10.1214/20-BJPS466.pdf,publisher
1341,10.1515/dema-2025-0125,True,unpaywall,https://www.degruyterbrill.com/document/doi/10.1515/dema-2025-0125/pdf,publisher
1343,10.1016/j.insmatheco.2022.07.002,False,,,
1344,10.1002/asmb.70116,False,,,
1345,10.3934/math.20241719,True,unpaywall,http://www.aimspress.com/aimspress-data/math/2024/12/PDF/math-09-12-1719.pdf,publisher
1346,10.1080/10485252.2023.2206926,True,unpaywall,https://pmc.ncbi.nlm.nih.gov/articles/PMC10688779/pdf/nihms-1899939.pdf,repository
1347,10.32479/ijeep.10607,True,unpaywall,https://doi.org/10.32479/ijeep.10607,publisher
1348,,False,,,sin_doi
1350,10.1007/978-981-16-4884-7_29,True,unpaywall,https://run.unl.pt/bitstream/10362/127601/1/The_Demographics_of_Defense_and_Security_in_Japan.pdf,repository
1351,10.3390/sym17030460,True,unpaywall,https://doi.org/10.3390/sym17030460,publisher
1352,10.1016/j.csda.2024.108092,True,unpaywall,https://doi.org/10.1016/j.csda.2024.108092,publisher
1353,10.1016/j.ijar.2021.12.003,False,,,
1354,10.1016/j.jmva.2018.09.005,True,unpaywall,https://www.sciencedirect.com/science/article/pii/S0047259X17304827/pdf,publisher
1355,10.1080/03610918.2019.1626885,True,semantic_scholar,http://arxiv.org/pdf/1811.02809,
1356,10.1007/s11203-023-09305-y,False,,,
1357,10.1016/j.aml.2021.107832,False,,,
1358,10.1080/1331677X.2022.2076144,True,unpaywall,https://www.tandfonline.com/doi/pdf/10.1080/1331677X.2022.2076144?needAccess=true,publisher
1359,10.1093/jjfinec/nbac003,True,unpaywall,https://doi.org/10.1093/jjfinec/nbac003,publisher
1361,10.1016/j.spasta.2017.11.004,True,unpaywall,https://www.sciencedirect.com/science/article/am/pii/S2211675317301306?via%3Dihub,publisher
1363,10.1016/j.ecosta.2020.04.004,True,unpaywall,https://arxiv.org/pdf/1903.00288,repository
1364,10.1016/j.jmva.2024.105374,True,unpaywall,https://doi.org/10.1016/j.jmva.2024.105374,repository
1365,10.1111/mafi.70011,True,unpaywall,https://onlinelibrary.wiley.com/doi/pdfdirect/10.1111/mafi.70011,publisher
1366,10.1002/sim.10192,True,unpaywall,https://onlinelibrary.wiley.com/doi/pdfdirect/10.1002/sim.10192,publisher
1367,10.1109/ICADEIS71120.2026.11644543,False,,,
1369,10.1109/ICCBDAI66607.2025.11388040,False,,,
1370,10.5705/ss.202018.0320,True,unpaywall,https://arxiv.org/pdf/1708.05248,repository
1371,10.1080/17442508.2024.2422122,True,unpaywall,https://www.tandfonline.com/doi/pdf/10.1080/17442508.2024.2422122?needAccess=true,publisher
1372,10.1214/22-BA1320,True,unpaywall,https://projecteuclid.org/journals/bayesian-analysis/advance-publication/Bayesian-Spatial-Homogeneity-Pursuit-of-Functional-Data--An-Application/10.1214/22-BA1320.pdf,publisher
1373,10.1214/20-EJS1778,True,unpaywall,https://doi.org/10.1214/20-ejs1778,publisher
1374,10.1016/j.knosys.2020.105960,True,unpaywall,https://www.sciencedirect.com/science/article/am/pii/S0950705120302835,publisher
1375,10.3390/math12243956,True,unpaywall,https://www.mdpi.com/2227-7390/12/24/3956/pdf?version=1734365683,publisher
1377,10.1016/j.strueco.2019.05.007,True,semantic_scholar,https://repository.up.ac.za/bitstream/2263/70743/1/Das_Effect_2019.pdf,
1378,10.1002/for.3000,True,unpaywall,https://onlinelibrary.wiley.com/doi/pdfdirect/10.1002/for.3000,publisher
1379,10.1002/cjs.11473,True,semantic_scholar,https://onlinelibrary.wiley.com/doi/pdfdirect/10.1002/cjs.11473,
1380,10.1007/s11634-020-00384-w,True,unpaywall,https://cnam.hal.science/hal-02495912,repository
1381,10.1109/ICAIIC48513.2020.9065012,False,,,
1382,10.1002/for.70127,True,unpaywall,https://doi.org/10.1002/for.70127,publisher
1383,10.1016/j.jmva.2021.104877,True,unpaywall,https://kar.kent.ac.uk/95053/1/1g.%20Change%20point%20analysis%20JMVA_accept.pdf,repository
1384,10.3150/21-BEJ1418,True,unpaywall,http://hdl.handle.net/2003/39090,repository
1386,10.3390/math10234508,True,unpaywall,https://www.mdpi.com/2227-7390/10/23/4508/pdf?version=1669716965,publisher
1387,10.1007/978-3-031-34204-2_40,False,,,
1389,10.1111/jtsa.70024,True,unpaywall,https://doi.org/10.1111/jtsa.70024,publisher
1392,10.3150/20-BEJ1246,True,unpaywall,https://projecteuclid.org/journals/bernoulli/volume-27/issue-1/A-similarity-measure-for-second-order-properties-of-non-stationary/10.3150/20-BEJ1246.pdf,publisher
1393,10.1093/biomet/asaf077,False,,,
1395,10.1002/for.3171,True,unpaywall,https://onlinelibrary.wiley.com/doi/pdfdirect/10.1002/for.3171,publisher
1396,10.1016/j.spasta.2025.100888,True,unpaywall,https://doi.org/10.1016/j.spasta.2025.100888,publisher
1397,10.1016/j.jspi.2023.106133,False,,,
1398,10.1080/10485252.2019.1583338,False,,,
1399,10.1002/asmb.2499,False,,,
1400,10.1080/02664763.2022.2108773,True,unpaywall,https://pmc.ncbi.nlm.nih.gov/articles/PMC10332224/pdf/CJAS_50_2108773.pdf,repository
1401,10.1016/j.energy.2026.140912,False,,,
1402,10.1007/s10668-023-03422-7,False,,,
1403,10.1080/10485252.2024.2332686,True,unpaywall,https://doi.org/10.1080/10485252.2024.2332686,publisher
1404,10.6339/21-JDS1031,True,unpaywall,https://jds-online.org/journal/JDS/article/1265/file/pdf,publisher
1405,10.1155/2022/7822710,True,unpaywall,https://downloads.hindawi.com/journals/mpe/2022/7822710.pdf,publisher
1406,10.1080/14697688.2024.2396977,False,,,
1407,10.12012/CJoE2020-0005,False,,,
1408,10.1007/s13253-022-00519-w,True,unpaywall,https://link.springer.com/content/pdf/10.1007/s13253-022-00519-w.pdf,publisher
1409,10.1016/j.csda.2024.108094,True,unpaywall,https://doi.org/10.1016/j.csda.2024.108094,publisher
1410,10.1016/j.knosys.2021.107023,False,,,
1411,10.1016/j.jmva.2018.10.008,True,unpaywall,https://www.sciencedirect.com/science/article/am/pii/S0047259X17306292?via%3Dihub,publisher
1412,10.1002/wics.1538,False,,,
1414,10.1111/anzs.70043,True,unpaywall,https://doi.org/10.1111/anzs.70043,publisher
1415,10.1111/rssc.12589,False,,,
1416,10.3390/e25071108,True,unpaywall,https://www.mdpi.com/1099-4300/25/7/1108/pdf?version=1690205856,publisher
1417,10.1007/s11135-022-01611-6,True,unpaywall,https://link.springer.com/content/pdf/10.1007/s11135-022-01611-6.pdf,publisher
1418,10.1007/s10668-025-06816-x,False,,,
1419,10.19139/soic-2310-5070-1569,True,unpaywall,http://www.iapress.org/index.php/soic/article/download/1569/1324,publisher
1420,10.1002/for.3241,True,semantic_scholar,http://arxiv.org/pdf/2411.12423,
1421,10.1145/3677052.3698633,True,unpaywall,https://doi.org/10.1145/3677052.3698633,
1422,10.1080/09720529.2018.1527484,False,,,
1423,10.1080/01621459.2022.2071720,True,unpaywall,https://portal.findresearcher.sdu.dk/da/publications/9dc8e347-67b4-478d-80e4-b6237f0c7382,repository
1424,10.1002/sim.8768,True,unpaywall,https://onlinelibrary.wiley.com/doi/pdfdirect/10.1002/sim.8768,publisher
1425,10.1080/00949655.2019.1572146,True,unpaywall,https://arxiv.org/pdf/1901.06030,repository
1426,10.1080/01621459.2021.1929248,True,unpaywall,https://arxiv.org/pdf/1906.00281,repository
1427,10.1007/978-3-030-62833-8_14,False,,,
1428,10.1111/jtsa.12532,True,unpaywall,https://onlinelibrary.wiley.com/doi/pdfdirect/10.1111/jtsa.12532,publisher
1429,10.1007/s00362-017-0891-y,True,unpaywall,https://arxiv.org/pdf/1604.03776,repository
1430,10.1080/10485252.2022.2027412,False,,,
1431,10.1002/sta4.330,True,unpaywall,https://arxiv.org/pdf/1906.05232,repository
1432,10.1016/j.csda.2018.06.003,True,unpaywall,http://hdl.handle.net/10754/628526,repository
1434,10.3390/math14050835,True,unpaywall,https://www.mdpi.com/2227-7390/14/5/835/pdf?version=1772702441,publisher
1436,10.1080/00949655.2019.1584199,False,,,
1437,10.1080/07350015.2025.2520862,True,unpaywall,https://arxiv.org/pdf/2606.00858,repository
1438,10.1515/strm-2017-0011,False,,,
1439,10.1214/23-EJS2112,True,unpaywall,https://projecteuclid.org/journals/electronic-journal-of-statistics/volume-17/issue-1/Functional-spherical-autocorrelation--A-robust-estimate-of-the-autocorrelation/10.1214/23-EJS2112.pdf,publisher
1440,10.1007/s41870-024-02250-w,False,,,
1441,10.1111/jtsa.12447,False,,,
1442,10.3390/forecast6010008,True,unpaywall,https://www.mdpi.com/2571-9394/6/1/8/pdf?version=1707217799,publisher
1443,10.1007/s11634-020-00412-9,True,unpaywall,http://hdl.handle.net/10234/189368,repository
1444,10.1017/S1748499519000046,True,unpaywall,https://www.cambridge.org/core/services/aop-cambridge-core/content/view/FB38EDEA192BB7FA365687AAEE1856FB/S1748499519000046a.pdf/div-class-title-forecasting-health-expenses-using-a-functional-data-model-div.pdf,publisher
1445,10.3389/fams.2025.1600278,True,unpaywall,https://doi.org/10.3389/fams.2025.1600278,publisher
1446,10.1057/s41599-026-07574-5,True,unpaywall,https://www.nature.com/articles/s41599-026-07574-5_reference.pdf,publisher
1448,10.1007/s10668-023-04234-5,False,,,
1450,10.1007/s00180-022-01259-8,True,unpaywall,https://link.springer.com/content/pdf/10.1007/s00180-022-01259-8.pdf,publisher
1451,10.1016/j.econlet.2021.109835,True,unpaywall,https://hal.science/hal-03323669/document,repository
1452,10.1016/j.eneco.2021.105753,False,,,
1453,10.1080/10618600.2019.1575745,False,,,
1454,10.1080/10618600.2025.2610387,False,,,
1455,10.1214/23-AAP2019,True,unpaywall,https://projecteuclid.org/journals/annals-of-applied-probability/volume-34/issue-2/A-feasible-central-limit-theorem-for-realised-covariation-of-SPDEs/10.1214/23-AAP2019.pdf,publisher
1457,10.1007/s00362-025-01698-7,False,,,
1458,10.21437/Interspeech.2019-2143,False,,,
1459,10.1080/03610926.2017.1359292,False,,,
1460,10.1002/wics.1525,True,unpaywall,https://ink.library.smu.edu.sg/lkcsb_research/6688,repository
1461,,False,,,sin_doi
1462,10.1007/s00180-018-0816-9,False,,,
1463,10.1111/jtsa.12302,True,unpaywall,https://arxiv.org/pdf/1801.05466,repository
1464,10.1155/jom/2159604,True,unpaywall,https://onlinelibrary.wiley.com/doi/pdfdirect/10.1155/jom/2159604,publisher
1465,10.1080/07474938.2020.1772570,False,,,
1466,10.1007/s00180-026-01791-x,False,,,
1467,10.1007/s11203-024-09315-4,False,,,
1468,10.1016/j.ijar.2021.10.008,False,,,
1469,10.1057/s41599-026-07091-5,True,unpaywall,https://www.nature.com/articles/s41599-026-07091-5_reference.pdf,publisher
1470,10.1016/j.eneco.2021.105117,False,,,
1471,10.1214/20-EJS1796,True,unpaywall,https://projecteuclid.org/journals/electronic-journal-of-statistics/volume-15/issue-1/Detecting-structural-breaks-in-eigensystems-of-functional-time-series/10.1214/20-EJS1796.pdf,publisher
1472,10.1016/j.knosys.2018.10.035,True,semantic_scholar,https://arxiv.org/pdf/1805.05617,
1473,10.1007/s00184-019-00757-y,False,,,
1474,10.1016/j.physa.2018.12.036,True,unpaywall,http://hdl.handle.net/10234/178949,repository
1475,10.1214/24-EJS2290,True,unpaywall,https://doi.org/10.1214/24-ejs2290,publisher
1476,10.1080/03610918.2025.2458578,True,unpaywall,https://www.tandfonline.com/doi/pdf/10.1080/03610918.2025.2458578?needAccess=true,publisher
1477,10.1016/j.econlet.2025.112350,False,,,
1478,10.1111/stan.12290,False,,,
1479,10.1080/1540496X.2020.1808458,True,unpaywall,https://repository.up.ac.za/bitstream/2263/79955/1/Caldeira_Forecasting_2021.pdf,repository
1480,10.1017/asb.2018.34,True,unpaywall,https://ebuah.uah.es/dspace/bitstream/10017/59167/3/how_albarran_ABTJI_2019.pdf,repository
1481,10.1016/j.csda.2022.107647,True,semantic_scholar,https://www.sciencedirect.com/science/article/am/pii/S0167947322002274,
1482,10.1080/10485252.2026.2711599,False,,,
1483,10.1016/j.ins.2021.09.057,True,unpaywall,https://doi.org/10.1016/j.ins.2021.09.057,publisher
1485,10.1016/j.econlet.2018.05.038,False,,,
1486,10.1017/asb.2020.3,True,unpaywall,https://arxiv.org/pdf/2001.03658,repository
1487,10.1016/j.ins.2021.12.113,False,,,
1488,10.1162/netn_a_00372,True,unpaywall,https://direct.mit.edu/netn/article-pdf/doi/10.1162/netn_a_00372/2348514/netn_a_00372.pdf,publisher
1489,10.1080/10618600.2022.2034640,True,unpaywall,https://doi.org/10.1080/10618600.2022.2034640,publisher
1490,10.3390/e27060552,True,unpaywall,https://www.mdpi.com/1099-4300/27/6/552/pdf?version=1748076668,publisher
1491,10.1016/j.jeconom.2019.01.006,True,semantic_scholar,https://mpra.ub.uni-muenchen.de/83990/1/MPRA_paper_83990.pdf,
1492,10.1016/j.energy.2023.129355,False,,,
1493,10.1146/annurev-statistics-032921-033726,True,unpaywall,https://www.annualreviews.org/doi/pdf/10.1146/annurev-statistics-032921-033726,publisher
1494,10.1016/j.frl.2021.101933,True,unpaywall,https://hal.science/hal-03323675/document,repository
1495,10.1186/s12859-019-2717-5,True,unpaywall,https://bmcbioinformatics.biomedcentral.com/track/pdf/10.1186/s12859-019-2717-5,publisher
1496,10.1080/01621459.2026.2625441,False,,,
1497,10.1007/s11203-025-09328-7,True,unpaywall,https://link.springer.com/content/pdf/10.1007/s11203-025-09328-7.pdf,publisher
1498,10.1016/j.trip.2022.100752,True,unpaywall,https://doi.org/10.1016/j.trip.2022.100752,publisher
1499,10.1515/strm-2019-0029,False,,,
1500,10.1007/s41237-025-00278-1,True,unpaywall,https://link.springer.com/content/pdf/10.1007/s41237-025-00278-1.pdf,publisher
1501,10.1016/j.jmva.2020.104673,True,unpaywall,https://www.sciencedirect.com/science/article/am/pii/S0047259X20302542?via%3Dihub,publisher
1502,10.1111/jtsa.70007,True,unpaywall,https://onlinelibrary.wiley.com/doi/pdfdirect/10.1111/jtsa.70007,publisher
1503,10.1109/BigData55660.2022.10020482,True,semantic_scholar,http://arxiv.org/pdf/2301.00357,
1504,10.3390/math14091455,True,unpaywall,https://www.mdpi.com/2227-7390/14/9/1455/pdf?version=1777191180,publisher
1505,10.1016/j.energy.2024.131096,False,,,
1506,10.1214/21-EJS1960,True,unpaywall,https://projecteuclid.org/journals/electronic-journal-of-statistics/volume-16/issue-1/Finite-sample-theory-for-high-dimensional-functional-scalar-time-series/10.1214/21-EJS1960.pdf,publisher
1507,10.1002/wics.1567,True,unpaywall,https://onlinelibrary.wiley.com/doi/pdfdirect/10.1002/wics.1567,publisher
1508,10.1007/s00362-024-01577-7,True,unpaywall,https://doi.org/10.1007/s00362-024-01577-7,publisher
1509,10.1080/00401706.2025.2551351,False,,,
1510,10.1177/01956574241280779,False,,,
1511,10.3150/22-BEJ1464,True,unpaywall,https://projecteuclid.org/journals/bernoulli/volume-29/issue-1/On-consistency-and-sparsity-for-high-dimensional-functional-time-series/10.3150/22-BEJ1464.pdf,publisher
1512,10.1111/rssb.12076,False,,,
1513,,False,,,sin_doi
1514,10.1002/asmb.1954,False,,,
1515,10.1002/qre.2037,False,,,
1516,10.1111/ectj.12024,True,unpaywall,https://academic.oup.com/ectj/article-pdf/17/2/S101/27684893/ectjs101.pdf,publisher
1517,10.1198/jasa.2009.0108,True,unpaywall,http://hdl.handle.net/10016/243,repository
1518,10.1016/j.ecolind.2017.08.016,False,,,
1519,10.1016/j.jkss.2014.06.005,False,,,
1520,10.1214/16-BA1004,True,unpaywall,https://projecteuclid.org/journals/bayesian-analysis/volume-12/issue-2/Bayesian-Functional-Data-Modeling-for-Heterogeneous-Volatility/10.1214/16-BA1004.pdf,publisher
1521,10.18637/jss.v072.i02,True,unpaywall,https://www.jstatsoft.org/index.php/jss/article/view/v072i02/v72i02.pdf,publisher
1522,10.21307/stattrans-2018-019,True,unpaywall,https://doi.org/10.21307/stattrans-2018-019,publisher
1523,10.1016/j.jce.2015.10.004,False,,,
1524,10.1007/s11009-013-9329-8,False,,,
1525,10.1002/wics.1419,False,,,
1526,10.1016/j.jeconom.2015.06.025,True,unpaywall,https://www.sciencedirect.com/science/article/am/pii/S0304407615003036?via%3Dihub,publisher
1527,10.2436/20.8080.02.67,False,,,
1528,10.1080/02664763.2012.740619,False,,,
1529,10.1007/978-3-319-59147-6_13,True,semantic_scholar,https://arxiv.org/pdf/1702.02165,
1530,10.1007/978-3-319-18732-7_6,False,,,
1531,10.1016/j.ecolind.2015.05.005,False,,,
1532,10.1198/004017005000000067,False,,,
1533,10.1080/07350015.2016.1148040,False,,,
1534,10.1007/s10986-014-9224-1,False,,,
1535,10.1108/JRF-03-2016-0030,False,,,
1536,10.1007/978-3-319-55723-6_17,True,unpaywall,http://ifcs.boku.ac.at/_conference/index.php/ifcs2015,repository
1537,10.1002/for.2498,False,,,
1538,,False,,,sin_doi
1539,10.1002/env.912,False,,,
1540,10.1016/j.najef.2015.04.006,False,,,
1541,10.1007/3-540-27373-5_40,False,,,
1542,10.1080/01621459.2016.1219259,True,semantic_scholar,http://sfb649.wiwi.hu-berlin.de/papers/pdf/SFB649DP2014-030.pdf,
1543,10.1016/j.econlet.2013.09.026,True,unpaywall,https://papers.ssrn.com/sol3/papers.cfm?abstract_id=2467927,repository
1544,10.1016/j.spa.2012.12.011,True,unpaywall,https://www.sciencedirect.com/science/article/pii/S0304414912002724/pdf,publisher
1545,10.1111/ectj.12006,False,,,
1546,10.1186/1471-2105-10-S1-S32,True,unpaywall,https://bmcbioinformatics.biomedcentral.com/counter/pdf/10.1186/1471-2105-10-S1-S32,publisher
1547,10.1007/s13163-015-0169-7,False,,,
1548,10.1016/j.csda.2014.06.008,True,semantic_scholar,https://www.sciencedirect.com/science/article/am/pii/S0167947314001790,
1549,10.32614/rj-2013-006,True,unpaywall,https://journal.r-project.org/archive/2013/RJ-2013-006/RJ-2013-006.pdf,publisher
1550,10.1214/17-AOS1645,True,unpaywall,https://projecteuclid.org/journals/annals-of-statistics/volume-46/issue-6A/Testing-for-periodicity-in-functional-time-series/10.1214/17-AOS1645.pdf,publisher
1551,10.1002/for.1169,True,semantic_scholar,http://www.eco.uc3m.es/temp/Cao%202.pdf,
1552,10.1017/S0266466614000784,False,,,
1553,10.1002/(SICI)1526-4025(199910/12)15:4<227::AID-ASMB388>3.0.CO;2-C,False,,,
1554,10.1201/b16597,False,,,
1555,10.1002/cjs.11231,True,unpaywall,https://ri.conicet.gov.ar/bitstream/11336/13366/1/CONICET_Digital_Nro.11632.pdf,repository
1556,10.1016/j.csda.2012.03.009,True,semantic_scholar,http://anson.ucdavis.edu/~mueller/stick3.pdf,
1557,10.1016/j.jmva.2008.12.008,True,semantic_scholar,https://doi.org/10.1016/j.jmva.2008.12.008,
1558,,False,,,sin_doi
1559,10.1177/1471082X13508262,False,,,
1560,10.1016/j.jkss.2009.06.002,False,,,
1561,10.1017/S0266466612000023,False,,,
1562,10.1111/jtsa.12192,True,semantic_scholar,https://arxiv.org/pdf/1509.03813,
1563,10.1080/03610920802001870,False,,,
1564,10.1016/j.jmva.2015.09.002,True,semantic_scholar,https://doi.org/10.1016/j.jmva.2015.09.002,
1565,10.1007/s11749-014-0368-4,False,,,
1566,10.1080/00401706.2012.657106,False,,,
1567,10.1007/978-3-319-05801-6_5,False,,,
1568,10.1214/16-AOAS953,True,unpaywall,https://projecteuclid.org/journals/annals-of-applied-statistics/volume-10/issue-3/Mortality-and-life-expectancy-forecasting-for-a-group-of-populations/10.1214/16-AOAS953.pdf,publisher
1569,10.1016/j.jspi.2013.08.009,False,,,
1570,10.1093/bioinformatics/btx104,True,unpaywall,https://academic.oup.com/bioinformatics/article-pdf/33/13/1944/49040509/bioinformatics_33_13_1944.pdf,publisher
1571,10.4310/SII.2017.v10.n1.a8,False,,,
1572,10.1214/15-AOAS861,True,unpaywall,https://projecteuclid.org/journals/annals-of-applied-statistics/volume-9/issue-4/The-discriminative-functional-mixture-model-for-a-comparative-analysis-of/10.1214/15-AOAS861.pdf,publisher
1573,10.3390/risks5020021,True,unpaywall,https://www.mdpi.com/2227-9091/5/2/21/pdf?version=1490436835,publisher
1574,10.1016/j.jmva.2017.01.005,True,unpaywall,https://www.sciencedirect.com/science/article/pii/S0047259X17300118/pdf,publisher
1575,10.1016/j.jeconom.2016.04.004,False,,,
1576,10.1016/j.csda.2007.09.015,True,unpaywall,https://www.sciencedirect.com/science/article/pii/S0167947307003519,publisher
1577,10.1016/j.jmva.2014.09.011,True,unpaywall,https://www.sciencedirect.com/science/article/pii/S0047259X14002188/pdf,publisher
1578,10.1137/1.9781611974331.ch55,True,semantic_scholar,https://arxiv.org/pdf/1512.04349,
1579,10.1111/rssb.12257,True,semantic_scholar,https://arxiv.org/pdf/1511.04020,
1580,10.1111/j.1467-9574.2010.00449.x,False,,,
1581,10.1080/02664760500080124,False,,,
1582,10.21307/stattrans-2016-032,True,unpaywall,https://sciendo.com/pdf/10.21307/stattrans-2016-032,publisher
1583,10.1111/jtsa.12264,True,semantic_scholar,https://arxiv.org/pdf/1612.04996,
1585,10.1002/sam.11366,True,unpaywall,https://www.ncbi.nlm.nih.gov/pmc/articles/5927610,repository
1586,10.1080/01621459.2014.909317,True,semantic_scholar,https://escholarship.org/content/qt3rf4859c/qt3rf4859c.pdf?t=o1cy1b,
1587,10.1007/978-3-319-05014-0_1,False,,,
1588,10.1007/978-1-4614-7846-1_3,False,,,
1589,10.1214/07-AOS516,True,unpaywall,https://projecteuclid.org/journals/annals-of-statistics/volume-37/issue-1/Common-functional-principal-components/10.1214/07-AOS516.pdf,publisher
1590,10.3150/13-BEJ592,True,unpaywall,https://projecteuclid.org/journals/bernoulli/volume-21/issue-2/Two-sample-inference-for-the-second-order-property-of-temporally/10.3150/13-BEJ592.pdf,publisher
1591,10.1007/978-3-319-73848-2_39,False,,,
1592,10.1007/978-3-642-34384-1_61,False,,,
1593,10.1016/j.jmva.2017.08.004,True,unpaywall,https://www.sciencedirect.com/science/article/pii/S0047259X17303512/pdf,publisher
1594,10.1214/12-AOAS565,True,unpaywall,https://arxiv.org/pdf/1301.2894,repository
1595,10.1080/00036846.2015.1105925,False,,,
1596,,False,,,sin_doi
1597,10.1007/3-540-27373-5_42,False,,,
1598,10.1177/0962280215595832,True,unpaywall,https://www.research.ed.ac.uk/en/publications/8b592b2a-454e-4a66-9c82-26241a99e4ee,repository
1599,10.1007/978-3-642-02397-2_37,False,,,
1601,10.1007/s11203-015-9130-0,False,,,
1602,10.1214/17-EJS1384,True,unpaywall,https://projecteuclid.org/journals/electronic-journal-of-statistics/volume-12/issue-1/Locally-stationary-functional-time-series/10.1214/17-EJS1384.pdf,publisher
1603,10.1080/02331888.2015.1128937,False,,,
1604,10.1080/03610926.2013.784993,False,,,
1606,10.1111/1467-9469.00215,False,,,
1608,10.1142/S0219477517500146,False,,,
1610,10.1016/j.jmva.2016.01.007,True,unpaywall,https://www.sciencedirect.com/science/article/pii/S0047259X16000105/pdf,publisher
1611,10.1111/jtsa.12095,False,,,
1612,10.1007/978-3-662-44983-7_11,False,,,
1614,10.1007/978-3-319-27274-0_1,False,,,
1615,10.1016/j.jeconom.2011.08.002,True,semantic_scholar,http://anson.ucdavis.edu/~mueller/vola15.pdf,
1616,,False,,,sin_doi
1619,10.1080/02664763.2012.754852,False,,,
1620,10.1214/16-EJS1190,True,unpaywall,https://projecteuclid.org/journals/electronic-journal-of-statistics/volume-10/issue-2/Bayesian-nonparametric-forecasting-of-monotonic-functional-time-series/10.1214/16-EJS1190.pdf,publisher
1621,10.1111/j.1368-423X.2008.00266.x,False,,,
1622,10.1016/j.jmva.2013.04.009,True,semantic_scholar,https://doi.org/10.1016/j.jmva.2013.04.009,
1623,10.1016/j.spa.2007.10.006,True,unpaywall,https://www.sciencedirect.com/science/article/pii/S0304414907001780/pdf,publisher
1624,10.1016/j.ecosta.2016.09.002,False,,,
1625,10.1080/07474946.2015.1063257,False,,,
1626,10.1201/9781315117416,True,semantic_scholar,http://digitool.Library.McGill.CA:80/webclient/DeliveryManager?pid=145074&custom_att_2=direct,
1627,10.1177/1094428112457830,False,,,
1630,10.1016/j.spl.2017.09.013,False,,,
1631,10.1137/1.9781611972795.7,True,semantic_scholar,https://epubs.siam.org/doi/pdf/10.1137/1.9781611972795.7,
1632,10.1016/j.jmva.2017.05.003,True,unpaywall,https://www.sciencedirect.com/science/article/pii/S0047259X17303056/pdf,publisher
1633,10.1016/j.jspi.2016.02.001,False,,,
1634,10.1080/01621459.2013.788980,True,unpaywall,https://www.ncbi.nlm.nih.gov/pmc/articles/3872138,repository
1635,10.1007/s00357-014-9163-x,True,unpaywall,http://hdl.handle.net/10016/33300,repository
1636,10.1016/j.csda.2015.11.008,False,,,
1637,10.1111/j.0006-341X.2004.00191.x,False,,,
1638,10.1016/j.jmva.2016.07.005,True,unpaywall,https://www.sciencedirect.com/science/article/pii/S0047259X16300495/pdf,publisher
1639,10.1016/B978-0-444-53858-1.00007-7,False,,,
1640,10.1007/BF02595710,False,,,
1641,10.1515/strm-2016-0010,False,,,
1642,10.1007/s10260-016-0356-9,False,,,
1643,10.1016/j.spl.2016.06.014,True,unpaywall,https://arxiv.org/pdf/1604.02702,repository
1644,10.1080/00224065.2014.11917966,False,,,
1645,10.32614/rj-2011-019,True,unpaywall,https://journal.r-project.org/archive/2011/RJ-2011-019/RJ-2011-019.pdf,publisher
1646,10.1198/jasa.2011.ap10111,False,,,
1647,10.1002/for.2467,False,,,
1648,10.1080/10485250310001622686,False,,,
1649,10.1111/j.1467-9892.2012.00816.x,False,,,
1650,10.1016/B978-0-08-044894-7.01329-4,False,,,
1651,10.1016/j.jmva.2007.04.010,True,unpaywall,https://www.sciencedirect.com/science/article/pii/S0047259X07000644/pdf,publisher
1653,10.1016/j.jeconom.2013.11.002,False,,,
1654,10.1016/j.jmva.2015.09.019,True,unpaywall,https://www.sciencedirect.com/science/article/pii/S0047259X1500233X/pdf,publisher
1655,10.1016/j.ecoinf.2017.04.010,False,,,
1656,10.1198/016214507000001111,False,,,
1657,10.1214/09-AOS768,True,unpaywall,https://projecteuclid.org/journals/annals-of-statistics/volume-38/issue-3/Weakly-dependent-functional-data/10.1214/09-AOS768.pdf,publisher
1658,,False,,,sin_doi
1659,10.1111/j.1467-9868.2012.01032.x,True,unpaywall,https://academic.oup.com/jrsssb/article-pdf/75/1/103/49509739/jrsssb_75_1_103.pdf,publisher
1660,10.1214/11-AOAS518,True,unpaywall,https://projecteuclid.org/journals/annals-of-applied-statistics/volume-6/issue-2/Functional-factor-analysis-for-periodic-remote-sensing-data/10.1214/11-AOAS518.pdf,publisher
1661,10.1198/tech.2009.08100,False,,,
1663,10.1214/18-EJS1505,True,unpaywall,https://projecteuclid.org/journals/electronic-journal-of-statistics/volume-12/issue-2/Optimal-prediction-for-additive-function-on-function-regression/10.1214/18-EJS1505.pdf,publisher
1664,10.1080/1351847X.2016.1271441,True,unpaywall,https://pureadmin.qub.ac.uk/ws/files/121298208/FX_IV_FDA_Blinded_R_R_FM_MC_Trading_Piece.pdf,repository
1665,10.1109/SERVICES.2017.20,False,,,
1670,10.1093/jjfinec/nbm005,False,,,
1671,10.1515/demo-2018-0013,True,unpaywall,https://www.degruyter.com/document/doi/10.1515/demo-2018-0013/pdf,publisher
1672,10.1016/j.csda.2006.07.028,True,semantic_scholar,https://figshare.com/articles/journal_contribution/Robust_forecasting_of_mortality_and_fertility_rates_a_functional_data_approach/5080543/1/files/8598706.pdf,
1674,10.1214/13-AOAS652,True,unpaywall,https://projecteuclid.org/journals/annals-of-applied-statistics/volume-7/issue-3/Modeling-and-forecasting-electricity-spot-prices--A-functional-data/10.1214/13-AOAS652.pdf,publisher
1675,10.1002/env.2327,False,,,
1676,10.1016/j.ins.2017.04.008,False,,,
1677,10.1016/j.csda.2008.07.001,True,unpaywall,https://www.sciencedirect.com/science/article/pii/S0167947308003332,publisher
1678,10.1214/009053607000000082,True,unpaywall,https://projecteuclid.org/journals/annals-of-statistics/volume-35/issue-4/Nonparametric-estimation-of-correlation-functions-in-longitudinal-and-spatial-data/10.1214/009053607000000082.pdf,publisher
1679,10.1016/j.jmva.2017.10.004,True,unpaywall,https://www.sciencedirect.com/science/article/pii/S0047259X1730622X/pdf,publisher
1680,10.1016/j.ecosta.2016.08.004,True,unpaywall,https://arxiv.org/pdf/1608.07029,repository
1681,10.1007/s11222-016-9712-8,True,semantic_scholar,http://arxiv.org/pdf/1610.00773,
1682,10.1214/11-EJS655,True,unpaywall,https://projecteuclid.org/journals/electronic-journal-of-statistics/volume-5/issue-none/Testing-the-structural-stability-of-temporally-dependent-functional-observations-and/10.1214/11-EJS655.pdf,publisher
1683,10.1080/02331880802184961,False,,,
1684,10.1007/978-3-642-10268-4_53,True,unpaywall,https://link.springer.com/content/pdf/10.1007/978-3-642-10268-4_53.pdf,publisher
1686,10.1111/rssc.12252,True,unpaywall,https://arxiv.org/pdf/1605.04281,repository
1687,10.1007/978-3-642-13498-2_53,False,,,
1688,10.3997/2214-4609.201413601,False,,,
1689,10.1016/j.ecosta.2016.10.009,True,unpaywall,https://arxiv.org/pdf/1603.02049,repository
1690,10.1080/07362994.2013.777281,False,,,
1691,10.1214/16-AOAS923,True,unpaywall,https://projecteuclid.org/journals/annals-of-applied-statistics/volume-10/issue-2/Clustering-Chlorophyll-a-satellite-data-using-quantiles/10.1214/16-AOAS923.pdf,publisher
1692,10.1016/j.jmva.2015.11.005,True,unpaywall,https://www.sciencedirect.com/science/article/pii/S0047259X15002730/pdf,publisher
1693,10.1007/978-3-642-28894-4_16,False,,,
1694,10.1155/2014/365204,True,unpaywall,https://downloads.hindawi.com/journals/ddns/2014/365204.pdf,publisher
1696,,False,,,sin_doi
1698,10.1007/s00180-012-0308-2,False,,,
1699,10.1007/978-3-642-24466-7_3,False,,,
1700,10.1214/14-AOAS723,True,unpaywall,https://projecteuclid.org/journals/annals-of-applied-statistics/volume-8/issue-2/Pairwise-comparison-of-treatment-levels-in-functional-analysis-of-variance/10.1214/14-AOAS723.pdf,publisher
1702,10.1016/j.heliyon.2023.e18334,True,unpaywall,http://www.cell.com/article/S2405844023055421/pdf,publisher
1704,10.1214/26-BJPS665,False,,,
1705,10.1109/ICI2ST57350.2022.00022,False,,,
1706,10.3390/stats5040059,True,unpaywall,https://www.mdpi.com/2571-905X/5/4/59/pdf?version=1666952816,publisher
1714,10.1007/s10260-015-0340-9,False,,,
1722,10.1002/sim.70597,True,unpaywall,https://research.wur.nl/en/publications/bayesian-spatial-functional-data-clustering-applications-in-disea,repository
1730,10.3390/resources15030040,True,unpaywall,https://www.mdpi.com/2079-9276/15/3/40/pdf?version=1772621601,publisher
1731,10.1016/j.apenergy.2026.127390,True,unpaywall,https://doi.org/10.1016/j.apenergy.2026.127390,publisher
1733,10.1007/s00704-025-05421-2,False,,,
1735,10.1007/s10651-022-00544-5,False,,,
1738,,False,,,sin_doi
1741,10.1016/j.jtrangeo.2026.104704,True,unpaywall,https://doi.org/10.1016/j.jtrangeo.2026.104704,publisher
1743,10.3390/s21124094,True,unpaywall,https://www.mdpi.com/1424-8220/21/12/4094/pdf?version=1623677606,publisher
1749,10.1016/j.pocean.2023.103120,True,unpaywall,https://www.sciencedirect.com/science/article/am/pii/S0079661123001635?via%3Dihub,publisher
1750,10.1016/j.actatropica.2020.105788,True,unpaywall,https://ars.els-cdn.com/content/image/1-s2.0-S0001706X20317010-fx1_lrg.jpg,publisher
1751,10.1007/978-3-030-90241-4_18,False,,,
1753,10.3390/SU12010131,True,unpaywall,https://www.mdpi.com/2071-1050/12/1/131/pdf?version=1577093085,publisher
1754,10.1080/03610926.2012.753087,True,unpaywall,http://hdl.handle.net/10234/166927,repository
1755,10.1111/ppa.70173,True,unpaywall,https://doi.org/10.1111/ppa.70173,publisher
1756,10.1016/j.renene.2022.03.049,True,unpaywall,https://www.sciencedirect.com/science/article/pii/S0960148122003329,publisher
1760,10.1016/j.jmva.2024.105381,True,unpaywall,https://doi.org/10.1016/j.jmva.2024.105381,publisher
1762,10.3390/math11040815,True,unpaywall,https://www.mdpi.com/2227-7390/11/4/815/pdf?version=1675669974,publisher
1763,10.3390/s26134301,True,unpaywall,https://doi.org/10.3390/s26134301,publisher
1765,10.1002/env.70071,True,unpaywall,https://doi.org/10.1002/env.70071,publisher
1770,10.1111/jbi.14534,True,unpaywall,https://onlinelibrary.wiley.com/doi/pdfdirect/10.1111/jbi.14534,publisher
1775,10.1007/s00477-016-1266-y,False,,,
1777,10.1109/ICI2ST57350.2022.00023,False,,,
1778,10.1002/joc.5504,True,unpaywall,https://rmets.onlinelibrary.wiley.com/doi/abs/10.1002/joc.5504,repository
1779,10.11144/JAVERIANA.SC25-1.FAOV,True,unpaywall,https://revistas.javeriana.edu.co/index.php/scientarium/article/download/22249/23662,publisher
1783,10.1007/s11749-020-00733-z,True,unpaywall,https://arxiv.org/pdf/1904.11518,repository
1787,10.1007/s12122-019-09296-x,False,,,
1789,10.1007/s00704-025-05444-9,False,,,
1790,10.3390/math8010058,True,unpaywall,https://doi.org/10.3390/math8010058,publisher
1791,10.5220/0007839701450151,True,unpaywall,https://doi.org/10.5220/0007839701450151,
1792,10.1111/j.1541-0420.2009.01293.x,False,,,
1797,10.3150/24-BEJ1753,True,unpaywall,https://centaur.reading.ac.uk/115802/1/fsvM.pdf,repository
1798,10.3390/en15093423,True,unpaywall,https://www.mdpi.com/1996-1073/15/9/3423/pdf?version=1652077670,publisher
1799,10.1016/j.ijforecast.2021.07.011,True,unpaywall,https://arxiv.org/pdf/2107.14026,repository
1800,10.1080/00036846.2020.1808184,False,,,
1802,10.18576/jsap/110213,False,,,
1803,10.1016/j.rinam.2026.100709,True,unpaywall,https://doi.org/10.1016/j.rinam.2026.100709,publisher
1804,10.1080/07350015.2025.2505493,False,,,
1805,10.1111/jtsa.12495,False,,,
1806,10.1016/j.kjs.2025.100529,True,unpaywall,https://doi.org/10.1016/j.kjs.2025.100529,publisher
1808,10.1007/s10614-025-10843-1,False,,,
1810,10.1016/j.ijforecast.2017.08.001,False,,,
1811,10.1016/j.jeconom.2015.03.019,True,unpaywall,http://hdl.handle.net/1765/77763,repository
1812,10.1080/26941899.2022.2152764,True,unpaywall,https://doi.org/10.1080/26941899.2022.2152764,publisher
1813,10.1111/jtsa.12229,True,unpaywall,https://arxiv.org/pdf/1604.02724,repository
1814,10.3390/jrfm14080343,True,unpaywall,https://www.mdpi.com/1911-8074/14/8/343/pdf,publisher
1815,10.1016/j.jeconom.2015.03.030,True,semantic_scholar,http://manuscript.elsevier.com/S0304407615001086/pdf/S0304407615001086.pdf,
1816,10.1214/15-EJS1052,True,unpaywall,https://projecteuclid.org/journals/electronic-journal-of-statistics/volume-9/issue-2/Simultaneous-inference-of-the-mean-of-functional-time-series/10.1214/15-EJS1052.pdf,publisher
1818,10.20965/jaciii.2020.p0265,True,unpaywall,https://doi.org/10.20965/jaciii.2020.p0265,publisher
1820,10.1002/for.2732,True,unpaywall,https://arxiv.org/pdf/2010.05320,repository
1821,10.1002/for.3170,True,unpaywall,https://onlinelibrary.wiley.com/doi/pdfdirect/10.1002/for.3170,publisher
1822,10.1080/07350015.2021.2011299,True,unpaywall,https://figshare.com/articles/journal_contribution/Modeling_functional_time_series_and_mixed-type_predictors_with_partially_functional_autoregressions_/17124071,repository
1823,10.1155/jom/8695947,True,unpaywall,https://onlinelibrary.wiley.com/doi/pdfdirect/10.1155/jom/8695947,publisher
1825,10.1016/j.jhydrol.2019.124141,False,,,
1826,10.1029/2024EA003564,True,unpaywall,https://doi.org/10.1029/2024ea003564,publisher
1827,10.1214/16-AOAS1004,True,unpaywall,https://arxiv.org/pdf/1412.1843,repository
1830,10.1002/fut.22538,False,,,
1832,10.1109/TSG.2013.2277171,False,,,
1834,,False,,,sin_doi
1835,10.1016/j.jeconom.2025.106089,False,,,
1836,10.1109/ACCESS.2025.3631725,True,unpaywall,https://doi.org/10.1109/access.2025.3631725,publisher
1837,10.1016/j.jcomm.2023.100361,True,unpaywall,https://doi.org/10.1016/j.jcomm.2023.100361,publisher
1838,,False,,,sin_doi
1839,10.1007/s00704-026-06204-z,True,unpaywall,https://www.researchsquare.com/article/rs-7807830/latest.pdf,repository
1840,10.1016/j.ijforecast.2019.08.003,True,semantic_scholar,https://centaur.reading.ac.uk/85666/1/Manuscript.pdf,
1841,,False,,,sin_doi
1842,10.1017/S0266466612000345,True,semantic_scholar,https://arxiv.org/pdf/1105.0343.pdf,
1843,10.1016/j.ijforecast.2019.10.006,True,unpaywall,https://kar.kent.ac.uk/93923/1/IJF_final.pdf,repository
1844,10.1007/s11071-022-07927-0,True,unpaywall,https://link.springer.com/content/pdf/10.1007/s11071-022-07927-0.pdf,publisher
1846,10.1080/03610918.2022.2163258,False,,,
1847,10.1111/jtsa.12642,True,unpaywall,https://onlinelibrary.wiley.com/doi/pdfdirect/10.1111/jtsa.12642,publisher
1848,10.1016/j.jmva.2016.07.002,True,unpaywall,https://www.sciencedirect.com/science/article/pii/S0047259X1630046X/pdf,publisher
1849,10.1198/016214508000000922,True,semantic_scholar,https://doi.org/10.24149/wp0804,
1850,10.3390/math10203919,True,unpaywall,https://www.mdpi.com/2227-7390/10/20/3919/pdf?version=1666599970,publisher
1851,10.1080/00036846.2025.2497560,False,,,
1852,10.1016/j.jmva.2021.104873,True,semantic_scholar,https://doi.org/10.1016/j.jmva.2021.104873,
1853,10.1002/asmb.2665,False,,,
1854,10.5705/ss.202024.0028,True,unpaywall,http://dx.doi.org/10.5705/ss.202024.0028,publisher
1856,10.1002/cjs.70043,True,unpaywall,https://doi.org/10.1002/cjs.70043,publisher
1857,10.1111/sjos.70069,False,,,
1858,10.5705/ss.202023.0246,True,unpaywall,https://doi.org/10.5705/ss.202023.0246,publisher
1859,10.1214/26-AOAS2141,False,,,
1860,,True,arxiv_url,https://arxiv.org/abs/2605.06417,arxiv
1861,,True,arxiv_url,https://arxiv.org/abs/2207.06229,arxiv
1862,10.20142/j.cnki.amas.202501043,False,,,
1863,10.1142/S0219691325500353,False,,,
1864,10.1007/978-3-031-92383-8_62,False,,,
1865,10.1007/978-3-031-92383-8_61,False,,,
1866,10.1007/978-3-031-92383-8_60,False,,,
1867,10.1007/978-3-031-92383-8_52,False,,,
1868,10.1007/978-3-031-92383-8_41,False,,,
1869,10.1007/978-3-031-92383-8_34,False,,,
1870,10.1007/978-3-031-92383-8_33,True,unpaywall,https://eprints.gla.ac.uk/356493/2/356493.pdf,repository
1871,10.1007/978-3-031-92383-8_28,False,,,
1872,10.1007/978-3-031-92383-8_24,False,,,
1873,10.1007/978-3-031-92383-8_3,False,,,
1874,10.1007/978-3-031-92383-8_2,True,unpaywall,https://upcommons.upc.edu/bitstreams/58c98d9d-0d01-42db-9dd2-6cf971dd78c0/download,repository
1875,10.1093/biomet/asaf040,True,unpaywall,https://academic.oup.com/biomet/advance-article-pdf/doi/10.1093/biomet/asaf040/63406942/asaf040.pdf,publisher
1876,,False,,,sin_doi
1877,10.1137/24M1690667,False,,,
1878,10.1002/sim.70265,True,unpaywall,https://doi.org/10.1002/sim.70265,publisher
1879,10.5705/ss.202023.0146,True,unpaywall,https://doi.org/10.5705/ss.202023.0146,publisher
1880,10.5705/ss.202023.0071,True,unpaywall,https://doi.org/10.5705/ss.202023.0071,publisher
1881,10.1080/03610926.2024.2431202,False,,,
1882,10.1214/25-EJS2400,True,unpaywall,https://projecteuclid.org/journals/electronic-journal-of-statistics/volume-19/issue-1/Adaptive-nonparametric-estimation-in-the-functional-linear-model-with-functional/10.1214/25-EJS2400.pdf,publisher
1883,10.1002/sta4.70047,True,unpaywall,https://onlinelibrary.wiley.com/doi/pdfdirect/10.1002/sta4.70047,publisher
1884,10.1080/10618600.2024.2362227,True,semantic_scholar,https://arxiv.org/pdf/2306.07168,
1886,10.1007/s00180-024-01572-4,False,,,
1887,10.3150/24-BEJ1789,False,,,
1888,10.3934/fods.2024046,True,unpaywall,https://doi.org/10.3934/fods.2024046,publisher
1889,10.5705/ss.202022.0312,True,unpaywall,https://doi.org/10.5705/ss.202022.0312,publisher
1890,10.1007/s11222-025-10569-y,True,unpaywall,https://link.springer.com/content/pdf/10.1007/s11222-025-10569-y.pdf,publisher
1891,,True,arxiv_url,https://arxiv.org/abs/2212.10790,arxiv
1892,10.1093/biomet/asp069,False,,,
1893,10.1016/j.csda.2020.107016,False,,,
1894,10.1016/j.csda.2006.08.011,True,unpaywall,http://hdl.handle.net/10481/72995,repository
1895,10.1007/s11425-014-4819-x,False,,,
1896,10.1016/j.csda.2021.107192,False,,,
1897,10.1214/17-AOAS1050,True,unpaywall,https://projecteuclid.org/journals/annals-of-applied-statistics/volume-11/issue-3/Dynamic-prediction-of-disease-progression-for-leukemia-patients-by-functional/10.1214/17-AOAS1050.pdf,publisher
1898,10.1007/s11425-020-1848-8,False,,,
1899,10.5705/ss.202022.0309,True,unpaywall,https://doi.org/10.5705/ss.202022.0309,publisher
1900,10.1177/1471082X16681333,False,,,
1901,10.1002/sta4.435,False,,,
1902,10.3969/j.issn.1001-4268.2017.02.005,False,,,
1903,,False,,,sin_doi
1904,10.1007/s00466-015-1185-7,False,,,
1906,10.1002/nme.5801,False,,,
1907,10.1007/s00362-015-0710-2,True,unpaywall,https://arxiv.org/pdf/1502.00412,repository
1910,,False,,,sin_doi
1911,10.1111/rssb.12310,True,semantic_scholar,http://minerva-access.unimelb.edu.au/bitstreams/17951c2a-8500-5223-84f4-57b86de4aa8c/download,
1912,10.7540/j.ynu.20200385,False,,,
1914,10.1007/s11424-017-5263-0,False,,,
1915,10.1007/978-3-031-15885-8_9,True,unpaywall,http://hdl.handle.net/10447/365256,repository
1916,10.1007/s13253-010-0025-7,False,,,
1917,10.1111/biom.12713,True,unpaywall,https://kar.kent.ac.uk/61627/1/Montagna_et_al_BioPractice.pdf,repository
1918,,False,,,sin_doi
1919,10.1007/s11424-023-1431-6,False,,,
1920,,False,,,sin_doi
1921,,False,,,sin_doi
1922,10.1007/0-387-36620-2,False,,,
1923,10.1007/978-3-030-47756-1_18,False,,,
1924,10.1007/978-3-319-59623-5,True,unpaywall,https://doi.org/10.1007/978-3-319-59623-5,repository
1925,10.1214/15-AOS1363,True,unpaywall,https://projecteuclid.org/journals/annals-of-statistics/volume-44/issue-1/Functional-data-analysis-for-density-functions-by-transformation-to-a/10.1214/15-AOS1363.pdf,publisher
1926,10.1111/j.1467-9868.2009.00727.x,False,,,
1927,,False,,,sin_doi
1928,10.1093/biomet/asw007,False,,,
1929,10.1214/13-EJS843,True,unpaywall,https://projecteuclid.org/journals/electronic-journal-of-statistics/volume-7/issue-none/A-Universal-Kriging-predictor-for-spatially-dependent-functional-data-of/10.1214/13-EJS843.pdf,publisher
1930,10.1142/9789814343961_0011,False,,,
1931,,True,arxiv_url,https://arxiv.org/abs/2504.05819,arxiv
1932,10.2307/3316063,False,,,
1933,,True,arxiv_url,https://arxiv.org/abs/2608.27055,arxiv
1934,10.1016/j.csda.2011.11.014,True,unpaywall,https://www.sciencedirect.com/science/article/pii/S0167947311004117,publisher
1935,10.1214/09-EJS379,True,unpaywall,https://projecteuclid.org/journals/electronic-journal-of-statistics/volume-3/issue-none/Weighted-least-squares-methods-for-prediction-in-the-functional-data/10.1214/09-EJS379.pdf,publisher
1936,10.1007/s11009-010-9173-z,True,unpaywall,http://hdl.handle.net/10481/72977,repository
1937,10.1214/15-STS532,True,unpaywall,http://hdl.handle.net/10902/9546,repository
1938,10.5183/jjscs1988.15.2_105,True,unpaywall,https://www.jstage.jst.go.jp/article/jjscs1988/15/2/15_2_105/_pdf,publisher
1939,10.1214/17-AOS1590,True,unpaywall,https://arxiv.org/pdf/1609.00834,repository
1940,10.5705/ss.202016.0130,True,unpaywall,https://www.osti.gov/servlets/purl/1736343,repository
1941,,False,,,sin_doi
1942,10.1016/j.csda.2008.09.015,False,,,
1943,10.1016/j.csda.2004.12.007,False,,,
1944,10.1007/978-3-030-11566-1_3,True,semantic_scholar,https://arxiv.org/pdf/1807.00349,
1946,10.1214/21-AOAS1542,False,,,
1947,10.1214/14-EJS901,True,unpaywall,https://projecteuclid.org/journals/electronic-journal-of-statistics/volume-8/issue-2/Statistics-of-time-warpings-and-phase-variations/10.1214/14-EJS901.pdf,publisher
1948,10.5705/ss.202018.0484,True,unpaywall,https://arxiv.org/pdf/1912.07879,repository
1949,10.1093/biostatistics/3.1.1,True,unpaywall,https://academic.oup.com/biostatistics/article-pdf/3/1/1/601611/030001.pdf,publisher
1950,10.1016/j.csda.2013.03.023,False,,,
1951,10.1016/j.csda.2018.01.018,True,unpaywall,http://hdl.handle.net/11311/1045231,repository
1952,10.1214/15-AIHP706,True,unpaywall,https://hal.science/hal-01978864v1/file/AIHP706.pdf,repository
1953,10.5705/ss.202018.0285,True,semantic_scholar,https://arxiv.org/pdf/1710.08976,
1954,10.1111/jtsa.12473,True,semantic_scholar,http://arxiv.org/pdf/1812.03240,
1955,10.1007/BF02595862,False,,,
1957,10.3150/24-BEJ1755,True,semantic_scholar,http://arxiv.org/pdf/2206.03975,
1958,10.1111/biom.12476,False,,,
1959,10.1007/3-7908-1701-5_4,False,,,
1960,10.5705/ss.202021.0107,True,unpaywall,https://doi.org/10.5705/ss.202021.0107,publisher
1961,10.1016/j.jspi.2014.08.006,True,unpaywall,https://www.ncbi.nlm.nih.gov/pmc/articles/4443904,repository
1962,,False,,,sin_doi
1963,10.1214/19-EJS1673,True,unpaywall,https://projecteuclid.org/journals/electronic-journal-of-statistics/volume-14/issue-1/Parseval-inequalities-and-lower-bounds-for-variance-based-sensitivity-indices/10.1214/19-EJS1673.pdf,publisher
1964,10.1006/jsvi.1998.2072,False,,,
1965,10.1016/j.cam.2022.114444,True,unpaywall,https://www.sciencedirect.com/science/article/pii/S0377042722002102/pdf,publisher
1966,10.3150/21-BEJ1327,True,unpaywall,https://projecteuclid.org/journals/bernoulli/volume-27/issue-4/A-ridge-estimator-of-the-drift-from-discrete-repeated-observations/10.3150/21-BEJ1327.pdf,publisher
1967,10.1007/s42952-020-00052-x,False,,,
1968,10.1214/22-AOS2238,True,unpaywall,http://infoscience.epfl.ch/record/299810,repository
1969,10.1142/S0219691309003288,False,,,
1970,10.1016/j.jmva.2021.104866,True,unpaywall,http://hdl.handle.net/11311/1206464,repository
1972,10.1214/16-EJS1198,True,unpaywall,https://doi.org/10.1214/16-ejs1198,publisher
1973,10.1007/s00180-006-0013-0,False,,,
1974,10.1214/19-AOAS1319,True,unpaywall,https://arxiv.org/pdf/1809.00266,repository
1975,10.1214/20-AOAS1357,True,unpaywall,https://projecteuclid.org/journals/annals-of-applied-statistics/volume-14/issue-3/Log-contrast-regression-with-functional-compositional-predictors--Linking-preterm/10.1214/20-AOAS1357.pdf,publisher
1976,10.1007/s11424-020-8217-x,False,,,
1977,10.1007/s11222-023-10299-z,True,unpaywall,https://arxiv.org/pdf/2107.14151,repository
1978,10.1111/j.1467-9868.2010.00768.x,False,,,
1979,10.1007/s11222-020-09922-0,True,unpaywall,https://arxiv.org/pdf/1902.04701,repository
1980,10.1214/12-AOS1066,True,unpaywall,https://arxiv.org/pdf/1202.4850,repository
1981,10.1016/j.jmva.2018.09.006,True,unpaywall,https://www.sciencedirect.com/science/article/pii/S0047259X17307613/pdf,publisher
1982,10.1016/j.apnum.2007.02.006,False,,,
1984,10.1016/j.amc.2012.12.062,False,,,
1985,10.3969/j.issn.1672-8513.2017.06.009,False,,,
1986,10.1002/sta4.190,False,,,
1988,10.1007/s00365-022-09592-3,True,unpaywall,https://link.springer.com/content/pdf/10.1007/s00365-022-09592-3.pdf,publisher
1990,10.1016/j.jmva.2016.09.015,True,unpaywall,https://doi.org/10.1016/j.jmva.2016.09.015,publisher
1991,10.1016/j.csda.2022.107527,True,unpaywall,https://hdl.handle.net/11311/1233281,repository
1992,10.1007/s11749-019-00635-9,False,,,
1993,10.1016/j.csda.2009.09.036,True,unpaywall,https://www.ncbi.nlm.nih.gov/pmc/articles/3080050,repository
1994,10.1613/jair.1.13233,True,unpaywall,https://jair.org/index.php/jair/article/download/13233/26788,publisher
1996,,False,,,sin_doi
1997,10.1016/j.ins.2018.06.035,False,,,
1998,10.1155/2021/1599286,True,unpaywall,https://downloads.hindawi.com/journals/jfs/2021/1599286.pdf,publisher
1999,10.20142/j.cnki.amas.202401047,False,,,
2001,10.1002/sta4.390,False,,,
2002,10.1177/1471082X19885465,True,unpaywall,https://arxiv.org/pdf/1803.03019,repository
2004,10.1016/j.csda.2016.06.007,True,unpaywall,https://www.sciencedirect.com/science/article/pii/S016794731630144X,publisher
2006,,False,,,sin_doi
2007,10.1016/j.jmva.2021.104875,True,unpaywall,https://www.sciencedirect.com/science/article/am/pii/S0047259X21001536?via%3Dihub,publisher
2008,10.5705/ss.2013.245w,False,,,
2009,10.3150/11-BEJ389,True,unpaywall,https://projecteuclid.org/journals/bernoulli/volume-19/issue-1/Functional-data-analysis-in-an-operator-based-mixed-model-framework/10.3150/11-BEJ389.pdf,publisher
2010,10.1016/j.ins.2008.10.018,True,unpaywall,http://hdl.handle.net/10651/10692,repository
2011,,False,,,sin_doi
2012,10.1002/sta4.168,False,,,
2014,10.1016/j.jspi.2020.07.001,False,,,
2016,10.1002/mma.2641,False,,,
2017,,False,,,sin_doi
2018,10.1016/j.csda.2007.12.003,False,,,
2020,10.12386/A20210176,False,,,
2025,10.1016/j.jkss.2015.04.003,False,,,
2026,10.1007/978-3-030-17519-1_10,False,,,
2027,10.1214/24-EJS2286,True,unpaywall,https://doi.org/10.1214/24-ejs2286,publisher
2028,10.1007/978-3-642-57489-4_15,False,,,
2029,10.1142/S0219691324500309,False,,,
2030,10.1214/24-EJS2219,True,unpaywall,https://projecteuclid.org/journals/electronic-journal-of-statistics/volume-18/issue-1/High-dimensional-functional-graphical-model-structure-learning-via-neighborhood-selection/10.1214/24-EJS2219.pdf,publisher
2031,,False,,,sin_doi
2032,10.1142/S0219691318500431,False,,,
2033,,False,,,sin_doi
2034,10.1007/s00180-017-0751-1,True,unpaywall,https://hal.science/hal-01144628,repository
2035,10.1214/23-AOAS1858,True,semantic_scholar,https://arxiv.org/pdf/2308.05738,
2036,10.1016/j.jspi.2020.01.008,True,unpaywall,https://www.sciencedirect.com/science/article/am/pii/S0378375820300069,publisher
2037,,True,arxiv_url,https://arxiv.org/abs/1408.2581,arxiv
2038,10.1002/cjs.11604,True,unpaywall,https://escholarship.org/uc/item/7z54c5z4,repository
2040,10.1016/j.matcom.2020.08.011,False,,,
2043,10.1016/j.csda.2024.107941,False,,,
2045,10.1016/j.jkss.2014.10.004,False,,,
2046,,False,,,sin_doi
2047,,False,,,sin_doi
2048,10.1007/s00362-023-01488-z,False,,,
2049,10.5705/ss.202022.0297,True,unpaywall,https://doi.org/10.5705/ss.202022.0297,publisher
2050,,True,arxiv_url,https://arxiv.org/abs/1604.08428,arxiv
2051,10.1214/23-AOAS1857,True,semantic_scholar,https://arxiv.org/pdf/2303.15812,
2052,10.1111/biom.13055,True,unpaywall,https://www.ncbi.nlm.nih.gov/pmc/articles/6771256,repository
2053,,True,arxiv_url,https://arxiv.org/abs/2607.13209,arxiv
2054,10.3969/j.issn.1000-2375.2018.02.015,False,,,
2055,10.1016/j.cam.2010.01.054,True,unpaywall,https://www.sciencedirect.com/science/article/pii/S0377042710000671/pdf,publisher
2056,,False,,,sin_doi
2057,,False,,,sin_doi
2059,,False,,,sin_doi
2061,10.1016/j.cam.2010.08.005,True,unpaywall,https://www.sciencedirect.com/science/article/pii/S0377042710004437/pdf,publisher
2065,10.1080/01621459.2016.1273115,True,unpaywall,https://arxiv.org/pdf/1509.02029,repository
2066,10.1198/016214504000001745,False,,,
2067,10.1080/10485250310001624738,True,semantic_scholar,http://hera.ugr.es/doi/15057823.pdf,
2068,10.1080/03610926.2015.1073312,False,,,
2069,10.1080/03610918.2022.2087878,False,,,
2070,10.1080/02331888.2017.1300803,False,,,
2071,10.1080/03610926.2020.1818097,False,,,
2072,10.1198/016214507000000888,False,,,
2073,10.1080/10629360600880684,False,,,
2074,10.1080/01621459.2019.1602047,False,,,
2076,10.1080/01621459.2022.2066536,True,unpaywall,https://www.ncbi.nlm.nih.gov/pmc/articles/9949755,repository
2078,10.1080/00949655.2016.1182532,True,unpaywall,http://hdl.handle.net/11311/1002807,repository
2079,10.1080/01621459.2021.1893179,True,unpaywall,https://doi.org/10.1080/01621459.2021.1893179,publisher
2080,10.1080/07474938.2012.690674,False,,,
2081,10.1080/10618600.2022.2107532,True,unpaywall,https://vtechworks.lib.vt.edu/bitstreams/74118a42-9958-4f29-991a-fc59feab9cf8/download,repository
2082,10.1080/01621459.2014.934825,True,unpaywall,https://www.ncbi.nlm.nih.gov/pmc/articles/4275800,repository
2083,10.1080/02664763.2011.578620,True,unpaywall,https://stars.library.ucf.edu/facultybib2010/2232,repository
2084,10.1080/03610918.2013.861628,False,,,
2085,10.1080/10618600.2022.2130926,True,semantic_scholar,http://arxiv.org/pdf/2109.13042,
2086,10.1080/10485252.2022.2064997,True,semantic_scholar,https://hal.archives-ouvertes.fr/hal-03560362v1/file/medarticlesoumission.pdf,
2087,10.1080/03610926.2013.828074,False,,,
2088,10.1080/00207540600616177,False,,,
2089,10.1080/02331888.2020.1750015,False,,,
2090,10.1080/02664763.2015.1106448,True,unpaywall,http://arxiv.org/pdf/1510.05968,repository
2091,10.1080/03610920802209143,False,,,
2092,10.1080/01621459.2021.1901718,True,unpaywall,https://figshare.com/articles/journal_contribution/Network_Functional_Varying_Coefficient_Model/14217240,repository
2093,10.1198/016214501753168235,False,,,
2094,10.1080/14697688.2015.1071075,True,semantic_scholar,https://arxiv.org/pdf/1406.5486,
2095,10.1080/01621459.2014.931859,True,unpaywall,https://researchonline.lse.ac.uk/id/eprint/84857/1/simfe_final.pdf,repository
2096,10.1198/016214508000000670,False,,,
2098,10.1080/07350015.2022.2118127,True,semantic_scholar,https://centaur.reading.ac.uk/106918/1/Event_JBES_Accepted.pdf,
2099,10.1080/07474938.2013.807107,True,semantic_scholar,https://hal.archives-ouvertes.fr/hal-01980180/file/ferraty-quintela-ER-with-figures.pdf,
2100,10.1080/10485252.2020.1771334,True,unpaywall,https://arxiv.org/pdf/1904.06721,repository
2101,10.1080/01621459.2020.1732395,True,unpaywall,https://figshare.com/articles/dataset/Principal_Component_Analysis_of_Spatially_Indexed_Functions/11903034,repository
2102,10.1080/10485252.2023.2234507,True,unpaywall,https://figshare.com/articles/journal_contribution/Detecting_the_complexity_of_a_functional_time_series/23671089,repository
2103,10.1080/10485252.2020.1797021,False,,,
2104,10.1080/10485252.2014.982651,False,,,
2105,10.1080/00207540802662888,True,unpaywall,https://hal.science/hal-00548947,repository
2107,10.1080/02664763.2012.668178,False,,,
2108,10.1080/03610926.2025.2472787,False,,,
2110,10.1080/07350015.2025.2501563,True,unpaywall,https://doi.org/10.1080/07350015.2025.2501563,publisher
2111,10.1016/S0167-7152(99)00036-X,False,,,
2112,10.1016/j.csda.2015.07.007,True,unpaywall,https://www.sciencedirect.com/science/article/pii/S0167947315001644,publisher
2113,10.5705/ss.2012.233,True,unpaywall,https://escholarship.org/content/qt8h03s1t3/qt8h03s1t3.pdf?t=o1d0dl,repository
2114,10.1111/j.1467-9469.2005.00429.x,False,,,
2115,10.1016/j.jeconom.2021.03.010,True,unpaywall,https://www.ncbi.nlm.nih.gov/pmc/articles/9398183,repository
2116,,False,,,sin_doi
2117,,False,,,sin_doi
2118,10.1007/b98888,True,unpaywall,https://link.springer.com/content/pdf/bfm:978-0-387-22751-1/1?pdf=chapter%20toc,publisher
2119,,False,,,sin_doi
2120,10.1007/978-1-4614-3655-3,False,,,
2121,,True,arxiv_url,https://arxiv.org/abs/2408.16011,arxiv
2122,10.1111/jtsa.12577,True,unpaywall,https://eprints.whiterose.ac.uk/id/eprint/169350/1/LRS_LW_5_Dec_20.pdf,repository
2124,,False,,,sin_doi
2125,,False,,,sin_doi
2126,10.7151/dmps.1163,False,,,
2127,10.1214/18-AOAS1172,True,unpaywall,https://projecteuclid.org/journals/annals-of-applied-statistics/volume-12/issue-4/On-the-evolution-of-the-United-Kingdom-price-distributions/10.1214/18-AOAS1172.pdf,publisher
2128,,True,arxiv_url,https://arxiv.org/abs/2512.13310,arxiv
2129,10.1007/s00180-007-0052-1,False,,,
2130,10.1111/jtsa.12707,True,unpaywall,https://onlinelibrary.wiley.com/doi/pdfdirect/10.1111/jtsa.12707,publisher
2131,10.1007/978-3-7908-2604-3_39,False,,,
2134,10.1007/s42952-020-00075-4,False,,,
2135,,False,,,sin_doi
2136,10.1016/j.insmatheco.2009.07.003,False,,,
2138,10.1002/env.2617,True,unpaywall,https://arxiv.org/pdf/1804.03255,repository
2139,10.1007/978-3-030-47756-1_19,False,,,
2140,,False,,,sin_doi
2141,,True,arxiv_url,https://arxiv.org/abs/1512.01844,arxiv
2142,10.3969/j.issn.1001-4268.2022.06.008,False,,,
2143,10.1007/s42081-024-00245-2,True,unpaywall,https://link.springer.com/content/pdf/10.1007/s42081-024-00245-2.pdf,publisher
2144,10.1007/s10182-018-00342-0,False,,,
2145,10.1007/s10618-022-00898-1,False,,,
2146,,False,,,sin_doi
2147,10.1007/b98886,False,,,
2148,10.5402/2012/958254,True,unpaywall,https://downloads.hindawi.com/archive/2012/958254.pdf,publisher
2149,10.1016/j.jmva.2021.104861,True,semantic_scholar,http://manuscript.elsevier.com/S0047259X21001391/pdf/S0047259X21001391.pdf,
2150,10.1016/S0304-4076(01)00127-0,False,,,
2151,10.1214/088342306000000132,True,unpaywall,https://projecteuclid.org/journals/statistical-science/volume-21/issue-2/Functional-Data-Analysis-in-Electronic-Commerce-Research/10.1214/088342306000000132.pdf,publisher
2152,10.1111/rssb.12038,False,,,
2153,10.1007/978-3-031-92383-8_63,False,,,
2155,10.1111/jtsa.12828,True,unpaywall,https://doi.org/10.1111/jtsa.12828,publisher
2156,10.1515/jtse-2012-0006,False,,,
2157,10.1214/24-AOS2358,False,,,
2159,10.1007/s10260-014-0294-3,True,unpaywall,http://hdl.handle.net/11311/972208,repository
2160,10.1016/j.jmva.2016.02.002,True,unpaywall,https://www.sciencedirect.com/science/article/pii/S0047259X16000233/pdf,publisher
2161,10.1111/jtsa.12674,True,unpaywall,https://onlinelibrary.wiley.com/doi/pdfdirect/10.1111/jtsa.12674,publisher
2162,10.1111/sjos.12525,False,,,
2163,10.1111/ectj.12075,True,unpaywall,https://academic.oup.com/ectj/article-pdf/20/1/86/25740045/ectj0086.pdf,publisher
2164,10.1007/s00362-016-0757-8,True,unpaywall,https://link.springer.com/content/pdf/10.1007/s00362-016-0757-8.pdf,publisher
2165,10.1214/14-AOAS740,True,unpaywall,https://projecteuclid.org/journals/annals-of-applied-statistics/volume-8/issue-3/Time-warped-growth-processes-with-applications-to-the-modeling-of/10.1214/14-AOAS740.pdf,publisher
2167,10.15446/rce.v42n1.77058,True,unpaywall,https://doi.org/10.15446/rce.v42n1.77058,publisher
2168,,False,,,sin_doi
2169,,True,arxiv_url,https://arxiv.org/abs/2506.21172,arxiv
2170,10.1002/sam.11471,False,,,
2171,10.1214/14-AOAS781,True,unpaywall,https://projecteuclid.org/journals/annals-of-applied-statistics/volume-8/issue-4/Functional-response-additive-model-estimation-with-online-virtual-stock-markets/10.1214/14-AOAS781.pdf,publisher
2172,10.1016/j.jmva.2008.03.001,True,unpaywall,https://doi.org/10.7916/d8rb7gth,repository
2173,10.1007/978-3-031-92383-8_32,False,,,
2174,10.1007/978-3-031-92383-8_5,False,,,
2175,10.1007/978-3-030-47756-1_22,False,,,
2176,10.1111/jtsa.12809,True,unpaywall,https://doi.org/10.1111/jtsa.12809,publisher
2177,10.1017/S0266466611000351,False,,,
2178,10.1016/j.insmatheco.2015.02.007,False,,,
2180,,True,arxiv_url,https://arxiv.org/abs/2511.06870,arxiv
2181,10.1016/j.jmva.2021.104887,True,semantic_scholar,https://doi.org/10.1016/j.jmva.2021.104887,
2182,10.1007/s11634-014-0166-6,False,,,
2183,10.1007/978-3-642-57489-4_3,False,,,
2184,10.1007/978-3-031-51609-2,True,unpaywall,https://link.springer.com/content/pdf/bfm:978-3-031-51609-2/1,publisher
2185,10.1214/19-AOAS1316,True,unpaywall,https://projecteuclid.org/journals/annals-of-applied-statistics/volume-14/issue-1/Estimating-causal-effects-in-studies-of-human-brain-function/10.1214/19-AOAS1316.pdf,publisher
2186,10.1214/25-AOS2542,False,,,
2187,10.1016/j.jmva.2012.03.006,True,unpaywall,https://www.sciencedirect.com/science/article/pii/S0047259X12000759/pdf,publisher
2189,10.1111/jtsa.12523,True,unpaywall,https://arxiv.org/pdf/1901.08535,repository
2190,10.1111/jtsa.12766,True,unpaywall,https://doi.org/10.1111/jtsa.12766,publisher
2191,10.1214/088342306000000196,True,unpaywall,https://projecteuclid.org/journals/statistical-science/volume-21/issue-2/Modeling-On-Line-Art-Auction-Dynamics-Using-Functional-Data-Analysis/10.1214/088342306000000196.pdf,publisher
2193,10.1016/j.jmva.2013.02.005,True,unpaywall,https://www.sciencedirect.com/science/article/pii/S0047259X13000195/pdf,publisher
2196,10.1007/978-3-030-01593-0_11,False,,,
2197,10.1017/S0266466619000276,True,unpaywall,https://arxiv.org/pdf/1701.08149,repository
2198,10.1017/9781108937078,True,semantic_scholar,https://www.cambridge.org/core/services/aop-cambridge-core/content/view/174776E95AA77BE2860CA6F611E4BA50/9781108838061c1_1-6.pdf/introduction.pdf,
2199,10.1007/s10463-019-00721-7,True,unpaywall,https://arxiv.org/pdf/1808.04092,repository
2200,10.1016/j.spl.2012.08.018,False,,,
2201,10.1017/S0266466619000306,True,unpaywall,https://arxiv.org/pdf/1712.07522,repository
2202,10.33993/jnaat541-1435,True,unpaywall,https://ictp.acad.ro/jnaat/journal/article/download/1435/1535,publisher
2203,10.1016/j.jmva.2021.104885,True,unpaywall,https://arxiv.org/pdf/2012.09141,repository
2204,10.1007/3-7908-1701-5_8,False,,,
2205,10.16360/j.cnki.jbnuns.2018.06.006,False,,,
2206,10.1214/22-EJS2078,True,unpaywall,https://projecteuclid.org/journals/electronic-journal-of-statistics/volume-16/issue-2/Statistical-inference-for-the-slope-parameter-in-functional-linear-regression/10.1214/22-EJS2078.pdf,publisher
2207,,True,arxiv_url,https://arxiv.org/abs/2012.00460,arxiv
2208,10.1007/978-3-031-92383-8_56,False,,,
2209,10.1016/j.spa.2024.104357,False,,,
2211,10.1007/978-3-030-47756-1_12,True,unpaywall,http://hdl.handle.net/11311/1140694,repository
2212,10.1007/s10260-019-00499-1,False,,,
2213,10.1007/978-3-030-47756-1_4,False,,,
2214,10.1016/j.jspi.2026.106375,True,unpaywall,https://doi.org/10.1016/j.jspi.2026.106375,publisher
2215,10.1007/978-3-031-92383-8_4,False,,,
2216,10.1016/j.spl.2007.11.011,True,unpaywall,https://hal.science/hal-00622143,repository
2217,10.5705/ss.202023.0150,True,unpaywall,https://doi.org/10.5705/ss.202023.0150,publisher
2218,10.1002/for.2313,False,,,
2220,10.1111/jtsa.12608,True,unpaywall,https://figshare.com/articles/journal_contribution/Seasonal_Functional_Autoregressive_Models/21523407,repository
2221,10.1111/jtsa.12736,True,unpaywall,https://doi.org/10.1111/jtsa.12736,publisher
2222,10.1007/978-3-031-92383-8_14,False,,,
2224,10.1111/jtsa.12852,True,unpaywall,https://doi.org/10.1111/jtsa.12852,publisher
2225,10.1214/21-EJS1882,True,unpaywall,https://projecteuclid.org/journals/electronic-journal-of-statistics/volume-15/issue-2/Shape-preserving-prediction-for-stationary-functional-time-series/10.1214/21-EJS1882.pdf,publisher
2226,10.1016/j.spl.2022.109575,True,unpaywall,https://www.sciencedirect.com/science/article/pii/S0167715222001274/pdf,publisher
2228,10.5705/ss.202018.0321,True,unpaywall,https://arxiv.org/pdf/1705.06259,repository
2229,10.5705/ss.2009.328,True,unpaywall,http://doi.org/10.5705/ss.2009.328,repository
2230,10.1016/j.jmva.2021.104889,True,semantic_scholar,http://arxiv.org/pdf/2004.03412,
2231,,True,arxiv_url,https://arxiv.org/abs/2505.19104,arxiv
2232,10.1016/j.ins.2022.05.112,False,,,
2233,10.1016/j.jmva.2020.104664,True,unpaywall,https://www.sciencedirect.com/science/article/pii/S0047259X20302451/pdf,publisher
2234,10.1111/iere.12548,True,semantic_scholar,https://eprints.soton.ac.uk/450906/1/JSCHO_fdata_cmean_0722_2021_9D_pcb.pdf,
2235,,True,arxiv_url,https://arxiv.org/abs/1811.06172,arxiv
2236,10.14736/kyb-2020-3-0432,True,unpaywall,https://www.kybernetika.cz/content/2020/3/432/paper.pdf,publisher
2238,10.1016/j.jmva.2012.04.007,True,semantic_scholar,https://doi.org/10.1016/j.jmva.2012.04.007,
2239,10.1007/978-3-031-92383-8_8,False,,,
2240,10.1016/j.econlet.2021.109993,False,,,
2242,,False,,,sin_doi
2243,,True,arxiv_url,https://arxiv.org/abs/2407.12444,arxiv
2244,10.1016/j.jspi.2010.06.009,False,,,
2245,10.1016/j.jspi.2008.05.007,False,,,
2246,10.1016/j.cam.2020.113216,False,,,
2247,10.1214/20-AOS1959,True,unpaywall,https://arxiv.org/pdf/1907.05802,repository
2248,10.1111/sjos.12414,False,,,
2249,10.1111/jtsa.12475,False,,,
2250,10.1016/j.jspi.2005.12.006,True,unpaywall,https://hal.science/hal-00004252,repository
2251,10.1214/22-EJS2083,True,unpaywall,https://projecteuclid.org/journals/electronic-journal-of-statistics/volume-16/issue-2/Preprocessing-noisy-functional-data-A-multivariate-perspective/10.1214/22-EJS2083.pdf,publisher
2253,10.1111/jtsa.12511,True,unpaywall,https://eprints.whiterose.ac.uk/id/eprint/151464/1/JTSA_4670_28_Sep_2019.pdf,repository
2254,10.1007/978-3-030-96173-2_10,False,,,
2255,10.1111/sjos.12540,False,,,
2256,10.1007/s00184-020-00772-4,False,,,
2257,10.1016/j.jeconom.2015.02.020,True,unpaywall,http://hdl.handle.net/2078/152570,repository
2259,,False,,,sin_doi
2261,,True,arxiv_url,https://arxiv.org/abs/2410.05517,arxiv
2262,10.1007/s10463-017-0606-0,False,,,
2263,,True,arxiv_url,https://arxiv.org/abs/2607.04823,arxiv
2265,10.1017/S0266466620000274,True,semantic_scholar,https://ink.library.smu.edu.sg/soe_research/2561,
2266,10.1007/s10463-020-00762-3,True,unpaywall,https://arxiv.org/pdf/1712.01479,repository
2267,10.1007/s11203-004-1031-6,False,,,
2268,,True,arxiv_url,https://arxiv.org/abs/2511.00518,arxiv
2270,,True,arxiv_url,https://arxiv.org/abs/2409.08301,arxiv
2271,,True,arxiv_url,https://arxiv.org/abs/2411.16177,arxiv
2272,10.1007/s11749-019-00669-z,False,,,
2273,10.15388/LMR.A.2019.14948,True,unpaywall,https://doi.org/10.15388/lmr.a.2019.14948,publisher
2274,,True,arxiv_url,https://arxiv.org/abs/2605.25633,arxiv
2275,10.1016/S0167-7152(01)00151-1,False,,,
2276,10.1111/jtsa.12772,True,unpaywall,https://doi.org/10.1111/jtsa.12772,publisher
2278,10.1007/s00477-008-0213-y,False,,,
2279,,True,arxiv_url,https://arxiv.org/abs/0901.2503,arxiv
2280,10.1016/j.jmva.2021.104884,False,,,
2281,10.1016/j.jeconom.2023.105573,False,,,
2282,,False,,,sin_doi
2283,10.1016/j.csda.2020.107108,False,,,
2284,10.1016/j.jmva.2021.104890,True,unpaywall,https://www.sciencedirect.com/science/article/pii/S0047259X21001688/pdf,publisher
2286,10.1007/978-3-030-73249-3_23,False,,,
2287,10.3969/j.issn.1003-5060.2016.09.027,False,,,
2289,10.1016/j.jmva.2017.07.004,True,unpaywall,https://www.sciencedirect.com/science/article/pii/S0047259X17304244/pdf,publisher
2290,,True,arxiv_url,https://arxiv.org/abs/1812.07619,arxiv
2291,10.1007/s10472-022-09824-z,False,,,
2292,10.1007/s11749-018-0614-2,False,,,
2293,10.1007/s11749-022-00802-5,True,unpaywall,https://link.springer.com/content/pdf/10.1007/s11749-022-00802-5.pdf,publisher
2294,,False,,,sin_doi
2295,10.1007/s11749-017-0566-y,False,,,
2296,10.4064/am2371-9-2018,True,unpaywall,https://www.impan.pl/shop/publication/transaction/download/product/112943?download.pdf,publisher
2297,10.1016/j.csda.2008.09.014,True,semantic_scholar,https://www.econstor.eu/bitstream/10419/22031/1/EWP-2007-15.pdf,
2298,10.1002/9781119387916,False,,,
2299,10.3969/j.issn.1001-4268.2024.01.005,False,,,
2300,10.1111/jtsa.70006,True,unpaywall,https://doi.org/10.1111/jtsa.70006,publisher
2301,10.1017/asb.2022.4,False,,,
2302,10.1007/s10182-016-0280-1,False,,,
2303,10.1214/13-EJS812,True,unpaywall,https://projecteuclid.org/journals/electronic-journal-of-statistics/volume-7/issue-none/Nonparametric-multivariate-L_1-median-regression-estimation-with-functional-covariates/10.1214/13-EJS812.pdf,publisher
2304,10.1090/noti2979,True,unpaywall,https://doi.org/10.1090/noti2979,publisher
2306,10.1016/j.spl.2019.03.003,False,,,
2307,10.1111/j.1368-423X.2012.00382.x,True,unpaywall,http://hermes-ir.lib.hit-u.ac.jp/hermes/ir/re/29196/wp2010-9.pdf,repository
2308,,True,arxiv_url,https://arxiv.org/abs/1809.02820,arxiv
2311,10.1007/s11203-021-09244-6,True,unpaywall,https://link.springer.com/content/pdf/10.1007/s11203-021-09244-6.pdf,publisher
2313,10.1007/s42952-020-00080-7,False,,,
2314,,False,,,sin_doi
2316,10.1007/978-3-031-64346-0_47,False,,,
2317,10.1007/978-3-031-92383-8_42,True,unpaywall,https://infoscience.epfl.ch/handle/20.500.14299/254497,repository
2319,10.1007/s11749-010-0215-1,False,,,
2321,,True,arxiv_url,https://arxiv.org/abs/2007.02188,arxiv
2322,10.1111/anzs.70013,False,,,
2323,10.1007/s13171-023-00322-w,False,,,
2324,10.1017/S0266466621000177,True,unpaywall,https://arxiv.org/pdf/1905.01096,repository
2325,10.1007/s11749-016-0495-1,False,,,
2326,10.1111/j.1751-5823.2011.00172.x,True,unpaywall,https://arxiv.org/pdf/1201.0846,repository
2327,10.1007/978-3-031-64346-0_4,False,,,
2328,,False,,,sin_doi
2330,,False,,,sin_doi
2331,10.1002/for.2414,False,,,
2332,10.1007/s13163-022-00436-z,False,,,
2333,10.1016/j.spa.2021.03.009,True,unpaywall,https://www.sciencedirect.com/science/article/pii/S0304414921000375,publisher
2334,10.1016/j.spl.2017.11.008,False,,,
2335,10.1108/S0731-905320140000033012,False,,,
2337,10.17654/0972086324006,True,unpaywall,https://pphmjopenaccess.com/fejts/article/download/1295/983,publisher
2338,10.1016/j.jspi.2020.02.006,False,,,
2339,,False,,,sin_doi
2340,10.1007/s11634-024-00611-8,False,,,
2341,10.1007/s42519-020-00094-8,False,,,
2342,10.37920/sasj.2021.55.1.1,True,unpaywall,https://doi.org/10.37920/sasj.2021.55.1.1,publisher
2344,10.1214/18-AOS1776,True,unpaywall,https://projecteuclid.org/journals/annals-of-statistics/volume-47/issue-6/On-partial-sum-processes-of-ARMAX-residuals/10.1214/18-AOS1776.pdf,publisher
2345,10.1214/25-EJS2445,True,unpaywall,https://projecteuclid.org/journals/electronic-journal-of-statistics/volume-19/issue-2/A-signature-based-functional-spatial-autoregressive-model/10.1214/25-EJS2445.pdf,publisher
2347,,False,,,sin_doi
2349,10.2478/ausm-2021-0003,True,unpaywall,https://www.sciendo.com/pdf/10.2478/ausm-2021-0003,publisher
2350,,False,,,sin_doi
2351,10.1080/15598608.2017.1321071,False,,,
2352,,False,,,sin_doi
2353,,True,arxiv_url,https://arxiv.org/abs/2411.14999,arxiv
2354,,False,,,sin_doi
2355,10.1016/j.csda.2017.03.012,True,unpaywall,https://www.sciencedirect.com/science/article/abs/pii/S0167947317300579?via=ihub,repository
2357,10.5705/ss.202022.0370,True,unpaywall,https://doi.org/10.5705/ss.202022.0370,publisher
2359,,False,,,sin_doi
2367,10.1007/s10479-021-04097-x,True,unpaywall,https://link.springer.com/content/pdf/10.1007/s10479-021-04097-x.pdf,publisher
2368,10.1007/s00180-007-0049-9,True,unpaywall,http://hdl.handle.net/10481/73446,repository
2369,,False,,,sin_doi
2372,,True,arxiv_url,https://arxiv.org/abs/1509.07409,arxiv
2381,10.1142/9789813272880_0165,False,,,
2382,10.1080/07350015.2015.1092976,False,,,
2383,10.1080/03461238.2024.2425723,True,unpaywall,https://openaccess.city.ac.uk/id/eprint/33958/1/alpha_transformation-final.pdf,repository
2384,10.1080/14697688.2019.1651452,False,,,
2385,10.1016/j.insmatheco.2017.05.007,True,unpaywall,https://openaccess.city.ac.uk/id/eprint/17267/1/GFTS_v4.1.pdf,repository
2386,10.1214/18-AOAS1234,True,unpaywall,https://projecteuclid.org/journals/annals-of-applied-statistics/volume-13/issue-3/Modeling-seasonality-and-serial-dependence-of-electricity-price-curves-with/10.1214/18-AOAS1234.pdf,publisher
2387,10.1016/j.jeconom.2024.105765,False,,,
2388,10.1016/j.insmatheco.2025.03.007,True,unpaywall,https://doi.org/10.1016/j.insmatheco.2025.03.007,publisher
2390,10.1016/j.cam.2009.06.007,True,unpaywall,https://www.sciencedirect.com/science/article/pii/S0377042709003537/pdf,publisher
2391,10.1017/S0266466622000111,True,unpaywall,https://pure.au.dk/ws/files/230299930/rp22_04.pdf,
2392,10.1017/asb.2019.20,True,unpaywall,https://arxiv.org/pdf/1905.03900,repository
2395,10.1017/S0266466622000172,True,unpaywall,https://doi.org/10.1017/s0266466622000172,publisher
2396,10.1016/j.jedc.2026.105276,True,unpaywall,https://doi.org/10.1016/j.jedc.2026.105276,publisher
2397,,True,arxiv_url,https://arxiv.org/abs/2607.13852,arxiv
2398,10.1016/j.econlet.2025.112440,False,,,
2399,10.1016/j.jmva.2019.104535,True,unpaywall,https://www.sciencedirect.com/science/article/pii/S0047259X18306146/pdf,publisher
2400,,True,arxiv_url,https://arxiv.org/abs/1710.07792,arxiv
2401,,True,arxiv_url,https://arxiv.org/abs/2103.07453v1,arxiv
2402,,True,arxiv_url,https://arxiv.org/abs/2407.16024v2,arxiv
2403,,True,arxiv_url,https://arxiv.org/abs/2205.15969v1,arxiv
2404,,True,arxiv_url,https://arxiv.org/abs/2602.20029v1,arxiv
2405,,True,arxiv_url,https://arxiv.org/abs/2107.14728v4,arxiv
2406,,True,arxiv_url,https://arxiv.org/abs/1512.07568v3,arxiv
2407,,True,arxiv_url,https://arxiv.org/abs/2603.18833v1,arxiv
2408,,True,arxiv_url,https://arxiv.org/abs/2405.02231v1,arxiv
2409,,True,arxiv_url,https://arxiv.org/abs/2310.19340v1,arxiv
2410,,True,arxiv_url,https://arxiv.org/abs/2011.00959v2,arxiv
2411,,True,arxiv_url,https://arxiv.org/abs/1905.06858v2,arxiv
2412,10.1007/978-3-642-13312-1_46,True,unpaywall,https://arxiv.org/pdf/1201.0959,repository
2413,,True,arxiv_url,https://arxiv.org/abs/2505.02131v1,arxiv
2414,,True,arxiv_url,https://arxiv.org/abs/2509.03512v3,arxiv
2415,,True,arxiv_url,https://arxiv.org/abs/2106.01104v3,arxiv
2416,,True,arxiv_url,https://arxiv.org/abs/2203.14760v3,arxiv
2417,,True,arxiv_url,https://arxiv.org/abs/2508.12000v1,arxiv
2418,,True,arxiv_url,https://arxiv.org/abs/2212.10790v1,arxiv
2419,,True,arxiv_url,https://arxiv.org/abs/1408.2581v1,arxiv
2421,,True,arxiv_url,https://arxiv.org/abs/2112.05041v1,arxiv
2422,,True,arxiv_url,https://arxiv.org/abs/2409.07879v1,arxiv
2423,,True,arxiv_url,https://arxiv.org/abs/2405.20758v4,arxiv
2424,,True,arxiv_url,https://arxiv.org/abs/2603.24718v1,arxiv
2425,,True,arxiv_url,https://arxiv.org/abs/2311.17102v1,arxiv
2428,,True,arxiv_url,https://arxiv.org/abs/2608.26510v1,arxiv
2429,,True,arxiv_url,https://arxiv.org/abs/2512.07888v1,arxiv
2430,,True,arxiv_url,https://arxiv.org/abs/2605.08018v2,arxiv
2431,,True,arxiv_url,https://arxiv.org/abs/2311.06409v2,arxiv
2432,,True,arxiv_url,https://arxiv.org/abs/1604.05224v2,arxiv
2433,,True,arxiv_url,https://arxiv.org/abs/1511.00119v1,arxiv
2434,,True,arxiv_url,https://arxiv.org/abs/2102.00733v2,arxiv
2435,10.18637/jss.v093.i05,True,unpaywall,https://www.jstatsoft.org/index.php/jss/article/view/v093i05/v93i05.pdf,publisher
2436,,True,arxiv_url,https://arxiv.org/abs/2009.11452v2,arxiv
2437,,True,arxiv_url,https://arxiv.org/abs/2210.04966v1,arxiv
2438,,True,arxiv_url,https://arxiv.org/abs/1306.3014v2,arxiv
2439,,True,arxiv_url,https://arxiv.org/abs/2604.03284v1,arxiv
2440,,True,arxiv_url,https://arxiv.org/abs/1609.00834v2,arxiv
2441,,True,arxiv_url,https://arxiv.org/abs/1011.4916v2,arxiv
2442,,True,arxiv_url,https://arxiv.org/abs/2306.07168v2,arxiv
2443,,True,arxiv_url,https://arxiv.org/abs/1603.05758v2,arxiv
2444,,True,arxiv_url,https://arxiv.org/abs/2511.18237v1,arxiv
2445,,True,arxiv_url,https://arxiv.org/abs/1508.00635v1,arxiv
2446,,True,arxiv_url,https://arxiv.org/abs/1809.00737v1,arxiv
2447,,True,arxiv_url,https://arxiv.org/abs/2605.18339v1,arxiv
2448,,True,arxiv_url,https://arxiv.org/abs/2012.12948v1,arxiv
2449,,True,arxiv_url,https://arxiv.org/abs/1911.07511v2,arxiv
2450,,True,arxiv_url,https://arxiv.org/abs/1808.01236v1,arxiv
2451,,True,arxiv_url,https://arxiv.org/abs/2503.08881v3,arxiv
2452,,True,arxiv_url,https://arxiv.org/abs/2308.01724v2,arxiv
2453,,True,arxiv_url,https://arxiv.org/abs/2606.18412v1,arxiv
2454,,True,arxiv_url,https://arxiv.org/abs/2309.10907v2,arxiv
2455,,True,arxiv_url,https://arxiv.org/abs/2608.23512v1,arxiv
2456,,True,arxiv_url,https://arxiv.org/abs/2608.06542v1,arxiv
2457,,True,arxiv_url,https://arxiv.org/abs/1812.00538v2,arxiv
2458,,True,arxiv_url,https://arxiv.org/abs/1411.4158v3,arxiv
2459,,True,arxiv_url,https://arxiv.org/abs/2209.00784v2,arxiv
2460,,True,arxiv_url,https://arxiv.org/abs/0710.5343v1,arxiv
2461,,True,arxiv_url,https://arxiv.org/abs/1912.05125v1,arxiv
2462,,True,arxiv_url,https://arxiv.org/abs/1607.08827v1,arxiv
2463,,True,arxiv_url,https://arxiv.org/abs/1410.5686v2,arxiv
2464,,True,arxiv_url,https://arxiv.org/abs/2605.20325v1,arxiv
2465,10.1093/mnras/stv1816,True,unpaywall,https://academic.oup.com/mnras/article-pdf/453/3/2848/4930922/stv1816.pdf,publisher
2466,,True,arxiv_url,https://arxiv.org/abs/2104.02456v3,arxiv
2467,,True,arxiv_url,https://arxiv.org/abs/2510.26917v1,arxiv
2468,,True,arxiv_url,https://arxiv.org/abs/2603.07320v2,arxiv
2469,,True,arxiv_url,https://arxiv.org/abs/2501.14919v2,arxiv
2470,,True,arxiv_url,https://arxiv.org/abs/2209.06294v4,arxiv
2471,,True,arxiv_url,https://arxiv.org/abs/1905.07067v4,arxiv
2472,,True,arxiv_url,https://arxiv.org/abs/2409.00817v5,arxiv
2473,,True,arxiv_url,https://arxiv.org/abs/2006.05020v2,arxiv
2474,,True,arxiv_url,https://arxiv.org/abs/1312.5066v1,arxiv
2475,,True,arxiv_url,https://arxiv.org/abs/2604.06146v2,arxiv
2476,,True,arxiv_url,https://arxiv.org/abs/2306.04550v2,arxiv
2477,,True,arxiv_url,https://arxiv.org/abs/1102.2773v1,arxiv
2478,,True,arxiv_url,https://arxiv.org/abs/1712.04775v1,arxiv
2479,,True,arxiv_url,https://arxiv.org/abs/2401.08175v3,arxiv
2481,,True,arxiv_url,https://arxiv.org/abs/2410.19140v1,arxiv
2482,,True,arxiv_url,https://arxiv.org/abs/2505.15188v2,arxiv
2483,,True,arxiv_url,https://arxiv.org/abs/1912.07879v1,arxiv
2484,,True,arxiv_url,https://arxiv.org/abs/2004.00855v3,arxiv
2485,,True,arxiv_url,https://arxiv.org/abs/2002.03355v4,arxiv
2486,,True,arxiv_url,https://arxiv.org/abs/1410.0813v1,arxiv
2487,,True,arxiv_url,https://arxiv.org/abs/1204.1085v1,arxiv
2489,,True,arxiv_url,https://arxiv.org/abs/1809.04347v2,arxiv
2491,,True,arxiv_url,https://arxiv.org/abs/2203.04602v1,arxiv
2492,,True,arxiv_url,https://arxiv.org/abs/2408.09004v2,arxiv
2493,,True,arxiv_url,https://arxiv.org/abs/1601.02461v1,arxiv
2494,,True,arxiv_url,https://arxiv.org/abs/2005.03243v1,arxiv
2496,,True,arxiv_url,https://arxiv.org/abs/1807.05552v3,arxiv
2497,,True,arxiv_url,https://arxiv.org/abs/2506.16668v3,arxiv
2498,,True,arxiv_url,https://arxiv.org/abs/2505.00253v1,arxiv
2499,,True,arxiv_url,https://arxiv.org/abs/1307.7203v1,arxiv
2500,,True,arxiv_url,https://arxiv.org/abs/2606.01239v1,arxiv
2501,,True,arxiv_url,https://arxiv.org/abs/1609.07007v1,arxiv
2502,,True,arxiv_url,https://arxiv.org/abs/2511.15882v1,arxiv
2503,,True,arxiv_url,https://arxiv.org/abs/2509.05013v1,arxiv
2504,,True,arxiv_url,https://arxiv.org/abs/2408.08481v1,arxiv
2505,,True,arxiv_url,https://arxiv.org/abs/2102.03411v2,arxiv
2506,,True,arxiv_url,https://arxiv.org/abs/2401.14989v1,arxiv
2508,,True,arxiv_url,https://arxiv.org/abs/2608.20919v1,arxiv
2509,,True,arxiv_url,https://arxiv.org/abs/2608.17278v1,arxiv
2510,,True,arxiv_url,https://arxiv.org/abs/1803.03019v2,arxiv
2511,,True,arxiv_url,https://arxiv.org/abs/1604.08428v3,arxiv
2514,,True,arxiv_url,https://arxiv.org/abs/1809.06462v1,arxiv
2515,,True,arxiv_url,https://arxiv.org/abs/1703.02736v1,arxiv
2516,,True,arxiv_url,https://arxiv.org/abs/2111.06796v1,arxiv
2517,,True,arxiv_url,https://arxiv.org/abs/2407.20995v1,arxiv
2518,,True,arxiv_url,https://arxiv.org/abs/1310.4066v1,arxiv
2520,,True,arxiv_url,https://arxiv.org/abs/2307.09404v3,arxiv
2521,,True,arxiv_url,https://arxiv.org/abs/1207.5947v5,arxiv
2522,,True,arxiv_url,https://arxiv.org/abs/1907.09808v1,arxiv
2523,,True,arxiv_url,https://arxiv.org/abs/2003.06067v1,arxiv
2525,,True,arxiv_url,https://arxiv.org/abs/1506.01332v3,arxiv
2526,,True,arxiv_url,https://arxiv.org/abs/2207.06229v3,arxiv
2528,,True,arxiv_url,https://arxiv.org/abs/2406.18484v1,arxiv
2529,10.1007/s11063-005-3100-2,True,unpaywall,https://arxiv.org/pdf/cs/0604001,repository
2532,,True,arxiv_url,https://arxiv.org/abs/2511.00501v1,arxiv
2533,,True,arxiv_url,https://arxiv.org/abs/1609.06029v4,arxiv
2534,,True,arxiv_url,https://arxiv.org/abs/2503.05632v2,arxiv
2535,,True,arxiv_url,https://arxiv.org/abs/2109.13042v1,arxiv
2536,,True,arxiv_url,https://arxiv.org/abs/2011.10576v1,arxiv
2537,,True,arxiv_url,https://arxiv.org/abs/2403.05359v4,arxiv
2539,,True,arxiv_url,https://arxiv.org/abs/2608.05376v1,arxiv
2540,,True,arxiv_url,https://arxiv.org/abs/1407.1195v1,arxiv
2541,,True,arxiv_url,https://arxiv.org/abs/1411.2051v1,arxiv
2543,,True,arxiv_url,https://arxiv.org/abs/0905.3091v1,arxiv
2544,,True,arxiv_url,https://arxiv.org/abs/2206.03975v2,arxiv
2545,,True,arxiv_url,https://arxiv.org/abs/1606.00614v4,arxiv
2546,,True,arxiv_url,https://arxiv.org/abs/2206.05718v5,arxiv
2547,,True,arxiv_url,https://arxiv.org/abs/1410.7029v1,arxiv
2549,,True,arxiv_url,https://arxiv.org/abs/1409.1333v2,arxiv
2550,,True,arxiv_url,https://arxiv.org/abs/2001.02488v2,arxiv
2551,,True,arxiv_url,https://arxiv.org/abs/2106.01129v1,arxiv
2552,,True,arxiv_url,https://arxiv.org/abs/2407.13641v2,arxiv
2554,,True,arxiv_url,https://arxiv.org/abs/2501.18116v3,arxiv
2555,,True,arxiv_url,https://arxiv.org/abs/2503.23935v1,arxiv
2556,,True,arxiv_url,https://arxiv.org/abs/2607.16976v1,arxiv
2557,,True,arxiv_url,https://arxiv.org/abs/2508.18624v2,arxiv
2558,,True,arxiv_url,https://arxiv.org/abs/2205.04299v4,arxiv
2559,10.1080/00401706.2024.2336542,True,unpaywall,https://www.tandfonline.com/doi/pdf/10.1080/00401706.2024.2336542?download=true,publisher
2560,,True,arxiv_url,https://arxiv.org/abs/1806.01460v2,arxiv
2561,,True,arxiv_url,https://arxiv.org/abs/2311.13291v1,arxiv
2562,,True,arxiv_url,https://arxiv.org/abs/1506.02886v3,arxiv
2563,,True,arxiv_url,https://arxiv.org/abs/2403.12187v1,arxiv
2565,,True,arxiv_url,https://arxiv.org/abs/2204.09898v2,arxiv
2566,,True,arxiv_url,https://arxiv.org/abs/2209.09647v1,arxiv
2567,10.1007/s13253-020-00401-7,True,unpaywall,https://arxiv.org/pdf/1710.08976,repository
2570,,True,arxiv_url,https://arxiv.org/abs/2108.05034v1,arxiv
2571,,True,arxiv_url,https://arxiv.org/abs/1808.06689v2,arxiv
2572,,True,arxiv_url,https://arxiv.org/abs/2003.05968v1,arxiv
2573,,True,arxiv_url,https://arxiv.org/abs/2108.02151v3,arxiv
2574,,True,arxiv_url,https://arxiv.org/abs/2301.08836v4,arxiv
2575,,True,arxiv_url,https://arxiv.org/abs/1906.04889v1,arxiv
2576,,True,arxiv_url,https://arxiv.org/abs/2403.17562v1,arxiv
2577,,True,arxiv_url,https://arxiv.org/abs/1604.00059v1,arxiv
2579,,True,arxiv_url,https://arxiv.org/abs/2509.25381v1,arxiv
2581,,True,arxiv_url,https://arxiv.org/abs/2510.00621v1,arxiv
2582,,True,arxiv_url,https://arxiv.org/abs/2209.05569v1,arxiv
2583,,True,arxiv_url,https://arxiv.org/abs/2404.00218v2,arxiv
2584,,True,arxiv_url,https://arxiv.org/abs/2509.00472v3,arxiv
2585,,True,arxiv_url,https://arxiv.org/abs/2607.13209v1,arxiv
2586,,True,arxiv_url,https://arxiv.org/abs/2608.19070v1,arxiv
2588,,True,arxiv_url,https://arxiv.org/abs/2105.02487v3,arxiv
2589,,True,arxiv_url,https://arxiv.org/abs/2507.06637v2,arxiv
2590,,True,arxiv_url,https://arxiv.org/abs/2412.09792v1,arxiv
2591,,True,arxiv_url,https://arxiv.org/abs/2109.08308v1,arxiv
2592,,True,arxiv_url,https://arxiv.org/abs/1810.03496v1,arxiv
2594,,True,arxiv_url,https://arxiv.org/abs/2411.18416v1,arxiv
2599,,True,arxiv_url,https://arxiv.org/abs/2302.07340v2,arxiv
2600,,True,arxiv_url,https://arxiv.org/abs/1901.02333v2,arxiv
2601,,True,arxiv_url,https://arxiv.org/abs/2606.23036v1,arxiv
2604,,True,arxiv_url,https://arxiv.org/abs/2201.09970v2,arxiv
2605,10.1109/JBHI.2021.3106645,True,unpaywall,https://arxiv.org/pdf/2102.00570,repository
2606,,True,arxiv_url,https://arxiv.org/abs/2602.09351v1,arxiv
2614,,True,arxiv_url,https://arxiv.org/abs/2608.27055v1,arxiv
2615,,True,arxiv_url,https://arxiv.org/abs/2504.03760v1,arxiv
2616,,True,arxiv_url,https://arxiv.org/abs/2011.12781v8,arxiv
2617,,True,arxiv_url,https://arxiv.org/abs/1210.7192v5,arxiv
2618,,True,arxiv_url,https://arxiv.org/abs/2009.08363v2,arxiv
2619,,True,arxiv_url,https://arxiv.org/abs/1710.07781v2,arxiv
2620,,True,arxiv_url,https://arxiv.org/abs/2408.14466v1,arxiv
2621,,True,arxiv_url,https://arxiv.org/abs/2311.05200v2,arxiv
2622,,True,arxiv_url,https://arxiv.org/abs/1904.06442v1,arxiv
2623,,True,arxiv_url,https://arxiv.org/abs/1212.0181v1,arxiv
2624,10.1109/TVCG.2022.3165348,True,unpaywall,https://arxiv.org/pdf/2011.13079,repository
2625,,True,arxiv_url,https://arxiv.org/abs/2107.01144v4,arxiv
2626,,True,arxiv_url,https://arxiv.org/abs/2108.05634v1,arxiv
2627,,True,arxiv_url,https://arxiv.org/abs/2607.23596v1,arxiv
2628,,True,arxiv_url,https://arxiv.org/abs/2411.14999v1,arxiv
2629,,True,arxiv_url,https://arxiv.org/abs/2403.14451v1,arxiv
2630,,True,arxiv_url,https://arxiv.org/abs/2307.02154v1,arxiv
2631,,True,arxiv_url,https://arxiv.org/abs/2003.11462v2,arxiv
2632,,True,arxiv_url,https://arxiv.org/abs/2202.03332v2,arxiv
2633,,True,arxiv_url,https://arxiv.org/abs/2408.02343v3,arxiv
2634,,True,arxiv_url,https://arxiv.org/abs/2311.18477v3,arxiv
2635,,True,arxiv_url,https://arxiv.org/abs/2403.00796v1,arxiv
2636,,True,arxiv_url,https://arxiv.org/abs/1502.07113v1,arxiv
2637,,True,arxiv_url,https://arxiv.org/abs/2606.14417v1,arxiv
2638,,True,arxiv_url,https://arxiv.org/abs/1803.00798v4,arxiv
2639,,True,arxiv_url,https://arxiv.org/abs/1904.11758v3,arxiv
2640,,True,arxiv_url,https://arxiv.org/abs/1610.00773v1,arxiv
2641,,True,arxiv_url,https://arxiv.org/abs/2210.00847v1,arxiv
2642,,True,arxiv_url,https://arxiv.org/abs/2303.00859v4,arxiv
2643,,True,arxiv_url,https://arxiv.org/abs/1803.00276v2,arxiv
2645,,True,arxiv_url,https://arxiv.org/abs/1612.00040v1,arxiv
2646,,True,arxiv_url,https://arxiv.org/abs/2002.06663v3,arxiv
2647,,True,arxiv_url,https://arxiv.org/abs/2606.31269v1,arxiv
2648,10.1111/jfr3.12282,True,unpaywall,https://onlinelibrary.wiley.com/doi/pdfdirect/10.1111/jfr3.12282?download=true,publisher
2649,,True,arxiv_url,https://arxiv.org/abs/2201.02532v4,arxiv
2650,,True,arxiv_url,https://arxiv.org/abs/2601.09371v2,arxiv
2651,,True,arxiv_url,https://arxiv.org/abs/1909.06083v2,arxiv
2652,,True,arxiv_url,https://arxiv.org/abs/1407.3625v2,arxiv
2653,,True,arxiv_url,https://arxiv.org/abs/2608.13762v1,arxiv
2654,,True,arxiv_url,https://arxiv.org/abs/2512.13310v1,arxiv
2655,,True,arxiv_url,https://arxiv.org/abs/1112.0152v1,arxiv
2656,,True,arxiv_url,https://arxiv.org/abs/2506.21172v1,arxiv
2657,,True,arxiv_url,https://arxiv.org/abs/1611.01602v2,arxiv
2658,,True,arxiv_url,https://arxiv.org/abs/0901.2503v1,arxiv
2659,,True,arxiv_url,https://arxiv.org/abs/1812.07619v2,arxiv
2660,,True,arxiv_url,https://arxiv.org/abs/2310.01970v2,arxiv
2661,,True,arxiv_url,https://arxiv.org/abs/1212.2784v1,arxiv
2662,10.1007/978-3-032-30877-1_5,True,unpaywall,https://arxiv.org/pdf/2606.15881,repository
2663,,True,arxiv_url,https://arxiv.org/abs/1701.00770v1,arxiv
2664,,True,arxiv_url,https://arxiv.org/abs/1112.1869v1,arxiv
2665,,True,arxiv_url,https://arxiv.org/abs/2405.17318v3,arxiv
2666,,True,arxiv_url,https://arxiv.org/abs/2401.16286v3,arxiv
2667,,True,arxiv_url,https://arxiv.org/abs/2501.00118v2,arxiv
2668,,True,arxiv_url,https://arxiv.org/abs/1811.06172v1,arxiv
2669,,True,arxiv_url,https://arxiv.org/abs/2002.09763v1,arxiv
2670,,True,arxiv_url,https://arxiv.org/abs/2511.00518v2,arxiv
2671,,True,arxiv_url,https://arxiv.org/abs/1811.02809v1,arxiv
2672,,True,arxiv_url,https://arxiv.org/abs/1911.07580v1,arxiv
2673,,True,arxiv_url,https://arxiv.org/abs/1704.07358v1,arxiv
2674,,True,arxiv_url,https://arxiv.org/abs/1810.08292v2,arxiv
2675,,True,arxiv_url,https://arxiv.org/abs/2503.17648v1,arxiv
2676,,True,arxiv_url,https://arxiv.org/abs/2601.00284v1,arxiv
2677,,True,arxiv_url,https://arxiv.org/abs/2603.26297v1,arxiv
2678,,True,arxiv_url,https://arxiv.org/abs/2301.04487v1,arxiv
2679,,True,arxiv_url,https://arxiv.org/abs/2509.04342v2,arxiv
2680,,True,arxiv_url,https://arxiv.org/abs/2004.04724v5,arxiv
2681,,True,arxiv_url,https://arxiv.org/abs/2409.08301v2,arxiv
2682,,True,arxiv_url,https://arxiv.org/abs/2506.05922v2,arxiv
2683,,True,arxiv_url,https://arxiv.org/abs/1906.05232v2,arxiv
2684,,True,arxiv_url,https://arxiv.org/abs/2206.01458v4,arxiv
2685,,True,arxiv_url,https://arxiv.org/abs/2408.12288v1,arxiv
2686,,True,arxiv_url,https://arxiv.org/abs/1602.05907v1,arxiv
2687,,True,arxiv_url,https://arxiv.org/abs/2605.27335v1,arxiv
2688,,True,arxiv_url,https://arxiv.org/abs/2412.17327v1,arxiv
2689,,True,arxiv_url,https://arxiv.org/abs/1811.00314v1,arxiv
2691,,True,arxiv_url,https://arxiv.org/abs/2512.06804v3,arxiv
2692,,True,arxiv_url,https://arxiv.org/abs/2206.12821v1,arxiv
2693,,True,arxiv_url,https://arxiv.org/abs/1304.0861v1,arxiv
2694,,True,arxiv_url,https://arxiv.org/abs/2106.13959v1,arxiv
2695,,True,arxiv_url,https://arxiv.org/abs/2310.13764v2,arxiv
2696,,True,arxiv_url,https://arxiv.org/abs/2604.25205v1,arxiv
2697,,True,arxiv_url,https://arxiv.org/abs/2512.17758v3,arxiv
2698,,True,arxiv_url,https://arxiv.org/abs/1803.06823v1,arxiv
2699,,True,arxiv_url,https://arxiv.org/abs/2010.08102v1,arxiv
2700,,True,arxiv_url,https://arxiv.org/abs/2605.25633v1,arxiv
2701,,True,arxiv_url,https://arxiv.org/abs/2006.09660v2,arxiv
2702,,True,arxiv_url,https://arxiv.org/abs/1607.03752v2,arxiv
2703,,True,arxiv_url,https://arxiv.org/abs/2405.14048v1,arxiv
2704,10.1038/s41598-018-33626-1,True,unpaywall,https://www.nature.com/articles/s41598-018-33626-1.pdf,publisher
2705,,True,arxiv_url,https://arxiv.org/abs/1812.09758v2,arxiv
2706,,True,arxiv_url,https://arxiv.org/abs/2409.17804v2,arxiv
2707,,True,arxiv_url,https://arxiv.org/abs/1705.01789v1,arxiv
2708,,True,arxiv_url,https://arxiv.org/abs/1609.09532v2,arxiv
2709,10.1007/978-3-030-93409-5_61,True,unpaywall,https://openportal.isti.cnr.it/doc?id=people______::40fa96e9d1e83fd77dc62715860de27a,repository
2710,,True,arxiv_url,https://arxiv.org/abs/1806.05471v4,arxiv
2711,,True,arxiv_url,https://arxiv.org/abs/2202.02249v2,arxiv
2712,,True,arxiv_url,https://arxiv.org/abs/2306.04254v1,arxiv
2713,,True,arxiv_url,https://arxiv.org/abs/2205.03927v2,arxiv
2714,,True,arxiv_url,https://arxiv.org/abs/2011.13030v1,arxiv
2715,,True,arxiv_url,https://arxiv.org/abs/2411.05629v1,arxiv
2716,,True,arxiv_url,https://arxiv.org/abs/2209.14430v3,arxiv
2717,,True,arxiv_url,https://arxiv.org/abs/2607.04823v1,arxiv
2718,10.1007/s00477-019-01712-z,True,unpaywall,https://arxiv.org/pdf/2402.06574,repository
2719,,True,arxiv_url,https://arxiv.org/abs/2308.13688v1,arxiv
2720,,True,arxiv_url,https://arxiv.org/abs/2310.04853v1,arxiv
2721,,True,arxiv_url,https://arxiv.org/abs/2601.16058v1,arxiv
2722,,True,arxiv_url,https://arxiv.org/abs/2008.01889v3,arxiv
2724,10.1016/j.cma.2023.116721,False,,,
2725,,True,arxiv_url,https://arxiv.org/abs/2407.00564v1,arxiv
2726,,True,arxiv_url,https://arxiv.org/abs/2509.13178v2,arxiv
2727,10.1093/jrsssc/qlag023,True,unpaywall,https://arxiv.org/pdf/2506.13017,repository
2728,,True,arxiv_url,https://arxiv.org/abs/1703.01536v1,arxiv
2729,,True,arxiv_url,https://arxiv.org/abs/2511.12898v1,arxiv
2730,,True,arxiv_url,https://arxiv.org/abs/2511.13875v2,arxiv
2731,,True,arxiv_url,https://arxiv.org/abs/2407.12444v1,arxiv
2733,10.1109/ICPHM57936.2023.10194112,True,semantic_scholar,https://arxiv.org/pdf/2305.05532,
2734,,True,arxiv_url,https://arxiv.org/abs/2503.21585v1,arxiv
2736,,True,arxiv_url,https://arxiv.org/abs/2509.06418v1,arxiv
2738,,True,arxiv_url,https://arxiv.org/abs/2309.07882v1,arxiv
2739,,True,arxiv_url,https://arxiv.org/abs/1608.05182v2,arxiv
2740,10.1016/j.ress.2021.108139,True,unpaywall,https://arxiv.org/pdf/2007.14052,repository
2742,,True,arxiv_url,https://arxiv.org/abs/1509.07409v2,arxiv
2743,,True,arxiv_url,https://arxiv.org/abs/1811.05566v2,arxiv
2744,,True,arxiv_url,https://arxiv.org/abs/2602.07131v2,arxiv
2747,10.5705/ss.202025.0151,True,unpaywall,https://doi.org/10.5705/ss.202025.0151,publisher
2749,,True,arxiv_url,https://arxiv.org/abs/2407.00381v2,arxiv
2750,,True,arxiv_url,https://arxiv.org/abs/2604.04156v1,arxiv
2751,,True,arxiv_url,https://arxiv.org/abs/2410.05517v3,arxiv
2752,,True,arxiv_url,https://arxiv.org/abs/1808.10868v3,arxiv
2754,,True,arxiv_url,https://arxiv.org/abs/2602.14086v1,arxiv
2755,,True,arxiv_url,https://arxiv.org/abs/2405.16298v2,arxiv
2756,,True,arxiv_url,https://arxiv.org/abs/2411.16177v2,arxiv
2757,10.1017/S0266466624000252,True,unpaywall,https://doi.org/10.1017/s0266466624000252,publisher
2760,,True,arxiv_url,https://arxiv.org/abs/2011.12397v1,arxiv
2761,,True,arxiv_url,https://arxiv.org/abs/2109.01952v1,arxiv
2762,,True,arxiv_url,https://arxiv.org/abs/2407.12633v1,arxiv
2763,,True,arxiv_url,https://arxiv.org/abs/2411.19425v1,arxiv
2764,,True,arxiv_url,https://arxiv.org/abs/1509.03813v2,arxiv
2765,,True,arxiv_url,https://arxiv.org/abs/2603.28344v2,arxiv
2766,,True,arxiv_url,https://arxiv.org/abs/2111.11381v1,arxiv
2767,,True,arxiv_url,https://arxiv.org/abs/2109.04146v2,arxiv
2768,,True,arxiv_url,https://arxiv.org/abs/1712.03797v1,arxiv
2769,,True,arxiv_url,https://arxiv.org/abs/2511.06870v1,arxiv
2770,,True,arxiv_url,https://arxiv.org/abs/1105.0343v1,arxiv
2771,,True,arxiv_url,https://arxiv.org/abs/2509.08591v3,arxiv
2772,,True,arxiv_url,https://arxiv.org/abs/2603.10272v2,arxiv
2773,,True,arxiv_url,https://arxiv.org/abs/2607.13852v1,arxiv
2774,,True,arxiv_url,https://arxiv.org/abs/1901.02248v1,arxiv
2775,,True,arxiv_url,https://arxiv.org/abs/1412.4222v1,arxiv
