id,title,year,doi,oa_url,dominio,etapa1_reason
145,Functional principal component analysis with informative observation times,2025,10.1093/biomet/asae055,https://academic.oup.com/biomet/article-pdf/112/1/asae055/59833568/asae055.pdf,academic.oup.com,none
154,"Joint analysis of multivariate longitudinal, imaging, and time-to-event data",2024,10.1093/jrsssc/qlae018,https://academic.oup.com/jrsssc/advance-article-pdf/doi/10.1093/jrsssc/qlae018/57115846/qlae018.pdf,academic.oup.com,none
264,Estimation of sparse functional quantile regression with measurement error: a SIMEX approach,2022,10.1093/biostatistics/kxac017,https://academic.oup.com/biostatistics/article-pdf/23/4/1218/46536375/kxac017.pdf,academic.oup.com,none
355,Semiparametric local variable selection under misspecification,2025,10.1093/biomet/asae068,https://academic.oup.com/biomet/advance-article-pdf/doi/10.1093/biomet/asae068/61257975/asae068.pdf,academic.oup.com,none
531,Quantifying the lifetime circadian rhythm of physical activity: A covariate-dependent functional approach,2015,10.1093/biostatistics/kxu045,https://academic.oup.com/biostatistics/article-pdf/16/2/352/5027361/kxu045.pdf,academic.oup.com,none
541,Modelling three-dimensional trajectories by using Bézier curves with application to hand motion,2007,10.1111/j.1467-9876.2007.00592.x,https://academic.oup.com/jrsssc/article-pdf/56/5/571/50008302/jrsssc_56_5_571.pdf,academic.oup.com,none
593,Curve registration,1998,10.1111/1467-9868.00129,https://academic.oup.com/jrsssb/article-pdf/60/2/351/49589079/jrsssb_60_2_351.pdf,academic.oup.com,none
607,Multivariate functional clustering for the morphological analysis of electrocardiograph curves,2013,10.1111/j.1467-9876.2012.01062.x,https://academic.oup.com/jrsssc/article-pdf/62/3/401/49562568/jrsssc_62_3_401.pdf,academic.oup.com,none
647,Functional clustering by Bayesian wavelet methods,2006,10.1111/j.1467-9868.2006.00545.x,https://academic.oup.com/jrsssb/article-pdf/68/2/305/49794706/jrsssb_68_2_305.pdf,academic.oup.com,none
650,Wavelet-based functional mixed models,2006,10.1111/j.1467-9868.2006.00539.x,https://academic.oup.com/jrsssb/article-pdf/68/2/179/49794657/jrsssb_68_2_179.pdf,academic.oup.com,none
653,Spatial spline regression models,2013,10.1111/rssb.12009,https://academic.oup.com/jrsssb/article-pdf/75/4/681/49507113/jrsssb_75_4_681.pdf,academic.oup.com,none
686,Continuously additive models for nonlinear functional regression,2013,10.1093/biomet/ast004,https://academic.oup.com/biomet/article-pdf/100/3/607/853372/ast004.pdf,academic.oup.com,none
702,Functional mixed-effects model for periodic data,2006,10.1093/biostatistics/kxj003,https://academic.oup.com/biostatistics/article-pdf/7/2/225/656109/kxj003.pdf,academic.oup.com,none
707,Fast bivariate P-splines: The sandwich smoother,2013,10.1111/rssb.12007,https://academic.oup.com/jrsssb/article-pdf/75/3/577/49513811/jrsssb_75_3_577.pdf,academic.oup.com,none
711,Penalized spline models for functional principal component analysis,2006,10.1111/j.1467-9868.2005.00530.x,https://academic.oup.com/jrsssb/article-pdf/68/1/3/49794869/jrsssb_68_1_3.pdf,academic.oup.com,none
789,Structured functional additive regression in reproducing kernel Hilbert spaces,2014,10.1111/rssb.12036,https://academic.oup.com/jrsssb/article-pdf/76/3/581/49507884/jrsssb_76_3_581.pdf,academic.oup.com,none
795,Feature extraction and quantification for mass spectrometry in biomedical applications using the mean spectrum,2005,10.1093/bioinformatics/bti254,https://academic.oup.com/bioinformatics/article-pdf/21/9/1764/48972688/bioinformatics_21_9_1764.pdf,academic.oup.com,none
828,Methods to assess an exercise intervention trial based on 3-level functional data,2015,10.1093/biostatistics/kxv015,https://academic.oup.com/biostatistics/article-pdf/16/4/754/5022824/kxv015.pdf,academic.oup.com,none
835,"Efficient estimation of three-dimensional curves and their derivatives by free-knot regression splines, applied to the analysis of inner carotid artery centrelines",2009,10.1111/j.1467-9876.2008.00653.x,https://academic.oup.com/jrsssc/article-pdf/58/3/285/50008481/jrsssc_58_3_285.pdf,academic.oup.com,none
1202,On functional processes with multiple discontinuities,2022,10.1111/rssb.12493,https://academic.oup.com/jrsssb/article-pdf/84/3/933/49322544/jrsssb_84_3_933.pdf,academic.oup.com,none
1516,Generalized dynamic semi-parametric factor models for high-dimensional non-stationary time series,2014,10.1111/ectj.12024,https://academic.oup.com/ectj/article-pdf/17/2/S101/27684893/ectjs101.pdf,academic.oup.com,none
1570,FUNNEL-GSEA: FUNctioNal ELastic-net regression in time-course gene set enrichment analysis,2017,10.1093/bioinformatics/btx104,https://academic.oup.com/bioinformatics/article-pdf/33/13/1944/49040509/bioinformatics_33_13_1944.pdf,academic.oup.com,none
1659,Estimation of the mean of functional time series and a two-sample problem,2013,10.1111/j.1467-9868.2012.01032.x,https://academic.oup.com/jrsssb/article-pdf/75/1/103/49509739/jrsssb_75_1_103.pdf,academic.oup.com,none
1875,Robust functional principal component analysis for non-Euclidean random objects,2025,10.1093/biomet/asaf040,https://academic.oup.com/biomet/advance-article-pdf/doi/10.1093/biomet/asaf040/63406942/asaf040.pdf,academic.oup.com,none
1949,Statistical analysis of temporal evolution in single-neuron firing rates,2002,10.1093/biostatistics/3.1.1,https://academic.oup.com/biostatistics/article-pdf/3/1/1/601611/030001.pdf,academic.oup.com,none
2163,Change point tests in functional factor models with application to yield curves,2017,10.1111/ectj.12075,https://academic.oup.com/ectj/article-pdf/20/1/86/25740045/ectj0086.pdf,academic.oup.com,none
2465,Nonparametric Transient Classification using Adaptive Wavelets,2015,10.1093/mnras/stv1816,https://academic.oup.com/mnras/article-pdf/453/3/2848/4930922/stv1816.pdf,academic.oup.com,media
954,Filling missing data and smoothing altered data in satellite imagery with a spatial functional procedure,2019,10.1007/s00477-019-01711-0,https://academica-e.unavarra.es/bitstreams/cb537460-6300-47ac-82fd-96482361c1c0/download,academica-e.unavarra.es,none
961,Functional data analysis of weather variables linked to Fusarium head blight epidemics in the United States,2019,10.1094/PHYTO-11-17-0386-R,https://apsjournals.apsnet.org/doi/pdf/10.1094/PHYTO-11-17-0386-R,apsjournals.apsnet.org,none
6,L1-regularized functional support vector machine*,2024,10.4310/22-SII773,https://arxiv.org/pdf/2508.05567,arxiv.org,none
2730,Market competition and poverty dynamics: Short and long run effects across financial development levels,2025,,https://arxiv.org/abs/2511.13875v2,arxiv.org,none
950,Linking demography with drivers: Climate and competition,2016,10.1111/2041-210X.12486,https://besjournals.onlinelibrary.wiley.com/doi/pdfdirect/10.1111/2041-210X.12486,besjournals.onlinelibrary.wiley.com,none
814,A transformation approach for incorporating monotone or unimodal constraints,2005,10.1093/biostatistics/kxi020,http://biostatistics.oxfordjournals.org/content/early/2005/04/14/biostatistics.kxi020.full.pdf,biostatistics.oxfordjournals.org,none
899,A comparison of seed germination coefficients using functional regression,2020,10.1002/aps3.11366,https://bsapubs.onlinelibrary.wiley.com/doi/pdfdirect/10.1002/aps3.11366,bsapubs.onlinelibrary.wiley.com,none
503,Two-step estimation of functional linear models with applications to longitudinal data,2000,10.1111/1467-9868.00233,https://cdr.lib.unc.edu/downloads/c821gv30k,cdr.lib.unc.edu,none
524,Wavelet-Based Nonparametric Modeling of Hierarchical Functions in Colon Carcinogenesis,2003,10.1198/016214503000000422,https://citeseerx.ist.psu.edu/viewdoc/download?doi=10.1.1.226.4622&rep=rep1&type=pdf,citeseerx.ist.psu.edu,none
1380,A robust spatial autoregressive scalar-on-function regression with t-distribution,2021,10.1007/s11634-020-00384-w,https://cnam.hal.science/hal-02495912,cnam.hal.science,none
1156,kNN local linear estimation of the conditional cumulative distribution function: Dependent functional data case,2018,10.1016/j.crma.2018.09.001,https://comptes-rendus.academie-sciences.fr/mathematique/item/10.1016/j.crma.2018.09.001.pdf,comptes-rendus.academie-sciences.fr,none
1626,Introduction to Functional Data Analysis,2017,10.1201/9781315117416,http://digitool.Library.McGill.CA:80/webclient/DeliveryManager?pid=145074&custom_att_2=direct,digitool.Library.McGill.CA:80,none
1488,Frequency modulation increases the specificity of time-resolved connectivity: A resting-state fMRI study,2024,10.1162/netn_a_00372,https://direct.mit.edu/netn/article-pdf/doi/10.1162/netn_a_00372/2348514/netn_a_00372.pdf,direct.mit.edu,none
874,Function-on-function regression with mode-sparsity regularization,2018,10.1145/3178113,https://dl.acm.org/doi/pdf/10.1145/3178113,dl.acm.org,none
0,Model-based Fréchet regression in (quotient) metric spaces with a focus on elastic curves,2026,10.1016/j.jmva.2025.105515,https://doi.org/10.1016/j.jmva.2025.105515,doi.org,none
8,A sandwich smoother for spatio-temporal functional data,2021,10.1016/j.spasta.2020.100413,https://doi.org/10.1016/j.spasta.2020.100413,doi.org,none
22,Continuous-Time Multivariate Analysis,2025,10.1080/10618600.2024.2374570,https://doi.org/10.1080/10618600.2024.2374570,doi.org,none
57,Repeated measures in functional logistic regression,2024,10.1016/j.matcom.2024.05.002,https://doi.org/10.1016/j.matcom.2024.05.002,doi.org,none
71,Simultaneous confidence band for stationary covariance function of dense functional data,2020,10.1016/j.jmva.2019.104584,https://doi.org/10.1016/j.jmva.2019.104584,doi.org,none
84,Bayesian Deep Gaussian Processes for Correlated Functional Data: a Case Study in Cosmological Matter Power Spectra,2026,10.1080/26941899.2026.2685315,https://doi.org/10.1080/26941899.2026.2685315,doi.org,none
103,Functional kernel density estimation: Point and fourier approaches to time series anomaly detection,2020,10.3390/e22121363,https://doi.org/10.3390/e22121363,doi.org,none
125,Functional data analysis to describe and classify southern resident killer whale calls,2024,10.1016/j.ecoinf.2024.102841,https://doi.org/10.1016/j.ecoinf.2024.102841,doi.org,none
149,Partially Linear Single-Index Models and Functional Principal Component Analysis of Spatially and Temporally Indexed Point Processes,2025,10.1080/07350015.2025.2475950,https://doi.org/10.1080/07350015.2025.2475950,doi.org,none
177,Integrated Model Selection and Scalability in Functional Data Analysis Through Bayesian Learning,2025,10.3390/a18050254,https://doi.org/10.3390/a18050254,doi.org,none
182,Semiparametric mixture regression for asynchronous longitudinal data using multivariate functional principal component analysis,2025,10.1093/biostatistics/kxaf008,https://doi.org/10.1093/biostatistics/kxaf008,doi.org,none
187,A Study on the Functional Gaussian Process Regression Model Based on Neural Networks,2026,10.1145/3796731.3796763,https://doi.org/10.1145/3796731.3796763,doi.org,none
202,An application of functional multivariate regression model to multiclass classification,2017,10.21307/stattrans-2016-079,https://doi.org/10.21307/stattrans-2016-079,doi.org,none
204,Partial functional partially linear single-index models,2021,10.5705/ss.202018.0316,https://doi.org/10.5705/ss.202018.0316,doi.org,none
216,Bayesian classification of multiclass functional data,2018,10.1214/18-EJS1522,https://doi.org/10.1214/18-ejs1522,doi.org,none
218,Partially functional linear additive model for censored data with heavy-tailed distributions,2026,10.1080/02664763.2026.2695855,https://doi.org/10.1080/02664763.2026.2695855,doi.org,none
224,Functional Data Regression on Distribution-Valued Data via Logarithm Derivative Quantile Transformation,2025,10.1002/asmb.70059,https://doi.org/10.1002/asmb.70059,doi.org,none
225,A Functional Joint Model for Survival and Multivariate Sparse Functional Data in Multi-Cohort Alzheimer's Disease Study,2026,10.1002/sim.70442,https://doi.org/10.1002/sim.70442,doi.org,none
249,SIMULTANEOUS FUNCTIONAL QUANTILE REGRESSION,2024,10.5705/ss.202021.0248,https://doi.org/10.5705/ss.202021.0248,doi.org,none
257,Supervised Functional Principal Component Analysis Under the Mixture Cure Rate Model: An Application to Alzheimer'S Disease,2025,10.1002/sim.10324,https://doi.org/10.1002/sim.10324,doi.org,none
287,Estimating a smooth covariance for functional data,2026,10.1016/j.csda.2025.108255,https://doi.org/10.1016/j.csda.2025.108255,doi.org,none
300,Joint Component Estimation for Electricity Price Forecasting Using Functional Models,2024,10.3390/en17143461,https://doi.org/10.3390/en17143461,doi.org,none
312,Robust estimation for partial functional linear regression models based on FPCA and weighted composite quantile regression,2021,10.1515/math-2021-0095,https://doi.org/10.1515/math-2021-0095,doi.org,none
353,Joint analysis of longitudinal and recurrent event data: A functional regression approach with autoregressive frailty,2026,10.1177/09622802261457281,https://doi.org/10.1177/09622802261457281,doi.org,none
359,Efficient spline orthogonal basis for representation of density functions,2026,10.1080/02664763.2025.2532621,https://doi.org/10.1080/02664763.2025.2532621,doi.org,none
368,Estimation of trace-variogram using Legendre–Gauss quadrature,2022,10.1214/22-BJPS536,https://doi.org/10.1214/22-BJPS536,doi.org,none
372,Robust functional regression with discretely sampled predictors,2026,10.1016/j.csda.2025.108308,https://doi.org/10.1016/j.csda.2025.108308,doi.org,none
381,Forecasting high-dimensional functional time series with dual-factor structures,2026,10.1093/jrsssa/qnaf144,https://doi.org/10.1093/jrsssa/qnaf144,doi.org,none
396,Predicting graphical models based on functional data,2025,10.1016/j.ijar.2025.109493,https://doi.org/10.1016/j.ijar.2025.109493,doi.org,none
414,Fast covariance estimation for multivariate sparse functional data,2020,10.1002/sta4.245,https://doi.org/10.1002/sta4.245,doi.org,none
428,Functional nonlinear principal component analysis,2025,10.1016/j.csda.2025.108169,https://doi.org/10.1016/j.csda.2025.108169,doi.org,none
434,Elastic functional Cox regression model with shape predictors,2026,10.1080/02664763.2026.2680085,https://doi.org/10.1080/02664763.2026.2680085,doi.org,none
442,Functional response regression analysis,2019,10.1016/j.jmva.2018.09.009,https://doi.org/10.1016/j.jmva.2018.09.009,doi.org,none
444,Detection of Unknown Functional Departure in Generalized Functional Regression,2025,10.1002/sam.70013,https://doi.org/10.1002/sam.70013,doi.org,none
471,smoothEM: A new approach for the simultaneous assessment of smooth patterns and spikes,2025,10.1214/25-EJS2428,https://doi.org/10.1214/25-ejs2428,doi.org,none
477,Robust estimation for functional logistic regression models,2025,10.1214/25-EJS2350,https://doi.org/10.1214/25-ejs2350,doi.org,none
515,A multiresolution approach to time warping achieved by a Bayesian prior-posterior transfer fitting strategy,2010,10.1111/j.1467-9868.2010.00752.x,https://doi.org/10.2139/ssrn.1376237,doi.org,none
521,On rates of convergence in functional linear regression,2007,10.1016/j.jmva.2006.10.004,https://doi.org/10.1016/j.jmva.2006.10.004,doi.org,none
528,Emulation of multivariate simulators using thin-plate splines with application to atmospheric dispersion,2016,10.1137/140970148,https://doi.org/10.1137/140970148,doi.org,none
532,Identifiability in penalized function-on-function regression models,2016,10.1214/16-EJS1123,https://doi.org/10.1214/16-ejs1123,doi.org,none
589,A simultaneous confidence corridor for varying coefficient regression with sparse functional data,2014,10.1007/s11749-014-0392-4,https://doi.org/10.2139/ssrn.2892642,doi.org,none
687,Feature extraction in signal regression: A boosting technique for functional data regression,2010,10.1198/jcgs.2009.07176,https://doi.org/10.5282/ubm/epub.2097,doi.org,none
713,Cokriging for spatial functional data,2010,10.1016/j.jmva.2009.03.005,https://doi.org/10.1016/j.jmva.2009.03.005,doi.org,none
781,Functional statistical techniques applied to vine leaf water content determination,2010,10.1016/j.mcm.2010.03.008,https://doi.org/10.1016/j.mcm.2010.03.008,doi.org,none
784,Detecting and Localizing Differences in Functional Time Series Dynamics: A Case Study in Molecular Biophysics,2016,10.1080/01621459.2016.1147355,https://doi.org/10.1080/01621459.2016.1147355,doi.org,none
798,Series expansion for functional sufficient dimension reduction,2014,10.1016/j.jmva.2013.10.019,https://doi.org/10.1016/j.jmva.2013.10.019,doi.org,none
872,Spline and Wavelet Smoothing Techniques for Functional Data,2024,10.1145/3694875.3694882,https://doi.org/10.1145/3694875.3694882,doi.org,none
917,Derivation of machine learning brain aging biomarkers for a set of forty thousand functional connectomes,2026,10.1016/j.brainresbull.2026.111815,https://doi.org/10.1016/j.brainresbull.2026.111815,doi.org,none
924,Mixed modeling for irregularly sampled and correlated functional data: Speech science applications,2017,10.1121/1.4998555,https://doi.org/10.1121/1.4998555,doi.org,none
934,Machine learning based on functional principal component analysis to quantify the effects of the main drivers of wheat yields,2024,10.1016/j.eja.2024.127254,https://doi.org/10.1016/j.eja.2024.127254,doi.org,none
1026,Classifying infinite-dimensional data with unified basis functions: An effective machine learning approach,2025,10.1016/j.neucom.2024.129245,https://doi.org/10.1016/j.neucom.2024.129245,doi.org,none
1040,Music Genre Classification Based on Functional Data Analysis,2024,10.1109/ACCESS.2024.3512874,https://doi.org/10.1109/access.2024.3512874,doi.org,none
1041,Using basis expansions for estimating functional PLS regression. Applications with chemometric data.,2010,10.1016/j.chemolab.2010.09.007,https://doi.org/science/article/pii/S0169743910001747,doi.org,none
1059,A Fast Weighted Fuzzy C-Medoids Clustering for Time Series Data Based on P-Splines,2022,10.3390/s22166163,https://doi.org/10.3390/s22166163,doi.org,none
1062,2D Time-varying functional modeling framework for multi-scale solar irradiance forecasting,2026,10.1016/j.neunet.2025.108443,https://doi.org/10.1016/j.neunet.2025.108443,doi.org,none
1084,Random-Splitting Random Forest with Multiple Mixed-Data Covariates,2023,10.18502/jbe.v9i1.13974,https://doi.org/10.18502/jbe.v9i1.13974,doi.org,none
1089,On optimal regression trees to detect critical intervals for multivariate functional data,2023,10.1016/j.cor.2023.106152,https://doi.org/10.1016/j.cor.2023.106152,doi.org,none
1118,A Study of the Colombian Stock Market with Multivariate Functional Data Analysis (FDA),2025,10.3390/math13050858,https://doi.org/10.3390/math13050858,doi.org,none
1131,The functional distance-based approach: An application on long-term Metropolitan Development,2024,10.1016/j.seps.2024.101917,https://doi.org/10.1016/j.seps.2024.101917,doi.org,none
1134,EXPLORING SPATIOTEMPORAL VARIATION IN COVID-19 WAVES: NON-EUCLIDEAN SPATIALLY AWARE FUNCTIONAL REGISTRATION,2025,10.1214/25-AOAS2077,https://doi.org/10.1214/25-aoas2077,doi.org,none
1135,A Functional Principal Component Analysis Framework for Vibration-Based Structural Condition Assessment of Highway Bridge Spans,2026,10.1002/env.70124,https://doi.org/10.1002/env.70124,doi.org,none
1142,Functional data analysis: An application to COVID-19 data in the United States in 2020,2022,10.15302/J-QB-022-0300,https://doi.org/10.15302/j-qb-022-0300,doi.org,none
1158,On changepoint detection in functional data using empirical energy distance,2025,10.1016/j.jeconom.2025.106023,https://doi.org/10.1016/j.jeconom.2025.106023,doi.org,none
1174,Constructing prediction intervals for the age distribution of deaths,2026,10.1080/03461238.2025.2544265,https://doi.org/10.1080/03461238.2025.2544265,doi.org,none
1192,Stopping time detection of wood panel compression: A functional time-series approach,2022,10.1111/rssc.12572,https://doi.org/10.1111/rssc.12572,doi.org,none
1198,Comparing risk profiles of international stock markets as functional data: COVID-19 versus the global financial crisis,2024,10.1002/asmb.2879,https://doi.org/10.1002/asmb.2879,doi.org,none
1204,Forecasting Age- and Sex-Specific Survival Functions: Application to Annuity Pricing,2024,10.3390/risks12070117,https://doi.org/10.3390/risks12070117,doi.org,none
1212,Nonlinear prediction of functional time series,2023,10.1002/env.2792,https://doi.org/10.1002/env.2792,doi.org,none
1228,Choosing the right norm for change point detection in functional data,2025,10.1214/25-EJS2451,https://doi.org/10.1214/25-ejs2451,doi.org,none
1232,Forecasting u.S. aggregate stock market excess return: Do functional data analysis add economic value?,2020,10.3390/math8112042,https://doi.org/10.3390/math8112042,doi.org,none
1236,Different PCA approaches for vector functional time series with applications to resistive switching processes,2024,10.1016/j.matcom.2024.04.017,https://doi.org/10.1016/j.matcom.2024.04.017,doi.org,none
1242,An autocovariance-based learning framework for high-dimensional functional time series,2024,10.1016/j.jeconom.2023.01.007,https://doi.org/10.1016/j.jeconom.2023.01.007,doi.org,none
1244,The Functional Delta Method for Deriving Asymptotic Distributions,2026,10.1002/wics.70053,https://doi.org/10.1002/wics.70053,doi.org,none
1259,Spatiotemporal factor models for functional data with application to population map forecast,2024,10.1016/j.spasta.2024.100849,https://doi.org/10.1016/j.spasta.2024.100849,doi.org,none
1277,Bayesian functional forecasting with locally-autoregressive dependent processes,2019,10.1214/18-BA1140,https://doi.org/10.1214/18-ba1140,doi.org,none
1280,Forecasting a time series of Lorenz curves: one-way functional analysis of variance,2025,10.1080/02664763.2025.2490093,https://doi.org/10.1080/02664763.2025.2490093,doi.org,none
1287,Outlier detection for multivariate time series: A functional data approach[Formula presented],2021,10.1016/j.knosys.2021.107527,https://doi.org/10.1016/j.knosys.2021.107527,doi.org,none
1295,TWO-SAMPLE TESTS FOR RELEVANT DIFFERENCES IN THE EIGENFUNCTIONS OF COVARIANCE OPERATORS,2023,10.5705/ss.202020.0365,https://doi.org/10.5705/ss.202020.0365,doi.org,none
1318,Conformal prediction bands for two-dimensional functional time series,2023,10.1016/j.csda.2023.107821,https://doi.org/10.1016/j.csda.2023.107821,doi.org,none
1331,On the Exact Asymptotic Error of the Kernel Estimator of the Conditional Hazard Function for Quasi-Associated Functional Variables,2025,10.3390/math13132172,https://doi.org/10.3390/math13132172,doi.org,none
1351,Functional Time Series Analysis Using Single-Index L1-Modal Regression,2025,10.3390/sym17030460,https://doi.org/10.3390/sym17030460,doi.org,none
1352,A goodness-of-fit test for functional time series with applications to Ornstein-Uhlenbeck processes,2025,10.1016/j.csda.2024.108092,https://doi.org/10.1016/j.csda.2024.108092,doi.org,none
1359,Empirical Asset Pricing with Functional Factors,2023,10.1093/jjfinec/nbac003,https://doi.org/10.1093/jjfinec/nbac003,doi.org,none
1364,Detection and localization of changes in a panel of densities,2025,10.1016/j.jmva.2024.105374,https://doi.org/10.1016/j.jmva.2024.105374,doi.org,none
1373,Functional arch and garch models: A yule-walker approach,2020,10.1214/20-EJS1778,https://doi.org/10.1214/20-ejs1778,doi.org,none
1382,Intraday Functional PCA Forecasting of Cryptocurrency Returns,2026,10.1002/for.70127,https://doi.org/10.1002/for.70127,doi.org,none
1389,Functional Vašiček Model,2025,10.1111/jtsa.70024,https://doi.org/10.1111/jtsa.70024,doi.org,none
1396,A Hotelling spatial scan statistic for functional data: Application to economic and climate data,2025,10.1016/j.spasta.2025.100888,https://doi.org/10.1016/j.spasta.2025.100888,doi.org,none
1403,Regression estimation for continuous-time functional data processes with missing at random response,2025,10.1080/10485252.2024.2332686,https://doi.org/10.1080/10485252.2024.2332686,doi.org,none
1409,Efficient Bayesian functional principal component analysis of irregularly-observed multivariate curves,2025,10.1016/j.csda.2024.108094,https://doi.org/10.1016/j.csda.2024.108094,doi.org,none
1414,Forecasting the Age Structure of the Scientific Workforce in Australia,2026,10.1111/anzs.70043,https://doi.org/10.1111/anzs.70043,doi.org,none
1421,Functional Mixed-type Clustering of Investors' Daily Returns During a Market Shock Change-point and Recovery,2024,10.1145/3677052.3698633,https://doi.org/10.1145/3677052.3698633,doi.org,none
1475,Fractionally integrated curve time series with cointegration,2024,10.1214/24-EJS2290,https://doi.org/10.1214/24-ejs2290,doi.org,none
1483,Convolution-based linear discriminant analysis for functional data classification,2021,10.1016/j.ins.2021.09.057,https://doi.org/10.1016/j.ins.2021.09.057,doi.org,none
1489,Inference and Computation for Sparsely Sampled Random Surfaces,2022,10.1080/10618600.2022.2034640,https://doi.org/10.1080/10618600.2022.2034640,doi.org,none
1498,Functional data analysis approach for mapping change in time series: A case study using bicycle ridership patterns,2023,10.1016/j.trip.2022.100752,https://doi.org/10.1016/j.trip.2022.100752,doi.org,none
1557,Testing the stability of the functional autoregressive process,2010,10.1016/j.jmva.2008.12.008,https://doi.org/10.1016/j.jmva.2008.12.008,doi.org,none
1564,A semiparametric factor model for CDO surfaces dynamics,2016,10.1016/j.jmva.2015.09.002,https://doi.org/10.1016/j.jmva.2015.09.002,doi.org,none
1622,Conditional estimation for dependent functional data,2013,10.1016/j.jmva.2013.04.009,https://doi.org/10.1016/j.jmva.2013.04.009,doi.org,none
1731,Mapping price dynamics across electricity market designs: A functional data approach with STL decomposition,2026,10.1016/j.apenergy.2026.127390,https://doi.org/10.1016/j.apenergy.2026.127390,doi.org,none
1741,Uncovering temporal and spatial patterns in public transport demand: A functional data analysis of smart card transactions in Bogotá,2026,10.1016/j.jtrangeo.2026.104704,https://doi.org/10.1016/j.jtrangeo.2026.104704,doi.org,none
1755,Weather-Driven Ensemble Logistic Models for Predicting Fusarium Head Blight of Wheat in Brazil,2026,10.1111/ppa.70173,https://doi.org/10.1111/ppa.70173,doi.org,none
1760,PDE-regularised spatial quantile regression,2025,10.1016/j.jmva.2024.105381,https://doi.org/10.1016/j.jmva.2024.105381,doi.org,none
1763,A Two-Stage GMFAMM Approximation for Joint Bias Correction of NASA POWER Hydroclimatic Data: The ColClim Web Application,2026,10.3390/s26134301,https://doi.org/10.3390/s26134301,doi.org,none
1765,A Bayesian Spatiotemporal Functional Model for Data With Block Structure and Repeated Measures,2026,10.1002/env.70071,https://doi.org/10.1002/env.70071,doi.org,none
1790,Constructing a control chart using functional data,2020,10.3390/math8010058,https://doi.org/10.3390/math8010058,doi.org,none
1791,Case study of anomaly detection and quality control of energy efficiency and hygrothermal comfort in buildings,2019,10.5220/0007839701450151,https://doi.org/10.5220/0007839701450151,doi.org,none
1803,Optimal transport convergence of conditional distribution estimation for single-indexed locally stationary functional time series,2026,10.1016/j.rinam.2026.100709,https://doi.org/10.1016/j.rinam.2026.100709,doi.org,none
1806,"A comparative analysis of forecasting models for air temperature: Classical time series, machine learning, and functional approaches",2026,10.1016/j.kjs.2025.100529,https://doi.org/10.1016/j.kjs.2025.100529,doi.org,none
1812,Functional Stochastic Volatility in Financial Option Surfaces,2022,10.1080/26941899.2022.2152764,https://doi.org/10.1080/26941899.2022.2152764,doi.org,none
1826,Development of Functional Quantile Autoregressive Model for River Flow Curve Forecasting,2024,10.1029/2024EA003564,https://doi.org/10.1029/2024ea003564,doi.org,none
1836,Advancing Economic Forecasting With Hybrid Time Series and Functional Models: Evidence From Electricity Demand Data,2025,10.1109/ACCESS.2025.3631725,https://doi.org/10.1109/access.2025.3631725,doi.org,none
1837,Exploring volatility of crude oil intraday return curves: A functional GARCH-X model,2023,10.1016/j.jcomm.2023.100361,https://doi.org/10.1016/j.jcomm.2023.100361,doi.org,none
1852,Fourier-type tests of mutual independence between functional time series,2022,10.1016/j.jmva.2021.104873,https://doi.org/10.1016/j.jmva.2021.104873,doi.org,none
1856,Stagewise crop yield prediction with multisource functional indices,2026,10.1002/cjs.70043,https://doi.org/10.1002/cjs.70043,doi.org,none
1858,Simultaneous inference for the distribution of functional principal component scores,2026,10.5705/ss.202023.0246,https://doi.org/10.5705/ss.202023.0246,doi.org,none
1878,Tutorial on Bayesian functional regression using Stan,2025,10.1002/sim.70265,https://doi.org/10.1002/sim.70265,doi.org,none
1879,Statistical inference for multivariate functional panel data,2025,10.5705/ss.202023.0146,https://doi.org/10.5705/ss.202023.0146,doi.org,none
1880,Statistical inference for mean functions of complex 3D objects,2025,10.5705/ss.202023.0071,https://doi.org/10.5705/ss.202023.0071,doi.org,none
1889,Enhanced structural break detection in functional means,2025,10.5705/ss.202022.0312,https://doi.org/10.5705/ss.202022.0312,doi.org,none
1899,Hypotheses testing of functional principal components,2025,10.5705/ss.202022.0309,https://doi.org/10.5705/ss.202022.0309,doi.org,none
1960,Statistical inference for functional time series,2023,10.5705/ss.202021.0107,https://doi.org/10.5705/ss.202021.0107,doi.org,none
1972,Nonparametric clustering of functional data using pseudo-densities,2016,10.1214/16-EJS1198,https://doi.org/10.1214/16-ejs1198,doi.org,none
1990,Gaussian tree constraints applied to acoustic linguistic functional data,2017,10.1016/j.jmva.2016.09.015,https://doi.org/10.1016/j.jmva.2016.09.015,doi.org,none
2027,Mixture of segmentation for heterogeneous functional data,2024,10.1214/24-EJS2286,https://doi.org/10.1214/24-ejs2286,doi.org,none
2049,Functional horseshoe smoothing for functional trend estimation,2024,10.5705/ss.202022.0297,https://doi.org/10.5705/ss.202022.0297,doi.org,none
2079,"Bayesian Framework for Simultaneous Registration and Estimation of Noisy, Sparse, and Fragmented Functional Data",2022,10.1080/01621459.2021.1893179,https://doi.org/10.1080/01621459.2021.1893179,doi.org,none
2110,Nonparametric Causal Inference with Functional Covariates,2026,10.1080/07350015.2025.2501563,https://doi.org/10.1080/07350015.2025.2501563,doi.org,none
2155,Change point analysis for functional data using empirical characteristic functionals,2026,10.1111/jtsa.12828,https://doi.org/10.1111/jtsa.12828,doi.org,none
2172,Curve forecasting by functional autoregression,2008,10.1016/j.jmva.2008.03.001,https://doi.org/10.7916/d8rb7gth,doi.org,none
2176,Gradual changes in functional time series,2026,10.1111/jtsa.12809,https://doi.org/10.1111/jtsa.12809,doi.org,none
2181,Extremal dependence measure for functional data,2022,10.1016/j.jmva.2021.104887,https://doi.org/10.1016/j.jmva.2021.104887,doi.org,none
2190,The Granger-Johansen representation theorem for integrated time series on Banach space,2025,10.1111/jtsa.12766,https://doi.org/10.1111/jtsa.12766,doi.org,none
2214,Template based functional prediction with applications to noninvasive mechanical ventilation and surface EMG techniques,2026,10.1016/j.jspi.2026.106375,https://doi.org/10.1016/j.jspi.2026.106375,doi.org,none
2217,Confidence surfaces for the mean of locally stationary functional time series,2026,10.5705/ss.202023.0150,https://doi.org/10.5705/ss.202023.0150,doi.org,none
2221,On distributional autoregression and iterated transportation,2024,10.1111/jtsa.12736,https://doi.org/10.1111/jtsa.12736,doi.org,none
2224,Functional sieve bootstrap for the partial sum process with an application to change-point detection,2026,10.1111/jtsa.12852,https://doi.org/10.1111/jtsa.12852,doi.org,none
2229,Varying coefficient models for sparse noise-contaminated longitudinal data,2011,10.5705/ss.2009.328,http://doi.org/10.5705/ss.2009.328,doi.org,none
2238,Detecting changes in functional linear models,2012,10.1016/j.jmva.2012.04.007,https://doi.org/10.1016/j.jmva.2012.04.007,doi.org,none
2276,Estimating lagged (cross-)covariance operators of \(L^p\)-\(m\)-approximable processes in Cartesian product Hilbert spaces,2025,10.1111/jtsa.12772,https://doi.org/10.1111/jtsa.12772,doi.org,none
2300,Adaptive estimation for weakly dependent functional times series,2026,10.1111/jtsa.70006,https://doi.org/10.1111/jtsa.70006,doi.org,none
2357,Test of partial separability for multivariate functional data,2025,10.5705/ss.202022.0370,https://doi.org/10.5705/ss.202022.0370,doi.org,none
2388,Forecasting age distribution of deaths: cumulative distribution function transformation,2025,10.1016/j.insmatheco.2025.03.007,https://doi.org/10.1016/j.insmatheco.2025.03.007,doi.org,none
2396,The influence of fiscal and monetary policies on the shape of the yield curve,2026,10.1016/j.jedc.2026.105276,https://doi.org/10.1016/j.jedc.2026.105276,doi.org,none
2747,Variable Selection and Minimax Prediction in High-dimensional Functional Linear Model,2023,10.5705/ss.202025.0151,https://doi.org/10.5705/ss.202025.0151,doi.org,none
453,Automatic Variable Selection for Partially Linear Functional Additive Model and Its Application to the Tecator Data Set,2018,10.1155/2018/5683539,https://downloads.hindawi.com/journals/mpe/2018/5683539.pdf,downloads.hindawi.com,none
887,Runoff potentiality of a watershed through SCS and functional data analysis technique,2014,10.1155/2014/379763,https://downloads.hindawi.com/journals/tswj/2014/379763.pdf,downloads.hindawi.com,none
944,Bayesian functional data clustering for temporal microarray data,2008,10.1155/2008/231897,https://downloads.hindawi.com/archive/2008/231897.pdf,downloads.hindawi.com,none
1081,Functional Data Approach for Short-Term Electricity Demand Forecasting,2022,10.1155/2022/6709779,https://downloads.hindawi.com/journals/mpe/2022/6709779.pdf,downloads.hindawi.com,none
1116,Analysis of electric vehicle charging behavior patterns with function principal component analysis approach,2020,10.1155/2020/8850654,https://downloads.hindawi.com/journals/jat/2020/8850654.pdf,downloads.hindawi.com,none
1169,Reexamining Spatiotemporal Disparities of Financial Development in China Based on Functional Data Analysis,2021,10.1155/2021/5539035,https://downloads.hindawi.com/journals/mpe/2021/5539035.pdf,downloads.hindawi.com,none
1171,Construction of Development Momentum Index of Financial Technology by Principal Component Analysis in the Era of Digital Economy,2022,10.1155/2022/2244960,https://downloads.hindawi.com/journals/cin/2022/2244960.pdf,downloads.hindawi.com,none
1405,Identifying the Dynamic Influence of Economic Policy Uncertainty on Enterprise Investment Using Functional Data Analysis,2022,10.1155/2022/7822710,https://downloads.hindawi.com/journals/mpe/2022/7822710.pdf,downloads.hindawi.com,none
1694,Functional principal components analysis of shanghai stock exchange 50 index,2014,10.1155/2014/365204,https://downloads.hindawi.com/journals/ddns/2014/365204.pdf,downloads.hindawi.com,none
1998,Nonparametric pointwise estimation for a regression model with multiplicative noise,2021,10.1155/2021/1599286,https://downloads.hindawi.com/journals/jfs/2021/1599286.pdf,downloads.hindawi.com,none
2148,Dependent functional data,2012,10.5402/2012/958254,https://downloads.hindawi.com/archive/2012/958254.pdf,downloads.hindawi.com,none
1854,Functional linear models with latent factors,2026,10.5705/ss.202024.0028,http://dx.doi.org/10.5705/ss.202024.0028,dx.doi.org,none
472,Density ratio model with data-adaptive basis function,2022,10.1016/j.jmva.2022.105043,https://eprints.gla.ac.uk/view/author/83039.html>,eprints.gla.ac.uk,none
2234,Parametric conditional mean inference with functional data applied to lifetime income curves,2022,10.1111/iere.12548,https://eprints.soton.ac.uk/450906/1/JSCHO_fdata_cmean_0722_2021_9D_pcb.pdf,eprints.soton.ac.uk,none
1631,FuncICA for time series pattern discovery,2009,10.1137/1.9781611972795.7,https://epubs.siam.org/doi/pdf/10.1137/1.9781611972795.7,epubs.siam.org,none
582,Functional Generalized Structured Component Analysis,2016,10.1007/s11336-016-9521-1,http://escholarship.mcgill.ca/downloads/j6731748w,escholarship.mcgill.ca,none
2038,Multivariate functional response low-rank regression with an application to brain imaging data,2021,10.1002/cjs.11604,https://escholarship.org/uc/item/7z54c5z4,escholarship.org,none
102,Bayesian Function-on-Scalars Regression for High-Dimensional Data,2020,10.1080/10618600.2019.1710837,https://figshare.com/articles/dataset/Bayesian_Function-on-Scalars_Regression_for_High-Dimensional_Data/11555739,figshare.com,none
157,Multivariate analysis of variance for functional data,2017,10.1080/02664763.2016.1247791,https://figshare.com/articles/journal_contribution/Multivariate_analysis_of_variance_for_functional_data/4056285,figshare.com,none
160,Learning Block Structured Graphs in Gaussian Graphical Models,2024,10.1080/10618600.2023.2210184,https://figshare.com/articles/dataset/Learning_Block_Structured_Graphs_in_Gaussian_Graphical_Models/22756138,figshare.com,none
250,Dynamic Survival Prediction Using Sparse Longitudinal Images via Multi-Dimensional Functional Principal Component Analysis,2024,10.1080/10618600.2024.2335182,https://figshare.com/articles/journal_contribution/Dynamic_Survival_Prediction_using_Sparse_Longitudinal_Images_via_Multi-dimensional_Functional_Principal_Component_Analysis/25871338,figshare.com,none
278,Estimation and Identification of a Varying-Coefficient Additive Model for Locally Stationary Processes,2019,10.1080/01621459.2018.1482753,https://figshare.com/articles/journal_contribution/Estimation_and_Identification_of_a_Varying-Coefficient_Additive_Model_for_Locally_Stationary_Processes/6447911,figshare.com,none
361,A Wavelet-Based Independence Test for Functional Data With an Application to MEG Functional Connectivity,2023,10.1080/01621459.2021.2020126,https://figshare.com/articles/journal_contribution/A_Wavelet-Based_Independence_Test_for_Functional_Data_with_an_Application_to_MEG_Functional_Connectivity/17308519,figshare.com,none
382,Estimation of a clustering model for non Gaussian functional data,2024,10.1080/03610926.2023.2246089,https://figshare.com/articles/dataset/Estimation_of_a_clustering_model_for_non_Gaussian_functional_data/23989168,figshare.com,none
397,Robust multivariate functional discriminant coordinates,2020,10.1080/03610918.2019.1580731,https://figshare.com/articles/Robust_multivariate_functional_discriminant_coordinates/8869436,figshare.com,none
452,Robust estimation with modified Huber's function for functional linear models,2020,10.1080/02331888.2020.1862114,https://figshare.com/articles/journal_contribution/Robust_estimation_with_modified_Huber_s_function_for_functional_linear_models/13482586,figshare.com,none
484,Functional Regression for Densely Observed Data With Novel Regularization,2021,10.1080/10618600.2020.1807994,https://figshare.com/articles/journal_contribution/Functional_regression_for_densely_observed_data_with_novel_regularization/12844490,figshare.com,none
522,Wavelet-Based Weighted LASSO and Screening Approaches in Functional Linear Regression,2015,10.1080/10618600.2014.925458,https://figshare.com/ndownloader/files/1533704,figshare.com,none
630,Description length and dimensionality reduction in functional data analysis,2013,10.1016/j.csda.2011.03.018,https://figshare.com/articles/journal_contribution/Description_Length_and_Dimensionality_Reduction_in_Functional_Data_Analysis/21433368/1/files/38036280.pdf,figshare.com,none
730,Forecasting age-specific breast cancer mortality using functional data models,2007,10.1002/sim.2306,https://figshare.com/articles/journal_contribution/Forecasting_age-specific_breast_cancer_mortality_using_functional_data_models/5090305/1/files/8628262.pdf,figshare.com,none
753,Joint Modeling and Clustering Paired Generalized Longitudinal Trajectories With Application to Cocaine Abuse Treatment Data,2014,10.1080/01621459.2014.957286,https://figshare.com/articles/journal_contribution/Joint_Modeling_and_Clustering_Paired_Generalized_Longitudinal_Trajectories_With_Application_to_Cocaine_Abuse_Treatment_Data/1276456,figshare.com,none
754,Locally Sparse Estimator for Functional Linear Regression Models,2017,10.1080/10618600.2016.1195273,https://figshare.com/articles/journal_contribution/Locally_Sparse_Estimator_for_Functional_Linear_Regression_Models/3421900,figshare.com,none
786,Smoothed functional canonical correlation analysis of humidity and temperature data,2015,10.1080/02664763.2015.1019842,https://figshare.com/articles/journal_contribution/Smoothed_functional_canonical_correlation_analysis_of_humidity_and_temperature_data/1381782,figshare.com,none
1175,Crop Yield Prediction Using Bayesian Spatially Varying Coefficient Models with Functional Predictors,2023,10.1080/01621459.2022.2123333,https://figshare.com/articles/dataset/Crop_Yield_Prediction_Using_Bayesian_Spatially_Varying_Coefficient_Models_with_Functional_Predictors/21082235,figshare.com,none
1176,Empirical Bayes Derivative Estimates,2020,10.1080/00273171.2019.1642729,https://figshare.com/articles/Empirical_Bayes_Derivative_Estimates/12357815,figshare.com,none
1234,Coherent mortality forecasting by the weighted multilevel functional principal component approach,2019,10.1080/02664763.2019.1572718,https://figshare.com/articles/journal_contribution/Coherent_mortality_forecasting_by_the_weighted_multilevel_functional_principal_component_approach/10239614,figshare.com,none
1243,Forecasting the old-age dependency ratio to determine a sustainable pension age,2021,10.1111/anzs.12330,https://figshare.com/articles/journal_contribution/Forecasting_the_Old-Age_Dependency_Ratio_to_Determine_a_Sustainable_Pension_Age/21529356,figshare.com,none
1672,Robust forecasting of mortality and fertility rates: A functional data approach,2007,10.1016/j.csda.2006.07.028,https://figshare.com/articles/journal_contribution/Robust_forecasting_of_mortality_and_fertility_rates_a_functional_data_approach/5080543/1/files/8598706.pdf,figshare.com,none
1822,Modeling Functional Time Series and Mixed-Type Predictors With Partially Functional Autoregressions,2024,10.1080/07350015.2021.2011299,https://figshare.com/articles/journal_contribution/Modeling_functional_time_series_and_mixed-type_predictors_with_partially_functional_autoregressions_/17124071,figshare.com,none
2092,Network Functional Varying Coefficient Model,2022,10.1080/01621459.2021.1901718,https://figshare.com/articles/journal_contribution/Network_Functional_Varying_Coefficient_Model/14217240,figshare.com,none
2101,Principal Component Analysis of Spatially Indexed Functions,2021,10.1080/01621459.2020.1732395,https://figshare.com/articles/dataset/Principal_Component_Analysis_of_Spatially_Indexed_Functions/11903034,figshare.com,none
2102,Detecting the complexity of a functional time series,2024,10.1080/10485252.2023.2234507,https://figshare.com/articles/journal_contribution/Detecting_the_complexity_of_a_functional_time_series/23671089,figshare.com,none
2220,Seasonal functional autoregressive models,2022,10.1111/jtsa.12608,https://figshare.com/articles/journal_contribution/Seasonal_Functional_Autoregressive_Models/21523407,figshare.com,none
2086,A median test for functional data,2022,10.1080/10485252.2022.2064997,https://hal.archives-ouvertes.fr/hal-03560362v1/file/medarticlesoumission.pdf,hal.archives-ouvertes.fr,none
2099,Conditional VAR and Expected Shortfall: A New Functional Approach,2016,10.1080/07474938.2013.807107,https://hal.archives-ouvertes.fr/hal-01980180/file/ferraty-quintela-ER-with-figures.pdf,hal.archives-ouvertes.fr,none
311,Covariance parameter estimation of Gaussian processes with approximated functional inputs,2025,10.1016/j.jmva.2024.105380,https://hal.science/hal-04559892v2/file/asympAnalGPfunInputs_EJS2024ArXiv.pdf,hal.science,none
330,Prediction intervals and bands with improved coverage for functional data under noisy discrete observation,2025,10.1080/02664763.2024.2420223,https://hal.science/hal-04758114v1/document,hal.science,none
377,Traffic signal detection from in-vehicle GPS speed profiles using functional data analysis and machine learning,2020,10.1007/s41060-019-00197-x,https://hal.science/hal-02332081/document,hal.science,none
450,Clustering acoustic emission signals by mixing two stages dimension reduction and nonparametric approaches,2019,10.1007/s00180-018-00864-w,https://hal.science/hal-03023293,hal.science,none
1253,Embedding and learning with signatures,2021,10.1016/j.csda.2020.107148,https://hal.science/hal-02387258,hal.science,none
1451,Decomposing anomalies,2021,10.1016/j.econlet.2021.109835,https://hal.science/hal-03323669/document,hal.science,none
1494,"Trading signal, functional data analysis and time series momentum",2021,10.1016/j.frl.2021.101933,https://hal.science/hal-03323675/document,hal.science,none
1952,Geodesic PCA in the Wasserstein space by convex PCA,2017,10.1214/15-AIHP706,https://hal.science/hal-01978864v1/file/AIHP706.pdf,hal.science,none
2034,Local optimization of black-box functions with high or infinite-dimensional inputs: application to nuclear safety,2018,10.1007/s00180-017-0751-1,https://hal.science/hal-01144628,hal.science,none
2105,A comparison study of control charts for statistical monitoring of functional data,2010,10.1080/00207540802662888,https://hal.science/hal-00548947,hal.science,none
2216,Consistency of the regression estimator with functional data under long memory conditions,2008,10.1016/j.spl.2007.11.011,https://hal.science/hal-00622143,hal.science,none
2250,The ARHD model,2007,10.1016/j.jspi.2005.12.006,https://hal.science/hal-00004252,hal.science,none
39,Variation pattern classification of functional data,2023,10.1002/cjs.11738,http://hdl.handle.net/10754/666182,hdl.handle.net,none
291,Function-on-Function Partial Quantile Regression,2022,10.1007/s13253-021-00477-9,https://hdl.handle.net/11424/243518,hdl.handle.net,none
313,Functional data analysis with covariate-dependent mean and covariance structures,2023,10.1111/biom.13744,https://hdl.handle.net/2027.42/178256,hdl.handle.net,none
316,Flexible quantile contour estimation for multivariate functional data: Beyond convexity,2022,10.1016/j.csda.2021.107400,http://hdl.handle.net/10754/673755,hdl.handle.net,none
334,Bivariate functional archetypoid analysis: An application to financial time series,2018,10.1007/978-3-319-89824-7_84,http://hdl.handle.net/10234/174594,hdl.handle.net,none
558,Continuous time-varying kriging for spatial prediction of functional data: An environmental application,2010,10.1007/s13253-009-0012-z,http://hdl.handle.net/2117/2167,hdl.handle.net,none
578,Hierarchical clustering of spatially correlated functional data,2012,10.1111/j.1467-9574.2012.00522.x,http://hdl.handle.net/10234/76907,hdl.handle.net,none
645,Penalized spline approaches for functional logit regression,2013,10.1007/s11749-012-0307-1,http://hdl.handle.net/10481/72954,hdl.handle.net,none
667,Stochastic functional data analysis: A diffusion model-based approach,2011,10.1111/j.1541-0420.2011.01591.x,https://hdl.handle.net/2027.42/89505,hdl.handle.net,none
682,Modeling continuous shape change for facial animation,2004,10.1023/B:STCO.0000039485.52129.ed,https://hdl.handle.net/2027.42/47977,hdl.handle.net,none
683,Functional data clustering: A survey,2014,10.1007/s11634-013-0158-y,http://hdl.handle.net/20.500.12210/29346,hdl.handle.net,none
709,Functional zoning for air quality,2013,10.1007/s10651-012-0210-7,http://hdl.handle.net/10446/900,hdl.handle.net,none
729,Computational considerations in functional principal component analysis,2007,10.1007/s00180-007-0051-2,http://hdl.handle.net/10481/72993,hdl.handle.net,none
770,Using Bagidis in nonparametric functional data analysis: Predicting from curves with sharp local features,2013,10.1016/j.jmva.2012.10.013,http://hdl.handle.net/2078.1/81200,hdl.handle.net,none
776,Functional Wavelet-Based Modelling of Dependence Between Lupus and Stress,2015,10.1007/s11009-014-9424-5,http://hdl.handle.net/10481/72908,hdl.handle.net,none
794,Model-based clustering of time series in group-specific functional subspaces,2011,10.1007/s11634-011-0095-6,http://hdl.handle.net/20.500.12210/29348,hdl.handle.net,none
802,Functional PCA and Base-Line Logit Models,2014,10.1007/s00357-014-9162-y,http://hdl.handle.net/10481/72918,hdl.handle.net,none
891,Prediction of functional data with spatial dependence: a penalized approach,2017,10.1007/s00477-016-1216-8,http://hdl.handle.net/10481/72906,hdl.handle.net,none
902,Ridge regression with adaptive additive rectangles and other piecewise functional templates,2022,10.1016/j.neucom.2022.03.003,https://hdl.handle.net/11311/1224867,hdl.handle.net,none
949,Sex Differences in the ECG Interpretation: A Functional Data Analysis Perspective,2021,10.1109/RTSI50628.2021.9597363,http://hdl.handle.net/11311/1204652,hdl.handle.net,none
965,Determining optimum wavelengths for leaf water content estimation from reflectance: A distance correlation approach,2018,10.1016/j.chemolab.2017.12.001,http://hdl.handle.net/10651/46732,hdl.handle.net,none
1213,Comparative Study of FDA and Time Series Approaches for Seabed Classification from Acoustic Curves,2020,10.1007/s11004-019-09807-7,http://hdl.handle.net/11336/101822,hdl.handle.net,E4
1384,Pivotal tests for relevant differences in the second order dynamics of functional time series,2022,10.3150/21-BEJ1418,http://hdl.handle.net/2003/39090,hdl.handle.net,none
1432,Robust depth-based estimation of the functional autoregressive model,2019,10.1016/j.csda.2018.06.003,http://hdl.handle.net/10754/628526,hdl.handle.net,none
1443,Robust archetypoids for anomaly detection in big functional data,2021,10.1007/s11634-020-00412-9,http://hdl.handle.net/10234/189368,hdl.handle.net,none
1474,Robust multivariate and functional archetypal analysis with application to financial time series analysis,2019,10.1016/j.physa.2018.12.036,http://hdl.handle.net/10234/178949,hdl.handle.net,none
1517,On the concept of depth for functional data,2009,10.1198/jasa.2009.0108,http://hdl.handle.net/10016/243,hdl.handle.net,none
1635,Robust Functional Supervised Classification for Time Series,2014,10.1007/s00357-014-9163-x,http://hdl.handle.net/10016/33300,hdl.handle.net,none
1754,Residual kriging for functional spatial prediction of salinity curves,2015,10.1080/03610926.2012.753087,http://hdl.handle.net/10234/166927,hdl.handle.net,none
1894,Functional PLS logit regression model,2007,10.1016/j.csda.2006.08.011,http://hdl.handle.net/10481/72995,hdl.handle.net,none
1915,Functional linear models for the analysis of similarity of waveforms,2023,10.1007/978-3-031-15885-8_9,http://hdl.handle.net/10447/365256,hdl.handle.net,none
1936,Functional estimation of the random rate of a Cox process,2012,10.1007/s11009-010-9173-z,http://hdl.handle.net/10481/72977,hdl.handle.net,none
1937,A topologically valid definition of depth for functional data,2016,10.1214/15-STS532,http://hdl.handle.net/10902/9546,hdl.handle.net,none
1951,Compositional regression with functional response,2018,10.1016/j.csda.2018.01.018,http://hdl.handle.net/11311/1045231,hdl.handle.net,none
1970,Some first inferential tools for spatial regression with differential regularization,2022,10.1016/j.jmva.2021.104866,http://hdl.handle.net/11311/1206464,hdl.handle.net,none
1991,A roughness penalty approach to estimate densities over two-dimensional manifolds,2022,10.1016/j.csda.2022.107527,https://hdl.handle.net/11311/1233281,hdl.handle.net,none
2010,Simulation of fuzzy random variables,2009,10.1016/j.ins.2008.10.018,http://hdl.handle.net/10651/10692,hdl.handle.net,none
2078,Generalized spatial regression with differential regularization,2016,10.1080/00949655.2016.1182532,http://hdl.handle.net/11311/1002807,hdl.handle.net,none
2159,Analysis of spatio-temporal mobile phone data: a case study in the metropolitan area of Milan,2015,10.1007/s10260-014-0294-3,http://hdl.handle.net/11311/972208,hdl.handle.net,none
2211,A conformal approach for distribution-free prediction of functional data,2020,10.1007/978-3-030-47756-1_12,http://hdl.handle.net/11311/1140694,hdl.handle.net,none
2257,Instrumental variable estimation in functional linear models,2015,10.1016/j.jeconom.2015.02.020,http://hdl.handle.net/2078/152570,hdl.handle.net,none
2368,On a state-space modelling for functional data,2007,10.1007/s00180-007-0049-9,http://hdl.handle.net/10481/73446,hdl.handle.net,none
2067,Principal component estimation of functional logistic regression: discussion of two different approaches,2004,10.1080/10485250310001624738,http://hera.ugr.es/doi/15057823.pdf,hera.ugr.es,none
2307,Testing a parametric function against a non-parametric alternative in IV and GMM settings,2012,10.1111/j.1368-423X.2012.00382.x,http://hermes-ir.lib.hit-u.ac.jp/hermes/ir/re/29196/wp2010-9.pdf,hermes-ir.lib.hit-u.ac.jp,none
1536,Functional data analysis for optimizing strategies of cash-flow management,2017,10.1007/978-3-319-55723-6_17,http://ifcs.boku.ac.at/_conference/index.php/ifcs2015,ifcs.boku.ac.at,none
1968,Testing for the rank of a covariance operator,2022,10.1214/22-AOS2238,http://infoscience.epfl.ch/record/299810,infoscience.epfl.ch,none
2317,Bayes Hilbert space additive density-on-scalar regression based on individual observations,2025,10.1007/978-3-031-92383-8_42,https://infoscience.epfl.ch/handle/20.500.14299/254497,infoscience.epfl.ch,none
1460,A review study of functional autoregressive models with application to energy forecasting,2021,10.1002/wics.1525,https://ink.library.smu.edu.sg/lkcsb_research/6688,ink.library.smu.edu.sg,none
2265,Efficient estimation of integrated volatility functionals under general volatility dynamics,2021,10.1017/S0266466620000274,https://ink.library.smu.edu.sg/soe_research/2561,ink.library.smu.edu.sg,none
932,Circadian intraocular pressure fluctuation and disease progression in primary angle closure glaucoma,2015,10.1167/iovs.15-17245,https://iovs.arvojournals.org/arvo/content_public/journal/iovs/934219/i1552-5783-56-8-4994.pdf,iovs.arvojournals.org,none
48,Model-based clustering of multiple images incorporating covariates,2026,10.1177/09622802251393631,https://journals.sagepub.com/doi/pdf/10.1177/09622802251393631?download=true,journals.sagepub.com,none
328,Dissimilarity for functional data clustering based on smoothing parameter commutation,2018,10.1177/0962280217710050,https://journals.sagepub.com/doi/pdf/10.1177/0962280217710050,journals.sagepub.com,none
29,Partially Linear Functional Additive Models for Multivariate Functional Data,2019,10.1080/01621459.2017.1411268,https://lib.dr.iastate.edu/cgi/viewcontent.cgi?article=1128&context=stat_las_pubs,lib.dr.iastate.edu,none
1815,Testing for independence between functional time series,2015,10.1016/j.jeconom.2015.03.030,http://manuscript.elsevier.com/S0304407615001086/pdf/S0304407615001086.pdf,manuscript.elsevier.com,none
2149,On functional data analysis and related topics,2022,10.1016/j.jmva.2021.104861,http://manuscript.elsevier.com/S0047259X21001391/pdf/S0047259X21001391.pdf,manuscript.elsevier.com,none
1240,"Variable Selection for the Prediction of C[0,1]-Valued Autoregressive Processes using Reproducing Kernel Hilbert Spaces",2019,10.1080/00401706.2018.1505660,http://mediatum.ub.tum.de/node?id=1400080,mediatum.ub.tum.de,none
1279,Time series of functional data with application to yield curves,2019,10.1002/asmb.2443,http://mediatum.ub.tum.de/node?id=1524368,mediatum.ub.tum.de,none
1911,Clustering functional data into groups by using projections,2019,10.1111/rssb.12310,http://minerva-access.unimelb.edu.au/bitstreams/17951c2a-8500-5223-84f4-57b86de4aa8c/download,minerva-access.unimelb.edu.au,none
1491,Functional GARCH models: The quasi-likelihood approach and its applications,2019,10.1016/j.jeconom.2019.01.006,https://mpra.ub.uni-muenchen.de/83990/1/MPRA_paper_83990.pdf,mpra.ub.uni-muenchen.de,none
10,Principal Component Analysis of Two-dimensional Functional Data with Serial Correlation,2024,10.1007/s13253-023-00585-8,https://oaktrust.library.tamu.edu/bitstream/1969.1/197221/1/SHEN-DISSERTATION-2022.pdf,oaktrust.library.tamu.edu,none
23,Functional Multivariable Logistic Regression With an Application to HIV Viral Suppression Prediction,2024,10.1002/bimj.202300081,https://onlinelibrary.wiley.com/doi/pdfdirect/10.1002/bimj.202300081,onlinelibrary.wiley.com,none
26,Morning surge in blood pressure using a random-effects multiple-component cosinor model,2018,10.1002/sim.7607,https://onlinelibrary.wiley.com/doi/pdfdirect/10.1002/sim.7607,onlinelibrary.wiley.com,none
99,Testing relevant hypotheses in functional variance function via self-normalization,2025,10.1111/sjos.12788,https://onlinelibrary.wiley.com/doi/pdfdirect/10.1111/sjos.12788,onlinelibrary.wiley.com,none
122,Dynamic prediction in functional concurrent regression with an application to child growth,2018,10.1002/sim.7582,https://onlinelibrary.wiley.com/doi/pdfdirect/10.1002/sim.7582,onlinelibrary.wiley.com,none
123,Survival on Image Regression With Application to Partially Functional Distributional Representation of Physical Activity,2026,10.1002/sam.70068,https://onlinelibrary.wiley.com/doi/pdfdirect/10.1002/sam.70068,onlinelibrary.wiley.com,none
186,Novel whitening approaches in functional settings,2023,10.1002/sta4.516,https://onlinelibrary.wiley.com/doi/pdfdirect/10.1002/sta4.516,onlinelibrary.wiley.com,none
190,A nonparametric test of group distributional differences for hierarchically clustered functional data,2023,10.1111/biom.13846,https://onlinelibrary.wiley.com/doi/pdfdirect/10.1111/biom.13846,onlinelibrary.wiley.com,none
214,Latent factor model for multivariate functional data,2023,10.1111/biom.13924,https://onlinelibrary.wiley.com/doi/pdfdirect/10.1111/biom.13924,onlinelibrary.wiley.com,none
215,Robust joint modelling of sparsely observed paired functional data,2024,10.1002/cjs.11796,https://onlinelibrary.wiley.com/doi/pdfdirect/10.1002/cjs.11796,onlinelibrary.wiley.com,none
321,Trend filtering for functional data,2023,10.1002/sta4.590,https://onlinelibrary.wiley.com/doi/pdfdirect/10.1002/sta4.590,onlinelibrary.wiley.com,none
346,Variable Selection for Fixed and Random Effects in Multilevel Functional Mixed Effects Models,2026,10.1002/sim.70694,https://onlinelibrary.wiley.com/doi/pdfdirect/10.1002/sim.70694,onlinelibrary.wiley.com,none
362,Anomaly Detection and Correction in Dense Functional Data Within Electronic Medical Records,2024,10.1002/sim.10209,https://onlinelibrary.wiley.com/doi/pdfdirect/10.1002/sim.10209,onlinelibrary.wiley.com,none
386,Functional data analysis for longitudinal data with informative observation times,2023,10.1111/biom.13646,https://onlinelibrary.wiley.com/doi/pdfdirect/10.1111/biom.13646,onlinelibrary.wiley.com,none
413,Derivative estimation for longitudinal data analysis: Examining features of blood pressure measured repeatedly during pregnancy,2018,10.1002/sim.7694,https://onlinelibrary.wiley.com/doi/pdfdirect/10.1002/sim.7694,onlinelibrary.wiley.com,none
415,Elastic analysis of irregularly or sparsely sampled curves,2023,10.1111/biom.13706,https://onlinelibrary.wiley.com/doi/pdfdirect/10.1111/biom.13706,onlinelibrary.wiley.com,none
418,Modeling the evolution of deaths from infectious diseases with functional data models: The case of COVID-19 in Brazil,2023,10.1002/sim.9654,https://onlinelibrary.wiley.com/doi/pdfdirect/10.1002/sim.9654,onlinelibrary.wiley.com,none
480,Bayesian functional data analysis over dependent regions and its application for identification of differentially methylated regions,2023,10.1111/biom.13902,https://onlinelibrary.wiley.com/doi/pdfdirect/10.1111/biom.13902,onlinelibrary.wiley.com,none
546,Potential applications of functional data analysis in chemometrics,2008,10.1002/cem.1129,https://onlinelibrary.wiley.com/doi/pdfdirect/10.1002/cem.1129,onlinelibrary.wiley.com,none
749,A functional multiple imputation approach to incomplete longitudinal data,2011,10.1002/sim.4201,https://onlinelibrary.wiley.com/doi/pdfdirect/10.1002/sim.4201,onlinelibrary.wiley.com,none
801,Gaussian process functional regression modeling for batch data,2007,10.1111/j.1541-0420.2007.00758.x,https://onlinelibrary.wiley.com/doi/pdfdirect/10.1111/j.1541-0420.2007.00758.x,onlinelibrary.wiley.com,none
847,Bayesian generalized monotonic functional mixed models for the effects of radiation dose histograms on normal tissue complications,2007,10.1002/sim.2887,https://onlinelibrary.wiley.com/doi/pdfdirect/10.1002/sim.2887,onlinelibrary.wiley.com,none
851,Generalized monotonic functional mixed models with application to modelling normal tissue complications,2008,10.1111/j.1467-9876.2007.00606.x,https://onlinelibrary.wiley.com/doi/pdfdirect/10.1111/j.1467-9876.2007.00606.x,onlinelibrary.wiley.com,none
1102,Monitoring panels of sparse functional data,2026,10.1111/jtsa.12796,https://onlinelibrary.wiley.com/doi/pdfdirect/10.1111/jtsa.12796,onlinelibrary.wiley.com,none
1107,Multivariate functional data clustering using adaptive density peak detection,2023,10.1002/sim.9687,https://onlinelibrary.wiley.com/doi/pdfdirect/10.1002/sim.9687,onlinelibrary.wiley.com,none
1157,Multilevel Longitudinal Functional Principal Component Model,2024,10.1002/sim.10207,https://onlinelibrary.wiley.com/doi/pdfdirect/10.1002/sim.10207,onlinelibrary.wiley.com,none
1164,Global sensitivity and domain-selective testing for functional-valued responses: An application to climate economy models,2024,10.1002/env.2866,https://onlinelibrary.wiley.com/doi/pdfdirect/10.1002/env.2866,onlinelibrary.wiley.com,none
1231,A scenario analysis of future Hong Kong age and labour force profiles and its implications,2019,10.1111/rssa.12428,https://onlinelibrary.wiley.com/doi/pdfdirect/10.1111/rssa.12428,onlinelibrary.wiley.com,none
1235,Testing covariance separability for continuous functional data,2025,10.1111/jtsa.12764,https://onlinelibrary.wiley.com/doi/pdfdirect/10.1111/jtsa.12764,onlinelibrary.wiley.com,none
1249,Functional forecasting of dissolved oxygen in high-frequency vertical lake profiles,2023,10.1002/env.2765,https://onlinelibrary.wiley.com/doi/pdfdirect/10.1002/env.2765,onlinelibrary.wiley.com,E4
1273,Functional Principal Component Analysis as an Alternative to Mixed-Effect Models for Describing Sparse Repeated Measures in Presence of Missing Data,2024,10.1002/sim.10214,https://onlinelibrary.wiley.com/doi/pdfdirect/10.1002/sim.10214,onlinelibrary.wiley.com,E4
1365,Dynamically Consistent Analysis of Realized Covariations in Term Structure Models,2026,10.1111/mafi.70011,https://onlinelibrary.wiley.com/doi/pdfdirect/10.1111/mafi.70011,onlinelibrary.wiley.com,none
1366,Selection of number of clusters and warping penalty in clustering functional electrocardiogram,2024,10.1002/sim.10192,https://onlinelibrary.wiley.com/doi/pdfdirect/10.1002/sim.10192,onlinelibrary.wiley.com,none
1378,Forecasting intraday financial time series with sieve bootstrapping and dynamic updating,2023,10.1002/for.3000,https://onlinelibrary.wiley.com/doi/pdfdirect/10.1002/for.3000,onlinelibrary.wiley.com,none
1379,Estimation of total electricity consumption curves by sampling in a finite population when some trajectories are partially unobserved,2019,10.1002/cjs.11473,https://onlinelibrary.wiley.com/doi/pdfdirect/10.1002/cjs.11473,onlinelibrary.wiley.com,none
1395,Weighted compositional functional data analysis for modeling and forecasting life-table death counts,2024,10.1002/for.3171,https://onlinelibrary.wiley.com/doi/pdfdirect/10.1002/for.3171,onlinelibrary.wiley.com,none
1424,Parameter clustering in Bayesian functional principal component analysis of neuroscientific data,2021,10.1002/sim.8768,https://onlinelibrary.wiley.com/doi/pdfdirect/10.1002/sim.8768,onlinelibrary.wiley.com,none
1428,Tests for conditional heteroscedasticity of functional data,2020,10.1111/jtsa.12532,https://onlinelibrary.wiley.com/doi/pdfdirect/10.1111/jtsa.12532,onlinelibrary.wiley.com,none
1464,Conditional Density Kernel Estimation Under Random Censorship for Functional Weak Dependence Data,2025,10.1155/jom/2159604,https://onlinelibrary.wiley.com/doi/pdfdirect/10.1155/jom/2159604,onlinelibrary.wiley.com,none
1502,A New Approach to Statistical Inference for Functional Time Series,2026,10.1111/jtsa.70007,https://onlinelibrary.wiley.com/doi/pdfdirect/10.1111/jtsa.70007,onlinelibrary.wiley.com,none
1507,"Volatility and dynamic dependence modeling: Review, applications, and financial risk management",2022,10.1002/wics.1567,https://onlinelibrary.wiley.com/doi/pdfdirect/10.1002/wics.1567,onlinelibrary.wiley.com,none
1770,Acoustic seascape partitioning through functional data analysis,2023,10.1111/jbi.14534,https://onlinelibrary.wiley.com/doi/pdfdirect/10.1111/jbi.14534,onlinelibrary.wiley.com,none
1821,Functional volatility forecasting,2024,10.1002/for.3170,https://onlinelibrary.wiley.com/doi/pdfdirect/10.1002/for.3170,onlinelibrary.wiley.com,none
1823,Functional Conditional Volatility Modeling With Missing Data: Inference and Application to Energy Commodities,2025,10.1155/jom/8695947,https://onlinelibrary.wiley.com/doi/pdfdirect/10.1155/jom/8695947,onlinelibrary.wiley.com,none
1847,Inference in functional factor models with applications to yield curves,2022,10.1111/jtsa.12642,https://onlinelibrary.wiley.com/doi/pdfdirect/10.1111/jtsa.12642,onlinelibrary.wiley.com,none
1883,Bayesian functional region selection,2025,10.1002/sta4.70047,https://onlinelibrary.wiley.com/doi/pdfdirect/10.1002/sta4.70047,onlinelibrary.wiley.com,none
2130,Functional principal component analysis for cointegrated functional time series,2024,10.1111/jtsa.12707,https://onlinelibrary.wiley.com/doi/pdfdirect/10.1111/jtsa.12707,onlinelibrary.wiley.com,none
2161,Detecting relevant changes in the spatiotemporal mean function,2023,10.1111/jtsa.12674,https://onlinelibrary.wiley.com/doi/pdfdirect/10.1111/jtsa.12674,onlinelibrary.wiley.com,none
2648,River flow modelling using nonparametric functional data analysis,2024,10.1111/jfr3.12282,https://onlinelibrary.wiley.com/doi/pdfdirect/10.1111/jfr3.12282?download=true,onlinelibrary.wiley.com,none
2709,Can you always reap what you sow? Network and functional data analysis of VC investments in health-tech companies,2021,10.1007/978-3-030-93409-5_61,https://openportal.isti.cnr.it/doc?id=people______::40fa96e9d1e83fd77dc62715860de27a,openportal.isti.cnr.it,none
579,A recursive local polynomial approximation method using dirichlet clouds and radial basis functions,2016,10.1137/15M1008592,http://optimallearning.princeton.edu/Papers/Jamshidi Powell - Recursive local polynomial approximation method using DC-RBF Feb162013.pdf,optimallearning.princeton.edu,none
1543,Analysis of non-stationary dynamics in the financial system,2013,10.1016/j.econlet.2013.09.026,https://papers.ssrn.com/sol3/papers.cfm?abstract_id=2467927,papers.ssrn.com,none
35,Quadratic inference with dense functional responses,2025,10.1016/j.jmva.2024.105400,https://pmc.ncbi.nlm.nih.gov/articles/PMC12320752/pdf/nihms-2044682.pdf,pmc.ncbi.nlm.nih.gov,none
53,Predicting the onset of breast cancer using mammogram imaging data with irregular boundary,2023,10.1093/biostatistics/kxab032,https://pmc.ncbi.nlm.nih.gov/articles/PMC10102887/pdf/kxab032.pdf,pmc.ncbi.nlm.nih.gov,none
55,Semiparametric function-on-function quantile regression model with dynamic single-index interactions,2023,10.1016/j.csda.2023.107727,https://pmc.ncbi.nlm.nih.gov/articles/PMC11264192/pdf/nihms-1958422.pdf,pmc.ncbi.nlm.nih.gov,none
116,Functional Neural Networks for High-Dimensional Genetic Data Analysis,2024,10.1109/TCBB.2024.3364614,https://pmc.ncbi.nlm.nih.gov/articles/PMC11301578/pdf/nihms-2000107.pdf,pmc.ncbi.nlm.nih.gov,none
137,clusterMLD: An Efficient Hierarchical Clustering Method for Multivariate Longitudinal Data,2023,10.1080/10618600.2022.2149540,https://pmc.ncbi.nlm.nih.gov/articles/PMC10584088/pdf/nihms-1862286.pdf,pmc.ncbi.nlm.nih.gov,none
213,Correcting Measurement Error and Zero Inflation in Functional Covariates for Scalar-on-Function Quantile Regression,2026,10.1002/sim.70598,https://pmc.ncbi.nlm.nih.gov/articles/PMC13215663/,pmc.ncbi.nlm.nih.gov,none
252,Semiparametric distributed lag quantile regression for modeling time-dependent exposure mixtures,2023,10.1111/biom.13702,https://pmc.ncbi.nlm.nih.gov/articles/PMC10718172/pdf/nihms-1948126.pdf,pmc.ncbi.nlm.nih.gov,none
260,Semi-supervised approach to event time annotation using longitudinal electronic health records,2022,10.1007/s10985-022-09557-5,https://pmc.ncbi.nlm.nih.gov/articles/PMC10044535/pdf/nihms-1879201.pdf,pmc.ncbi.nlm.nih.gov,none
365,Functional principal component models for sparse and irregularly spaced data by Bayesian inference,2024,10.1080/02664763.2023.2197587,https://pmc.ncbi.nlm.nih.gov/articles/PMC11146262/pdf/CJAS_51_2197587.pdf,pmc.ncbi.nlm.nih.gov,none
420,Clustering Functional Data With Measurement Errors: A Simulation-Based Approach,2024,10.1002/sim.10238,https://pmc.ncbi.nlm.nih.gov/articles/PMC11977557/pdf/nihms-2048898.pdf,pmc.ncbi.nlm.nih.gov,none
468,Bayesian covariance regression in functional data analysis with applications to functional brain imaging,2025,10.1515/ijb-2023-0029,https://pmc.ncbi.nlm.nih.gov/articles/PMC12247787/pdf/ijb-21-1-ijb-2023-0029.pdf,pmc.ncbi.nlm.nih.gov,none
1346,Permutation-based inference for function-on-scalar regression with an application in PET brain imaging,2023,10.1080/10485252.2023.2206926,https://pmc.ncbi.nlm.nih.gov/articles/PMC10688779/pdf/nihms-1899939.pdf,pmc.ncbi.nlm.nih.gov,E4
1400,Functional data analysis of the relationship between electricity consumption and climate change drivers,2023,10.1080/02664763.2022.2108773,https://pmc.ncbi.nlm.nih.gov/articles/PMC10332224/pdf/CJAS_50_2108773.pdf,pmc.ncbi.nlm.nih.gov,none
21,Semiparametric Functional Factor Models with Bayesian Rank Selection*,2023,10.1214/23-BA1410,https://projecteuclid.org/journals/bayesian-analysis/advance-publication/Semiparametric-Functional-Factor-Models-with-Bayesian-Rank-Selection/10.1214/23-BA1410.pdf,projecteuclid.org,none
36,Dynamic Regression Models for Time-Ordered Functional Data,2021,10.1214/20-BA1213,https://projecteuclid.org/journals/bayesian-analysis/volume-16/issue-2/Dynamic-Regression-Models-for-Time-Ordered-Functional-Data/10.1214/20-BA1213.pdf,projecteuclid.org,none
46,Surface temperature monitoring in liver procurement via functional variance change-point analysis,2020,10.1214/19-AOAS1297,https://projecteuclid.org/journals/annals-of-applied-statistics/volume-14/issue-1/Surface-temperature-monitoring-in-liver-procurement-via-functional-variance-change/10.1214/19-AOAS1297.pdf,projecteuclid.org,none
70,Nonlinear mixed effects modeling and warping for functional data using B-splines,2021,10.1214/21-EJS1917,https://projecteuclid.org/journals/electronic-journal-of-statistics/volume-15/issue-2/Nonlinear-mixed-effects-modeling-and-warping-for-functional-data-using/10.1214/21-EJS1917.pdf,projecteuclid.org,none
98,Mixture inner product spaces and their application to functional data analysis,2018,10.1214/17-AOS1553,https://projecteuclid.org/journals/annals-of-statistics/volume-46/issue-1/Mixture-inner-product-spaces-and-their-application-to-functional-data/10.1214/17-AOS1553.pdf,projecteuclid.org,none
107,Asymptotic properties of penalized splines for functional data,2020,10.3150/20-BEJ1209,https://projecteuclid.org/journals/bernoulli/volume-26/issue-4/Asymptotic-properties-of-penalized-splines-for-functional-data/10.3150/20-BEJ1209.pdf,projecteuclid.org,none
120,Bayesian Dependent Functional Mixture Estimation for Area and Time-Indexed Data: An Application for the Prediction of Monthly County Employment,2022,10.1214/21-BA1274,https://projecteuclid.org/journals/bayesian-analysis/volume-17/issue-3/Bayesian-Dependent-Functional-Mixture-Estimation-for-Area-and-Time-Indexed/10.1214/21-BA1274.pdf,projecteuclid.org,none
129,Bayesian estimation of principal components for functional data,2017,10.1214/16-BA1003,https://projecteuclid.org/journals/bayesian-analysis/volume-12/issue-2/Bayesian-Estimation-of-Principal-Components-for-Functional-Data/10.1214/16-BA1003.pdf,projecteuclid.org,none
261,Sieve bootstrap for functional time series,2018,10.1214/17-AOS1667,https://projecteuclid.org/journals/annals-of-statistics/volume-46/issue-6B/Sieve-bootstrap-for-functional-time-series/10.1214/17-AOS1667.pdf,projecteuclid.org,none
351,Inference for dependent error functional data: Covariance function,2025,10.1214/25-EJS2458,https://projecteuclid.org/journals/electronic-journal-of-statistics/volume-19/issue-2/Inference-for-dependent-error-functional-data-Covariance-function/10.1214/25-EJS2458.pdf,projecteuclid.org,none
357,Simultaneous inference for covariance function of next-generation functional data,2025,10.1214/25-EJS2410,https://projecteuclid.org/journals/electronic-journal-of-statistics/volume-19/issue-2/Simultaneous-inference-for-covariance-function-of-next-generation-functional-data/10.1214/25-EJS2410.pdf,projecteuclid.org,none
389,Testing for stationarity of functional time series in the frequency domain,2020,10.1214/19-AOS1895,https://projecteuclid.org/journals/annals-of-statistics/volume-48/issue-5/Testing-for-stationarity-of-functional-time-series-in-the-frequency/10.1214/19-AOS1895.pdf,projecteuclid.org,none
505,Reduced rank regression models with latent variables in Bayesian functional data analysis,2011,10.1214/11-BA603,https://projecteuclid.org/journals/bayesian-analysis/volume-6/issue-1/Reduced-rank-regression-models-with-latent-variables-in-Bayesian-functional/10.1214/11-BA603.pdf,projecteuclid.org,none
520,Robust regularized singular value decomposition with application to mortality data,2013,10.1214/13-AOAS649,https://projecteuclid.org/journals/annals-of-applied-statistics/volume-7/issue-3/Robust-regularized-singular-value-decomposition-with-application-to-mortality-data/10.1214/13-AOAS649.pdf,projecteuclid.org,none
530,Computer model validation with functional output,2007,10.1214/009053607000000163,https://projecteuclid.org/journals/annals-of-statistics/volume-35/issue-5/Computer-model-validation-with-functional-output/10.1214/009053607000000163.pdf,projecteuclid.org,none
604,Wavelet-based genetic association analysis of functional phenotypes arising from high-throughput sequencing assays,2015,10.1214/14-AOAS776,https://projecteuclid.org/journals/annals-of-applied-statistics/volume-9/issue-2/Wavelet-based-genetic-association-analysis-of-functional-phenotypes-arising-from/10.1214/14-AOAS776.pdf,projecteuclid.org,none
611,Sampled forms of functional PCA in reproducing kernel hilbert spaces,2012,10.1214/12-AOS1033,https://projecteuclid.org/journals/annals-of-statistics/volume-40/issue-5/Sampled-forms-of-functional-PCA-in-reproducing-kernel-Hilbert-spaces/10.1214/12-AOS1033.pdf,projecteuclid.org,none
612,A powerful test based on tapering for use in functional data analysis,2008,10.1214/08-EJS172,https://projecteuclid.org/journals/electronic-journal-of-statistics/volume-2/issue-none/A-powerful-test-based-on-tapering-for-use-in-functional/10.1214/08-EJS172.pdf,projecteuclid.org,none
620,Methodology and theory for partial least squares applied to functional data,2012,10.1214/11-AOS958,https://projecteuclid.org/journals/annals-of-statistics/volume-40/issue-1/Methodology-and-theory-for-partial-least-squares-applied-to-functional/10.1214/11-AOS958.pdf,projecteuclid.org,none
636,"Automated analysis of quantitative image data using isomorphic functional mixed models, with application to proteomics data",2011,10.1214/10-AOAS407,https://projecteuclid.org/journals/annals-of-applied-statistics/volume-5/issue-2A/Automated-analysis-of-quantitative-image-data-using-isomorphic-functional-mixed/10.1214/10-AOAS407.pdf,projecteuclid.org,none
638,Joint modeling of longitudinal drug using pattern and time to first relapse in cocaine dependence treatment data,2015,10.1214/15-AOAS852,https://projecteuclid.org/journals/annals-of-applied-statistics/volume-9/issue-3/Joint-modeling-of-longitudinal-drug-using-pattern-and-time-to/10.1214/15-AOAS852.pdf,projecteuclid.org,none
643,Functional principal components analysis via penalized rank one approximation,2008,10.1214/08-EJS218,https://projecteuclid.org/journals/electronic-journal-of-statistics/volume-2/issue-none/Functional-principal-components-analysis-via-penalized-rank-one-approximation/10.1214/08-EJS218.pdf,projecteuclid.org,none
675,Bayesian clustering of functional data using local features,2016,10.1214/14-BA925,https://projecteuclid.org/journals/bayesian-analysis/volume-11/issue-1/Bayesian-Clustering-of-Functional-Data-Using-Local-Features/10.1214/14-BA925.pdf,projecteuclid.org,none
693,On convergence rates equivalency and sampling strategies in functional deconvolution models,2010,10.1214/09-AOS767,https://projecteuclid.org/journals/annals-of-statistics/volume-38/issue-3/On-convergence-rates-equivalency-and-sampling-strategies-in-functional-deconvolution/10.1214/09-AOS767.pdf,projecteuclid.org,none
695,Structured penalties for functional linear models-partially empirical eigenvectors for regression,2012,10.1214/12-EJS676,https://projecteuclid.org/journals/electronic-journal-of-statistics/volume-6/issue-none/Structured-penalties-for-functional-linear-modelspartially-empirical-eigenvectors-for-regression/10.1214/12-EJS676.pdf,projecteuclid.org,none
699,Simultaneous confidence bands for derivatives of dependent functional data,2015,10.1214/14-EJS967,https://projecteuclid.org/journals/electronic-journal-of-statistics/volume-8/issue-2/Simultaneous-confidence-bands-for-derivatives-of-dependent-functional-data/10.1214/14-EJS967.pdf,projecteuclid.org,none
775,Optimal estimation of the mean function based on discretely sampled functional data: Phase transition,2011,10.1214/11-AOS898,https://projecteuclid.org/journals/annals-of-statistics/volume-39/issue-5/Optimal-estimation-of-the-mean-function-based-on-discretely-sampled/10.1214/11-AOS898.pdf,projecteuclid.org,none
800,Functional deconvolution in a periodic setting: Uniform case,2009,10.1214/07-AOS552,https://projecteuclid.org/journals/annals-of-statistics/volume-37/issue-1/Functional-deconvolution-in-a-periodic-setting-Uniform-case/10.1214/07-AOS552.pdf,projecteuclid.org,none
848,Semiparametric regression during 2003–2007*,2009,10.1214/09-EJS525,https://projecteuclid.org/journals/electronic-journal-of-statistics/volume-3/issue-none/Semiparametric-regression-during-20032007/10.1214/09-EJS525.pdf,projecteuclid.org,none
1090,Nonparametric depth and quantile regression for functional data,2019,10.3150/17-BEJ991,https://projecteuclid.org/journals/bernoulli/volume-25/issue-1/Nonparametric-depth-and-quantile-regression-for-functional-data/10.3150/17-BEJ991.pdf,projecteuclid.org,none
1144,Sparsely observed functional time series: Estimation and prediction,2020,10.1214/20-EJS1690,https://projecteuclid.org/journals/electronic-journal-of-statistics/volume-14/issue-1/Sparsely-observed-functional-time-series-estimation-and-prediction/10.1214/20-EJS1690.pdf,projecteuclid.org,none
1159,Prediction theory for stationary functional time series,2022,10.1214/20-PS360,https://projecteuclid.org/journals/probability-surveys/volume-19/issue-none/Prediction-theory-for-stationary-functional-time-series/10.1214/20-PS360.pdf,projecteuclid.org,none
1162,Functional data analysis in the banach space of continuous functions,2020,10.1214/19-AOS1842,https://projecteuclid.org/journals/annals-of-statistics/volume-48/issue-2/Functional-data-analysis-in-the-Banach-space-of-continuous-functions/10.1214/19-AOS1842.pdf,projecteuclid.org,none
1167,Two-sample and change-point inference for non-Euclidean valued time series,2024,10.1214/24-EJS2218,https://projecteuclid.org/journals/electronic-journal-of-statistics/volume-18/issue-1/Two-sample-and-change-point-inference-for-non-Euclidean-valued/10.1214/24-EJS2218.pdf,projecteuclid.org,none
1206,Frequency domain theory for functional time series: Variance decomposition and an invariance principle,2020,10.3150/20-BEJ1199,https://projecteuclid.org/journals/bernoulli/volume-26/issue-3/Frequency-domain-theory-for-functional-time-series--Variance-decomposition/10.3150/20-BEJ1199.pdf,projecteuclid.org,none
1229,Estimating the conditional distribution in functional regression problems,2022,10.1214/22-EJS2067,https://projecteuclid.org/journals/electronic-journal-of-statistics/volume-16/issue-2/Estimating-the-conditional-distribution-in-functional-regression-problems/10.1214/22-EJS2067.pdf,projecteuclid.org,none
1311,Region-referenced spectral power dynamics of EEG signals: A hierarchical modeling approach,2020,10.1214/20-AOAS1374,https://projecteuclid.org/journals/annals-of-applied-statistics/volume-14/issue-4/Region-referenced-spectral-power-dynamics-of-EEG-signals--A/10.1214/20-AOAS1374.pdf,projecteuclid.org,E4
1312,Resampling-free inference for time series via rkhs embedding,2026,10.1214/26-EJS2488,https://projecteuclid.org/journals/electronic-journal-of-statistics/volume-20/issue-1/Resampling-free-inference-for-time-series-via-RKHS-embedding/10.1214/26-EJS2488.pdf,projecteuclid.org,none
1316,Nonparametric testing for differences in electricity prices: The case of the fukushima nuclear accident,2019,10.1214/18-AOAS1230,https://projecteuclid.org/journals/annals-of-applied-statistics/volume-13/issue-2/Nonparametric-testing-for-differences-in-electricity-prices--The-case/10.1214/18-AOAS1230.pdf,projecteuclid.org,none
1333,CLUSTERING AND FORECASTING MULTIPLE FUNCTIONAL TIME SERIES,2022,10.1214/22-AOAS1602,https://projecteuclid.org/journals/annals-of-applied-statistics/volume-16/issue-4/Clustering-and-forecasting-multiple-functional-time-series/10.1214/22-AOAS1602.pdf,projecteuclid.org,none
1339,White noise testing for functional time series,2023,10.1214/23-SS143,https://projecteuclid.org/journals/statistics-surveys/volume-17/issue-none/White-noise-testing-for-functional-time-series/10.1214/23-SS143.pdf,projecteuclid.org,none
1340,Recent developments in complex and spatially correlated functional data,2020,10.1214/20-BJPS466,https://projecteuclid.org/journals/brazilian-journal-of-probability-and-statistics/volume-34/issue-2/Recent-developments-in-complex-and-spatially-correlated-functional-data/10.1214/20-BJPS466.pdf,projecteuclid.org,none
1372,Bayesian Spatial Homogeneity Pursuit of Functional Data: An Application to the U.S. Income Distribution,2023,10.1214/22-BA1320,https://projecteuclid.org/journals/bayesian-analysis/advance-publication/Bayesian-Spatial-Homogeneity-Pursuit-of-Functional-Data--An-Application/10.1214/22-BA1320.pdf,projecteuclid.org,none
1392,A similarity measure for second order properties of non-stationary functional time series with applications to clustering and testing,2021,10.3150/20-BEJ1246,https://projecteuclid.org/journals/bernoulli/volume-27/issue-1/A-similarity-measure-for-second-order-properties-of-non-stationary/10.3150/20-BEJ1246.pdf,projecteuclid.org,none
1439,Functional spherical autocorrelation: A robust estimate of the autocorrelation of a functional time series,2023,10.1214/23-EJS2112,https://projecteuclid.org/journals/electronic-journal-of-statistics/volume-17/issue-1/Functional-spherical-autocorrelation--A-robust-estimate-of-the-autocorrelation/10.1214/23-EJS2112.pdf,projecteuclid.org,none
1455,A FEASIBLE CENTRAL LIMIT THEOREM FOR REALISED COVARIATION OF SPDES IN THE CONTEXT OF FUNCTIONAL DATA,2024,10.1214/23-AAP2019,https://projecteuclid.org/journals/annals-of-applied-probability/volume-34/issue-2/A-feasible-central-limit-theorem-for-realised-covariation-of-SPDEs/10.1214/23-AAP2019.pdf,projecteuclid.org,none
1471,Detecting structural breaks in eigensystems of functional time series,2021,10.1214/20-EJS1796,https://projecteuclid.org/journals/electronic-journal-of-statistics/volume-15/issue-1/Detecting-structural-breaks-in-eigensystems-of-functional-time-series/10.1214/20-EJS1796.pdf,projecteuclid.org,none
1506,Finite sample theory for high-dimensional functional/scalar time series with applications,2022,10.1214/21-EJS1960,https://projecteuclid.org/journals/electronic-journal-of-statistics/volume-16/issue-1/Finite-sample-theory-for-high-dimensional-functional-scalar-time-series/10.1214/21-EJS1960.pdf,projecteuclid.org,none
1511,On consistency and sparsity for high-dimensional functional time series with application to autoregressions,2023,10.3150/22-BEJ1464,https://projecteuclid.org/journals/bernoulli/volume-29/issue-1/On-consistency-and-sparsity-for-high-dimensional-functional-time-series/10.3150/22-BEJ1464.pdf,projecteuclid.org,none
1520,Bayesian functional data modeling for heterogeneous volatility,2017,10.1214/16-BA1004,https://projecteuclid.org/journals/bayesian-analysis/volume-12/issue-2/Bayesian-Functional-Data-Modeling-for-Heterogeneous-Volatility/10.1214/16-BA1004.pdf,projecteuclid.org,none
1550,Testing for periodicity in functional time series,2018,10.1214/17-AOS1645,https://projecteuclid.org/journals/annals-of-statistics/volume-46/issue-6A/Testing-for-periodicity-in-functional-time-series/10.1214/17-AOS1645.pdf,projecteuclid.org,none
1568,Mortality and life expectancy forecasting for a group of populations in developed countries: A multilevel functional data method,2016,10.1214/16-AOAS953,https://projecteuclid.org/journals/annals-of-applied-statistics/volume-10/issue-3/Mortality-and-life-expectancy-forecasting-for-a-group-of-populations/10.1214/16-AOAS953.pdf,projecteuclid.org,none
1572,The discriminative functional mixture model for a comparative analysis of bike sharing systems,2015,10.1214/15-AOAS861,https://projecteuclid.org/journals/annals-of-applied-statistics/volume-9/issue-4/The-discriminative-functional-mixture-model-for-a-comparative-analysis-of/10.1214/15-AOAS861.pdf,projecteuclid.org,none
1589,Common functional principal components,2009,10.1214/07-AOS516,https://projecteuclid.org/journals/annals-of-statistics/volume-37/issue-1/Common-functional-principal-components/10.1214/07-AOS516.pdf,projecteuclid.org,none
1590,Two sample inference for the second-order property of temporally dependent functional data,2015,10.3150/13-BEJ592,https://projecteuclid.org/journals/bernoulli/volume-21/issue-2/Two-sample-inference-for-the-second-order-property-of-temporally/10.3150/13-BEJ592.pdf,projecteuclid.org,none
1602,Locally stationary functional time series,2018,10.1214/17-EJS1384,https://projecteuclid.org/journals/electronic-journal-of-statistics/volume-12/issue-1/Locally-stationary-functional-time-series/10.1214/17-EJS1384.pdf,projecteuclid.org,none
1620,Bayesian nonparametric forecasting of monotonic functional time series,2016,10.1214/16-EJS1190,https://projecteuclid.org/journals/electronic-journal-of-statistics/volume-10/issue-2/Bayesian-nonparametric-forecasting-of-monotonic-functional-time-series/10.1214/16-EJS1190.pdf,projecteuclid.org,none
1657,Weakly dependent functional data,2010,10.1214/09-AOS768,https://projecteuclid.org/journals/annals-of-statistics/volume-38/issue-3/Weakly-dependent-functional-data/10.1214/09-AOS768.pdf,projecteuclid.org,none
1660,Functional factor analysis for periodic remote sensing data,2012,10.1214/11-AOAS518,https://projecteuclid.org/journals/annals-of-applied-statistics/volume-6/issue-2/Functional-factor-analysis-for-periodic-remote-sensing-data/10.1214/11-AOAS518.pdf,projecteuclid.org,none
1663,Optimal prediction for additive function-on-function regression,2018,10.1214/18-EJS1505,https://projecteuclid.org/journals/electronic-journal-of-statistics/volume-12/issue-2/Optimal-prediction-for-additive-function-on-function-regression/10.1214/18-EJS1505.pdf,projecteuclid.org,none
1674,Modeling and forecasting electricity spot prices: A functional data perspective,2013,10.1214/13-AOAS652,https://projecteuclid.org/journals/annals-of-applied-statistics/volume-7/issue-3/Modeling-and-forecasting-electricity-spot-prices--A-functional-data/10.1214/13-AOAS652.pdf,projecteuclid.org,none
1678,"Nonparametric estimation of correlation functions in longitudinal and spatial data, with application to colon carcinogenesis experiments",2007,10.1214/009053607000000082,https://projecteuclid.org/journals/annals-of-statistics/volume-35/issue-4/Nonparametric-estimation-of-correlation-functions-in-longitudinal-and-spatial-data/10.1214/009053607000000082.pdf,projecteuclid.org,none
1682,Testing the structural stability of temporally dependent functional observations and application to climate projections,2011,10.1214/11-EJS655,https://projecteuclid.org/journals/electronic-journal-of-statistics/volume-5/issue-none/Testing-the-structural-stability-of-temporally-dependent-functional-observations-and/10.1214/11-EJS655.pdf,projecteuclid.org,none
1691,Clustering chlorophyll-a satellite data using quantiles,2016,10.1214/16-AOAS923,https://projecteuclid.org/journals/annals-of-applied-statistics/volume-10/issue-2/Clustering-Chlorophyll-a-satellite-data-using-quantiles/10.1214/16-AOAS923.pdf,projecteuclid.org,none
1700,Pairwise comparison of treatment levels in functional analysis of variance with application to erythrocyte hemolysis,2014,10.1214/14-AOAS723,https://projecteuclid.org/journals/annals-of-applied-statistics/volume-8/issue-2/Pairwise-comparison-of-treatment-levels-in-functional-analysis-of-variance/10.1214/14-AOAS723.pdf,projecteuclid.org,none
1816,Simultaneous inference of the mean of functional time series,2015,10.1214/15-EJS1052,https://projecteuclid.org/journals/electronic-journal-of-statistics/volume-9/issue-2/Simultaneous-inference-of-the-mean-of-functional-time-series/10.1214/15-EJS1052.pdf,projecteuclid.org,none
1882,Adaptive nonparametric estimation in the functional linear model with functional output,2025,10.1214/25-EJS2400,https://projecteuclid.org/journals/electronic-journal-of-statistics/volume-19/issue-1/Adaptive-nonparametric-estimation-in-the-functional-linear-model-with-functional/10.1214/25-EJS2400.pdf,projecteuclid.org,none
1897,Dynamic prediction of disease progression for leukemia patients by functional principal component analysis of longitudinal expression levels of an oncogene,2017,10.1214/17-AOAS1050,https://projecteuclid.org/journals/annals-of-applied-statistics/volume-11/issue-3/Dynamic-prediction-of-disease-progression-for-leukemia-patients-by-functional/10.1214/17-AOAS1050.pdf,projecteuclid.org,none
1925,Functional data analysis for density functions by transformation to a Hilbert space,2016,10.1214/15-AOS1363,https://projecteuclid.org/journals/annals-of-statistics/volume-44/issue-1/Functional-data-analysis-for-density-functions-by-transformation-to-a/10.1214/15-AOS1363.pdf,projecteuclid.org,none
1929,A universal kriging predictor for spatially dependent functional data of a Hilbert space,2013,10.1214/13-EJS843,https://projecteuclid.org/journals/electronic-journal-of-statistics/volume-7/issue-none/A-Universal-Kriging-predictor-for-spatially-dependent-functional-data-of/10.1214/13-EJS843.pdf,projecteuclid.org,none
1935,Weighted least squares methods for prediction in the functional data linear model,2009,10.1214/09-EJS379,https://projecteuclid.org/journals/electronic-journal-of-statistics/volume-3/issue-none/Weighted-least-squares-methods-for-prediction-in-the-functional-data/10.1214/09-EJS379.pdf,projecteuclid.org,none
1947,Statistics of time warpings and phase variations,2014,10.1214/14-EJS901,https://projecteuclid.org/journals/electronic-journal-of-statistics/volume-8/issue-2/Statistics-of-time-warpings-and-phase-variations/10.1214/14-EJS901.pdf,projecteuclid.org,none
1963,Parseval inequalities and lower bounds for variance-based sensitivity indices,2020,10.1214/19-EJS1673,https://projecteuclid.org/journals/electronic-journal-of-statistics/volume-14/issue-1/Parseval-inequalities-and-lower-bounds-for-variance-based-sensitivity-indices/10.1214/19-EJS1673.pdf,projecteuclid.org,none
1966,A ridge estimator of the drift from discrete repeated observations of the solution of a stochastic differential equation,2021,10.3150/21-BEJ1327,https://projecteuclid.org/journals/bernoulli/volume-27/issue-4/A-ridge-estimator-of-the-drift-from-discrete-repeated-observations/10.3150/21-BEJ1327.pdf,projecteuclid.org,none
1975,Log-contrast regression with functional compositional predictors: linking preterm infants' gut microbiome trajectories to neurobehavioral outcome,2020,10.1214/20-AOAS1357,https://projecteuclid.org/journals/annals-of-applied-statistics/volume-14/issue-3/Log-contrast-regression-with-functional-compositional-predictors--Linking-preterm/10.1214/20-AOAS1357.pdf,projecteuclid.org,none
2009,Functional data analysis in an operator-based mixed-model framework,2013,10.3150/11-BEJ389,https://projecteuclid.org/journals/bernoulli/volume-19/issue-1/Functional-data-analysis-in-an-operator-based-mixed-model-framework/10.3150/11-BEJ389.pdf,projecteuclid.org,none
2030,High-dimensional functional graphical model structure learning via neighborhood selection approach,2024,10.1214/24-EJS2219,https://projecteuclid.org/journals/electronic-journal-of-statistics/volume-18/issue-1/High-dimensional-functional-graphical-model-structure-learning-via-neighborhood-selection/10.1214/24-EJS2219.pdf,projecteuclid.org,none
2127,On the evolution of the united kingdom price distributions,2018,10.1214/18-AOAS1172,https://projecteuclid.org/journals/annals-of-applied-statistics/volume-12/issue-4/On-the-evolution-of-the-United-Kingdom-price-distributions/10.1214/18-AOAS1172.pdf,projecteuclid.org,none
2151,Functional data analysis in electronic commerce research,2006,10.1214/088342306000000132,https://projecteuclid.org/journals/statistical-science/volume-21/issue-2/Functional-Data-Analysis-in-Electronic-Commerce-Research/10.1214/088342306000000132.pdf,projecteuclid.org,none
2165,"Time-warped growth processes, with applications to the modeling of boom-bust cycles in house prices",2014,10.1214/14-AOAS740,https://projecteuclid.org/journals/annals-of-applied-statistics/volume-8/issue-3/Time-warped-growth-processes-with-applications-to-the-modeling-of/10.1214/14-AOAS740.pdf,projecteuclid.org,none
2171,Functional response additive model estimation with online virtual stock markets,2014,10.1214/14-AOAS781,https://projecteuclid.org/journals/annals-of-applied-statistics/volume-8/issue-4/Functional-response-additive-model-estimation-with-online-virtual-stock-markets/10.1214/14-AOAS781.pdf,projecteuclid.org,none
2185,"Estimating causal effects in studies of human brain function: new models, methods and estimands",2020,10.1214/19-AOAS1316,https://projecteuclid.org/journals/annals-of-applied-statistics/volume-14/issue-1/Estimating-causal-effects-in-studies-of-human-brain-function/10.1214/19-AOAS1316.pdf,projecteuclid.org,none
2191,Modeling on-line art auction dynamics using functional data analysis,2006,10.1214/088342306000000196,https://projecteuclid.org/journals/statistical-science/volume-21/issue-2/Modeling-On-Line-Art-Auction-Dynamics-Using-Functional-Data-Analysis/10.1214/088342306000000196.pdf,projecteuclid.org,none
2206,Statistical inference for the slope parameter in functional linear regression,2022,10.1214/22-EJS2078,https://projecteuclid.org/journals/electronic-journal-of-statistics/volume-16/issue-2/Statistical-inference-for-the-slope-parameter-in-functional-linear-regression/10.1214/22-EJS2078.pdf,projecteuclid.org,none
2225,Shape-preserving prediction for stationary functional time series,2021,10.1214/21-EJS1882,https://projecteuclid.org/journals/electronic-journal-of-statistics/volume-15/issue-2/Shape-preserving-prediction-for-stationary-functional-time-series/10.1214/21-EJS1882.pdf,projecteuclid.org,none
2251,Preprocessing noisy functional data: a multivariate perspective,2022,10.1214/22-EJS2083,https://projecteuclid.org/journals/electronic-journal-of-statistics/volume-16/issue-2/Preprocessing-noisy-functional-data-A-multivariate-perspective/10.1214/22-EJS2083.pdf,projecteuclid.org,none
2303,Nonparametric multivariate \(L_{1}\)-median regression estimation with functional covariates,2013,10.1214/13-EJS812,https://projecteuclid.org/journals/electronic-journal-of-statistics/volume-7/issue-none/Nonparametric-multivariate-L_1-median-regression-estimation-with-functional-covariates/10.1214/13-EJS812.pdf,projecteuclid.org,none
2344,On partial-sum processes of ARMAX residuals,2019,10.1214/18-AOS1776,https://projecteuclid.org/journals/annals-of-statistics/volume-47/issue-6/On-partial-sum-processes-of-ARMAX-residuals/10.1214/18-AOS1776.pdf,projecteuclid.org,none
2345,A signature-based functional spatial autoregressive model,2025,10.1214/25-EJS2445,https://projecteuclid.org/journals/electronic-journal-of-statistics/volume-19/issue-2/A-signature-based-functional-spatial-autoregressive-model/10.1214/25-EJS2445.pdf,projecteuclid.org,none
2386,Modeling seasonality and serial dependence of electricity price curves with warping functional autoregressive dynamics,2019,10.1214/18-AOAS1234,https://projecteuclid.org/journals/annals-of-applied-statistics/volume-13/issue-3/Modeling-seasonality-and-serial-dependence-of-electricity-price-curves-with/10.1214/18-AOAS1234.pdf,projecteuclid.org,none
1004,Functional extreme rainfall data in Petaling Jaya,2017,10.1063/1.4982842,http://psasir.upm.edu.my/id/eprint/57250/1/Functional%20extreme%20rainfall%20data%20in%20Petaling%20Jaya.pdf,psasir.upm.edu.my,none
1072,Wavelet analysis of MR functional data from the cerebellum,2014,10.1063/1.4901390,https://pubs.aip.org/aip/acp/article-pdf/1626/1/189/11849306/189_1_online.pdf,pubs.aip.org,none
222,Bivariate Functional Quantile Envelopes With Application to Radiosonde Wind Data,2021,10.1080/00401706.2020.1769734,https://repository.kaust.edu.sa/bitstreams/39bdc830-56d2-4d04-b75d-af3552c4f62c/download,repository.kaust.edu.sa,none
1183,Functional Linear Regression: Dependence and Error Contamination,2022,10.1080/07350015.2020.1832503,https://researchonline.lse.ac.uk/id/eprint/114636/1/Functional_Linear_Regression._Dependence_and_Error.pdf,researchonline.lse.ac.uk,none
2095,Index Models for Sparsely Sampled Functional Data,2015,10.1080/01621459.2014.931859,https://researchonline.lse.ac.uk/id/eprint/84857/1/simfe_final.pdf,researchonline.lse.ac.uk,none
1555,Detecting trends in time series of functional data: A study of Antarctic climate change,2014,10.1002/cjs.11231,https://ri.conicet.gov.ar/bitstream/11336/13366/1/CONICET_Digital_Nro.11632.pdf,ri.conicet.gov.ar,none
1039,Extracting MRS discriminant functional features of brain tumors,2013,10.1002/nbm.2895,https://riunet.upv.es/items/42197a29-c100-4cf2-bd70-abf3350c9671/request-a-copy?bitstream=4fce7440-bf56-4961-a85f-996ecbf36bfc,riunet.upv.es,none
1778,Spatial functional data analysis for regionalizing precipitation seasonality and intensity in a sparsely monitored region: Unveiling the spatio-temporal dependencies of precipitation in Ecuador,2018,10.1002/joc.5504,https://rmets.onlinelibrary.wiley.com/doi/abs/10.1002/joc.5504,rmets.onlinelibrary.wiley.com,none
1120,Tempered functional time series,2023,10.1111/jtsa.12667,https://rss.onlinelibrary.wiley.com/doi/am-pdf/10.1111/jtsa.12667,rss.onlinelibrary.wiley.com,none
1582,An extension of the classical distance correlation coefficient for multivariate functional data with applications,2016,10.21307/stattrans-2016-032,https://sciendo.com/pdf/10.21307/stattrans-2016-032,sciendo.com,none
1542,Forecasting Generalized Quantiles of Electricity Demand: A Functional Data Approach,2017,10.1080/01621459.2016.1219259,http://sfb649.wiwi.hu-berlin.de/papers/pdf/SFB649DP2014-030.pdf,sfb649.wiwi.hu-berlin.de,none
706,A wavelet-based filtering approach to functional bipartite ranking,2011,10.1109/SSP.2011.5967819,https://telecom-paris.hal.science/hal-02107325,telecom-paris.hal.science,none
512,Functional Regression,2015,10.1146/annurev-statistics-010814-020413,https://www.annualreviews.org/doi/pdf/10.1146/annurev-statistics-010814-020413,www.annualreviews.org,none
1493,Second-Generation Functional Data,2023,10.1146/annurev-statistics-032921-033726,https://www.annualreviews.org/doi/pdf/10.1146/annurev-statistics-032921-033726,www.annualreviews.org,none
1702,Predicting rainfall and irrigation requirements of corn in Ecuador,2023,10.1016/j.heliyon.2023.e18334,http://www.cell.com/article/S2405844023055421/pdf,www.cell.com,none
459,Simulation studies to compare bayesian wavelet shrinkage methods in aggregated functional data,2023,10.29220/CSAM.2023.30.3.311,http://www.csam.or.kr/journal/download_pdf.php?doi=10.29220/CSAM.2023.30.3.311,www.csam.or.kr,none
1187,Exploring COVID-19 in mainland China during the lockdown of Wuhan via functional data analysis,2022,10.29220/CSAM.2022.29.1.103,http://www.csam.or.kr/journal/download_pdf.php?doi=10.29220/CSAM.2022.29.1.103,www.csam.or.kr,none
64,Robust estimation for varying coefficient partially functional linear regression models based on exponential squared loss function,2022,10.1515/math-2022-0501,https://www.degruyter.com/document/doi/10.1515/math-2022-0501/pdf,www.degruyter.com,none
563,Lack of fit in self modeling regression: Application to pulse waveforms,2010,10.2202/1557-4679.1190,https://www.degruyter.com/document/doi/10.2202/1557-4679.1190/pdf,www.degruyter.com,none
783,Fast function-on-scalar regression with penalized basis expansions,2010,10.2202/1557-4679.1246,https://www.degruyter.com/document/doi/10.2202/1557-4679.1246/pdf,www.degruyter.com,none
1671,Strong uniform consistency rates of conditional quantile estimation in the single functional index model under random censorship,2018,10.1515/demo-2018-0013,https://www.degruyter.com/document/doi/10.1515/demo-2018-0013/pdf,www.degruyter.com,none
1341,Nonparametric expectile shortfall regression for functional data,2025,10.1515/dema-2025-0125,https://www.degruyterbrill.com/document/doi/10.1515/dema-2025-0125/pdf,www.degruyterbrill.com,none
971,Study on the Influence of Air Pressure and Temperature on PM2.5 by Multivariate Functional Linear Regression Model,2020,10.1051/e3sconf/202019405009,https://www.e3s-conferences.org/articles/e3sconf/pdf/2020/54/e3sconf_icaeer2020_05009.pdf,www.e3s-conferences.org,none
1551,Functional methods for time series prediction: A nonparametric approach,2011,10.1002/for.1169,http://www.eco.uc3m.es/temp/Cao%202.pdf,www.eco.uc3m.es,none
2297,A new approach to bootstrap inference in functional coefficient models,2009,10.1016/j.csda.2008.09.014,https://www.econstor.eu/bitstream/10419/22031/1/EWP-2007-15.pdf,www.econstor.eu,none
1150,Weakly stationary stochastic processes valued in a separable Hilbert space: Gramian-cramér representations and applications,2023,10.1051/ps/2023014,https://www.esaim-ps.org/articles/ps/pdf/2023/01/ps210054.pdf,www.esaim-ps.org,none
79,Functional Continuum Regression Approach to Wavelet Transformation Data in a Non-Invasive Glucose Measurement Calibration Model,2024,10.13189/ms.2024.120110,http://www.hrpub.org/download/20240130/MS10-13433543.pdf,www.hrpub.org,none
19,Statistical Depth for Text Data: An Application to the Classification of Healthcare Data,2023,10.3390/math11010228,https://www.mdpi.com/2227-7390/11/1/228/pdf?version=1672977317,www.mdpi.com,none
24,New modeling approaches based on varimax rotation of functional principal components,2020,10.3390/math8112085,https://www.mdpi.com/2227-7390/8/11/2085/pdf?version=1606110198,www.mdpi.com,none
25,High-Dimensional Statistics: Non-Parametric Generalized Functional Partially Linear Single-Index Model,2022,10.3390/math10152704,https://www.mdpi.com/2227-7390/10/15/2704/pdf?version=1660036327,www.mdpi.com,none
56,Short-term electricity demand forecasting using a functional state space model,2018,10.3390/en11051120,https://www.mdpi.com/1996-1073/11/5/1120/pdf?version=1525258339,www.mdpi.com,none
94,"Cross-Validation, Information Theory, or Maximum Likelihood? A Comparison of Tuning Methods for Penalized Splines",2021,10.3390/stats4030042,https://www.mdpi.com/2571-905X/4/3/42/pdf?version=1630555722,www.mdpi.com,none
104,Estimation for Partial Functional Multiplicative Regression Model,2025,10.3390/math13030471,https://www.mdpi.com/2227-7390/13/3/471/pdf?version=1738322009,www.mdpi.com,none
201,Measurement and Analysis of High Frequency Assert Volatility Based on Functional Data Analysis,2022,10.3390/math10071140,https://www.mdpi.com/2227-7390/10/7/1140/pdf?version=1648872273,www.mdpi.com,none
227,Wavelet power spectral domain functional principal component analysis for feature extraction of epileptic eegs,2021,10.3390/computation9070078,https://www.mdpi.com/2079-3197/9/7/78/pdf?version=1625652351,www.mdpi.com,none
255,Cross-Validated Functional Generalized Partially Linear Single-Functional Index Model,2024,10.3390/math12172649,https://www.mdpi.com/2227-7390/12/17/2649/pdf?version=1724675115,www.mdpi.com,none
289,Partially Linear Generalized Single Index Models for Functional Data (PLGSIMF),2021,10.3390/stats4040047,https://www.mdpi.com/2571-905X/4/4/47/pdf?version=1635935374,www.mdpi.com,none
324,Wavelet Density and Regression Estimators for Continuous Time Functional Stationary and Ergodic Processes,2022,10.3390/math10224356,https://www.mdpi.com/2227-7390/10/22/4356/pdf?version=1669209599,www.mdpi.com,none
335,Bi-smoothed functional independent component analysis for eeg artifact removal,2021,10.3390/math9111243,https://www.mdpi.com/2227-7390/9/11/1243/pdf?version=1622622563,www.mdpi.com,none
378,An Analytical Approach for Temporal Infection Mapping and Composite Index Development,2023,10.3390/math11204358,https://www.mdpi.com/2227-7390/11/20/4358/pdf?version=1697789389,www.mdpi.com,none
408,Contagion Patterns Classification in Stock Indices: A Functional Clustering Analysis Using Decision Trees,2023,10.3390/math11132961,https://www.mdpi.com/2227-7390/11/13/2961/pdf?version=1688373884,www.mdpi.com,none
410,A two-population extension of the exponential smoothing state space model with a smoothing penalisation scheme,2020,10.3390/risks8030067,https://www.mdpi.com/2227-9091/8/3/67/pdf?version=1593684363,www.mdpi.com,none
424,A Methodological Framework for Analyzing and Differentiating Daily Physical Activity Across Groups Using Digital Biomarkers from the Frequency Domain,2025,10.3390/math13223616,https://www.mdpi.com/2227-7390/13/22/3616/pdf?version=1762855656,www.mdpi.com,none
449,COVID-19 data imputation by multiple function-on-function principal component regression,2021,10.3390/math9111237,https://www.mdpi.com/2227-7390/9/11/1237/pdf?version=1622203245,www.mdpi.com,none
938,Smoothing and differentiation of kinematic data using functional data analysis approach: An application of automatic and subjective methods,2020,10.3390/app10072493,https://www.mdpi.com/2076-3417/10/7/2493/pdf?version=1586655006,www.mdpi.com,none
942,Beyond Static Assessment: A Proof-of-Concept Evaluation of Functional Data Analysis for Assessing Physiological Responses to High-Intensity Effort,2026,10.3390/jfmk11020151,https://www.mdpi.com/2411-5142/11/2/151/pdf?version=1775799357,www.mdpi.com,none
956,Long-term changes in the zooplankton community of Lake Maggiore in response to multiple stressors: A functional principal components analysis,2019,10.3390/w11050962,https://www.mdpi.com/2073-4441/11/5/962/pdf?version=1557311503,www.mdpi.com,none
1063,"Air Quality Research Based on B-Spline Functional Linear Model: A Case Study of Fujian Province, China",2023,10.3390/app132011206,https://www.mdpi.com/2076-3417/13/20/11206/pdf?version=1697176141,www.mdpi.com,none
1074,Machine-Learning-Based Functional Time Series Forecasting: Application to Age-Specific Mortality Rates,2022,10.3390/forecast4010022,https://www.mdpi.com/2571-9394/4/1/22/pdf?version=1647854104,www.mdpi.com,none
1078,Kernel-Based Independence Tests for Causal Structure Learning on Functional Data,2023,10.3390/e25121597,https://www.mdpi.com/1099-4300/25/12/1597/pdf?version=1701223480,www.mdpi.com,none
1087,Scalar-on-Function Relative Error Regression for Weak Dependent Case,2023,10.3390/axioms12070613,https://www.mdpi.com/2075-1680/12/7/613/pdf?version=1687332334,www.mdpi.com,none
1137,Spatio-Temporal Dynamics of European Innovation—An Exploratory Approach via Multivariate Functional Data Cluster Analysis,2022,10.3390/joitmc8010006,https://www.mdpi.com/2199-8531/8/1/6/pdf?version=1641353169,www.mdpi.com,none
1151,Forecasting Day-Ahead Traffic Flow Using Functional Time Series Approach,2022,10.3390/math10224279,https://www.mdpi.com/2227-7390/10/22/4279/pdf?version=1668577293,www.mdpi.com,none
1173,Nonparametric Expectile Shortfall Regression for Complex Functional Structure,2024,10.3390/e26090798,https://www.mdpi.com/1099-4300/26/9/798/pdf,www.mdpi.com,none
1186,Wildfires vegetation recovery through satellite remote sensing and functional data analysis,2021,10.3390/math9111305,https://www.mdpi.com/2227-7390/9/11/1305/pdf?version=1623055076,www.mdpi.com,none
1189,An LM-Type Unit Root Test for Functional Time Series,2026,10.3390/math14050916,https://www.mdpi.com/2227-7390/14/5/916/pdf?version=1773134531,www.mdpi.com,none
1190,Functional Subspace Variational Autoencoder for Domain-Adaptive Fault Diagnosis,2023,10.3390/math11132910,https://www.mdpi.com/2227-7390/11/13/2910/pdf?version=1688012181,www.mdpi.com,none
1218,Forecasting Canadian Age-Specific Mortality Rates: Application of Functional Time Series Analysis,2023,10.3390/math11183808,https://www.mdpi.com/2227-7390/11/18/3808/pdf?version=1695787404,www.mdpi.com,none
1224,A novel hybrid algorithm to forecast functional time series based on pattern sequence similarity with application to electricity demand,2019,10.3390/en12010094,https://www.mdpi.com/1996-1073/12/1/94/pdf?version=1546009477,www.mdpi.com,none
1226,Uniform in Number of Neighbor Consistency and Weak Convergence of k-Nearest Neighbor Single Index Conditional Processes and k-Nearest Neighbor Single Index Conditional U-Processes Involving Functional Mixing Data,2024,10.3390/sym16121576,https://www.mdpi.com/2073-8994/16/12/1576/pdf?version=1732548047,www.mdpi.com,none
1238,A Novel Curve Clustering Method for Functional Data: Applications to COVID-19 and Financial Data,2023,10.3390/analytics2040041,https://www.mdpi.com/2813-2203/2/4/41/pdf?version=1696777174,www.mdpi.com,none
1288,Cross-validation model averaging for generalized functional linear model,2020,10.3390/econometrics8010007,https://www.mdpi.com/2225-1146/8/1/7/pdf?version=1585141456,www.mdpi.com,none
1293,Asymptotic Distribution of the Functional Modal Regression Estimator,2025,10.3390/math13223637,https://www.mdpi.com/2227-7390/13/22/3637/pdf,www.mdpi.com,none
1306,Application of an Intensive Longitudinal Functional Model with Multiple Time Scales in Objectively Measured Children’s Physical Activity,2023,10.3390/math11081973,https://www.mdpi.com/2227-7390/11/8/1973/pdf?version=1682242939,www.mdpi.com,E4
1319,Statistical Learning of Conditional Single-Index U-Processes Under Local Stationarity and Missing-At-Random Functional Responses,2026,10.3390/math14122112,https://www.mdpi.com/2227-7390/14/12/2112/pdf?version=1781337298,www.mdpi.com,none
1320,Dynamic Value at Risk Estimation in Multi-Functional Volterra Time-Series Model (MFVTSM),2025,10.3390/sym17081207,https://www.mdpi.com/2073-8994/17/8/1207/pdf?version=1753781592,www.mdpi.com,none
1329,Hidden Markov Mixture of Gaussian Process Functional Regression: Utilizing Multi-Scale Structure for Time Series Forecasting,2023,10.3390/math11051259,https://www.mdpi.com/2227-7390/11/5/1259/pdf?version=1678149345,www.mdpi.com,none
1375,Recursive Estimation of the Expectile-Based Shortfall in Functional Ergodic Time Series,2024,10.3390/math12243956,https://www.mdpi.com/2227-7390/12/24/3956/pdf?version=1734365683,www.mdpi.com,none
1386,Nonparametric Estimation of the Expected Shortfall Regression for Quasi-Associated Functional Data,2022,10.3390/math10234508,https://www.mdpi.com/2227-7390/10/23/4508/pdf?version=1669716965,www.mdpi.com,none
1416,Kolmogorov Entropy for Convergence Rate in Incomplete Functional Time Series: Application to Percentile and Cumulative Estimation in High Dimensional Data,2023,10.3390/e25071108,https://www.mdpi.com/1099-4300/25/7/1108/pdf?version=1690205856,www.mdpi.com,none
1434,Uncertainty Quantification of Complex Weather Dynamics Using a Novel Functional Autoregressive Model,2026,10.3390/math14050835,https://www.mdpi.com/2227-7390/14/5/835/pdf?version=1772702441,www.mdpi.com,none
1442,Bootstrapping Long-Run Covariance of Stationary Functional Time Series,2024,10.3390/forecast6010008,https://www.mdpi.com/2571-9394/6/1/8/pdf?version=1707217799,www.mdpi.com,none
1490,Scalar-on-Function Mode Estimation Using Entropy and Ergodic Properties of Functional Time Series Data,2025,10.3390/e27060552,https://www.mdpi.com/1099-4300/27/6/552/pdf?version=1748076668,www.mdpi.com,none
1504,Nonparametric Functional Times Series Data Analysis by kNN–Local Linear M-Regression,2026,10.3390/math14091455,https://www.mdpi.com/2227-7390/14/9/1455/pdf?version=1777191180,www.mdpi.com,none
1573,Multivariate functional time series forecasting: Application to age-specific mortality rates,2017,10.3390/risks5020021,https://www.mdpi.com/2227-9091/5/2/21/pdf?version=1490436835,www.mdpi.com,none
1706,Comparison of Positivity in Two Epidemic Waves of COVID-19 in Colombia with FDA,2022,10.3390/stats5040059,https://www.mdpi.com/2571-905X/5/4/59/pdf?version=1666952816,www.mdpi.com,none
1730,Optimizing Sowing Calendars for Climate-Resilient Common Bean Production in Central-Southern Brazil: A Functional Data Analysis Approach,2026,10.3390/resources15030040,https://www.mdpi.com/2079-9276/15/3/40/pdf?version=1772621601,www.mdpi.com,none
1743,Disjoint and functional principal component analysis for infected cases and deaths due to covid-19 in south american countries with sensor-related data,2021,10.3390/s21124094,https://www.mdpi.com/1424-8220/21/12/4094/pdf?version=1623677606,www.mdpi.com,none
1753,Sustainable visual analysis for bank non-performing loans and government debt distress,2020,10.3390/SU12010131,https://www.mdpi.com/2071-1050/12/1/131/pdf?version=1577093085,www.mdpi.com,none
1762,Local Correlation Integral Approach for Anomaly Detection Using Functional Data,2023,10.3390/math11040815,https://www.mdpi.com/2227-7390/11/4/815/pdf?version=1675669974,www.mdpi.com,none
1798,Short-Term Electricity Prices Forecasting Using Functional Time Series Analysis,2022,10.3390/en15093423,https://www.mdpi.com/1996-1073/15/9/3423/pdf?version=1652077670,www.mdpi.com,none
1814,Forecasting High-Dimensional Financial Functional Time Series: An Application to Constituent Stocks in Dow Jones Index,2021,10.3390/jrfm14080343,https://www.mdpi.com/1911-8074/14/8/343/pdf,www.mdpi.com,none
1850,Functional Ergodic Time Series Analysis Using Expectile Regression,2022,10.3390/math10203919,https://www.mdpi.com/2227-7390/10/20/3919/pdf?version=1666599970,www.mdpi.com,none
27,Three-part joint modeling methods for complex functional data mixed with zero-and-one–inflated proportions and zero-inflated continuous outcomes with skewness,2018,10.1002/sim.7534,https://www.ncbi.nlm.nih.gov/pmc/articles/5772010,www.ncbi.nlm.nih.gov,none
40,The investigation of temperature data in Turkey’s Black Sea Region using functional data analysis,2022,10.1080/02664763.2021.1896683,https://www.ncbi.nlm.nih.gov/pmc/articles/9225670,www.ncbi.nlm.nih.gov,none
170,"Multivariate functional response regression, with application to fluorescence spectroscopy in a cervical pre-cancer study",2017,10.1016/j.csda.2017.02.004,https://www.ncbi.nlm.nih.gov/pmc/articles/5642121,www.ncbi.nlm.nih.gov,none
181,Dynamic predictions in Bayesian functional joint models for longitudinal and time-to-event data: An application to Alzheimer’s disease,2019,10.1177/0962280217722177,https://www.ncbi.nlm.nih.gov/pmc/articles/5557714,www.ncbi.nlm.nih.gov,none
192,Quantile Function on Scalar Regression Analysis for Distributional Data,2020,10.1080/01621459.2019.1609969,https://www.ncbi.nlm.nih.gov/pmc/articles/7517594,www.ncbi.nlm.nih.gov,none
234,Additive Function-on-Function Regression,2018,10.1080/10618600.2017.1356730,https://www.ncbi.nlm.nih.gov/pmc/articles/5956967,www.ncbi.nlm.nih.gov,none
246,Wavelet analysis of variance box plot,2022,10.1080/02664763.2021.1951685,https://www.ncbi.nlm.nih.gov/pmc/articles/9559324,www.ncbi.nlm.nih.gov,none
254,Joint estimation of monotone curves via functional principal component analysis,2022,10.1016/j.csda.2021.107343,https://www.ncbi.nlm.nih.gov/pmc/articles/8896739,www.ncbi.nlm.nih.gov,none
323,Longitudinal dynamic functional regression,2020,10.1111/rssc.12376,https://www.ncbi.nlm.nih.gov/pmc/articles/6953745,www.ncbi.nlm.nih.gov,none
342,Variable selection in the functional linear concurrent model,2017,10.1002/sim.7254,https://www.ncbi.nlm.nih.gov/pmc/articles/5457356,www.ncbi.nlm.nih.gov,none
374,Hybrid principal components analysis for region-referenced longitudinal functional EEG data,2020,10.1093/biostatistics/kxy034,https://www.ncbi.nlm.nih.gov/pmc/articles/6920529,www.ncbi.nlm.nih.gov,none
387,"Functional multiple indicators, multiple causes measurement error models",2018,10.1111/biom.12706,https://www.ncbi.nlm.nih.gov/pmc/articles/5677589,www.ncbi.nlm.nih.gov,none
572,Efficient Bayesian hierarchical functional data analysis with basis function approximations using Gaussian–Wishart processes,2017,10.1111/biom.12705,https://www.ncbi.nlm.nih.gov/pmc/articles/5634932,www.ncbi.nlm.nih.gov,none
574,Wavelet-based LASSO in functional linear regression,2012,10.1080/10618600.2012.679241,https://www.ncbi.nlm.nih.gov/pmc/articles/3685865,www.ncbi.nlm.nih.gov,none
585,Bayesian analysis of mass spectrometry proteomic data using wavelet-based functional mixed models,2008,10.1111/j.1541-0420.2007.00895.x,https://www.ncbi.nlm.nih.gov/pmc/articles/2659628,www.ncbi.nlm.nih.gov,none
586,Generalized functional linear models with semiparametric single-index interactions,2010,10.1198/jasa.2010.tm09313,https://www.ncbi.nlm.nih.gov/pmc/articles/2915777,www.ncbi.nlm.nih.gov,none
591,Flexible estimation of covariance function by penalized spline with application to longitudinal family data,2011,10.1002/sim.4236,https://www.ncbi.nlm.nih.gov/pmc/articles/3115522,www.ncbi.nlm.nih.gov,none
592,Bayesian Latent Factor Regression for Functional and Longitudinal Data,2012,10.1111/j.1541-0420.2012.01788.x,https://www.ncbi.nlm.nih.gov/pmc/articles/3530663,www.ncbi.nlm.nih.gov,none
600,Functional data classification: a wavelet approach,2014,10.1007/s00180-014-0503-4,https://www.ncbi.nlm.nih.gov/pmc/articles/11192549,www.ncbi.nlm.nih.gov,none
635,"Massively parallel nonparametric regression, with an application to developmental brain mapping",2014,10.1080/10618600.2012.733549,https://www.ncbi.nlm.nih.gov/pmc/articles/3964810,www.ncbi.nlm.nih.gov,none
658,A Bayesian model for sparse functional data,2008,10.1111/j.1541-0420.2007.00829.x,https://www.ncbi.nlm.nih.gov/pmc/articles/5598470,www.ncbi.nlm.nih.gov,none
669,Functional Mixed Effects Model for Small Area Estimation,2016,10.1111/sjos.12218,https://www.ncbi.nlm.nih.gov/pmc/articles/5079448,www.ncbi.nlm.nih.gov,none
672,Wavelet-based scalar-on-function finite mixture regression models,2016,10.1016/j.csda.2014.11.017,https://www.ncbi.nlm.nih.gov/pmc/articles/4620087,www.ncbi.nlm.nih.gov,none
673,Reduced rank mixed effects models for spatially correlated hierarchical functional data,2010,10.1198/jasa.2010.tm08737,https://www.ncbi.nlm.nih.gov/pmc/articles/2853971,www.ncbi.nlm.nih.gov,none
677,Bootstrap-based inference on the difference in the means of two correlated functional processes,2012,10.1002/sim.5439,https://www.ncbi.nlm.nih.gov/pmc/articles/3966027,www.ncbi.nlm.nih.gov,none
680,A Bayesian hierarchical model for classification with selection of functional predictors,2010,10.1111/j.1541-0420.2009.01283.x,https://www.ncbi.nlm.nih.gov/pmc/articles/3042776,www.ncbi.nlm.nih.gov,none
708,Generalized multilevel function-on-scalar regression and principal component analysis,2015,10.1111/biom.12278,https://www.ncbi.nlm.nih.gov/pmc/articles/4479975,www.ncbi.nlm.nih.gov,none
715,Functional CAR Models for Large Spatially Correlated Functional Datasets,2016,10.1080/01621459.2015.1042581,https://www.ncbi.nlm.nih.gov/pmc/articles/5176110,www.ncbi.nlm.nih.gov,none
721,Joint modelling of paired sparse functional data using principal components,2008,10.1093/biomet/asn035,https://www.ncbi.nlm.nih.gov/pmc/articles/2672432,www.ncbi.nlm.nih.gov,none
722,Functional Principal Component Analysis of Spatiotemporal Point Processes With Applications in Disease Surveillance,2014,10.1080/01621459.2014.885434,https://www.ncbi.nlm.nih.gov/pmc/articles/4215517,www.ncbi.nlm.nih.gov,none
724,Recovering gradients from sparsely observed functional data,2013,10.1111/biom.12011,https://www.ncbi.nlm.nih.gov/pmc/articles/3718453,www.ncbi.nlm.nih.gov,none
759,Functional generalized additive models,2014,10.1080/10618600.2012.729985,https://www.ncbi.nlm.nih.gov/pmc/articles/3982924,www.ncbi.nlm.nih.gov,none
763,A hierarchical functional data analytic approach for analyzing physiologically based pharmacokinetic models,2013,10.1002/env.2198,https://www.ncbi.nlm.nih.gov/pmc/articles/3652487,www.ncbi.nlm.nih.gov,none
768,Functional Additive Mixed Models,2015,10.1080/10618600.2014.901914,https://www.ncbi.nlm.nih.gov/pmc/articles/4560367,www.ncbi.nlm.nih.gov,none
769,Linear transformations and the k-means clustering algorithm: Applications to clustering curves,2007,10.1198/000313007X171016,https://www.ncbi.nlm.nih.gov/pmc/articles/1828125,www.ncbi.nlm.nih.gov,none
804,Localized Functional Principal Component Analysis,2015,10.1080/01621459.2015.1016225,https://www.ncbi.nlm.nih.gov/pmc/articles/4721272,www.ncbi.nlm.nih.gov,none
812,Using wavelet-based functional mixed models to characterize population heterogeneity in accelerometer profiles: A case study,2006,10.1198/016214506000000465,https://www.ncbi.nlm.nih.gov/pmc/articles/2630189,www.ncbi.nlm.nih.gov,none
836,Clustering of time-course gene expression data using functional data analysis,2007,10.1016/j.compbiolchem.2007.05.006,https://www.ncbi.nlm.nih.gov/pmc/articles/1992527,www.ncbi.nlm.nih.gov,none
841,A simultaneous confidence band for sparse longitudinal regression,2012,10.5705/ss.2010.034,https://www.ncbi.nlm.nih.gov/pmc/articles/3583240,www.ncbi.nlm.nih.gov,none
850,Bayesian function-on-function regression for multilevel functional data,2015,10.1111/biom.12299,https://www.ncbi.nlm.nih.gov/pmc/articles/4575250,www.ncbi.nlm.nih.gov,none
854,Wavelet-based functional linear mixed models: An application to measurement error-corrected distributed lag models,2010,10.1093/biostatistics/kxq003,https://www.ncbi.nlm.nih.gov/pmc/articles/2883305,www.ncbi.nlm.nih.gov,none
856,Penalized functional regression,2011,10.1198/jcgs.2010.10007,https://www.ncbi.nlm.nih.gov/pmc/articles/3285536,www.ncbi.nlm.nih.gov,none
915,Functional Mixed-Effects Modeling of Longitudinal Duchenne Muscular Dystrophy Electrical Impedance Myography Data Using State-Space Approach,2019,10.1109/TBME.2018.2879227,https://www.ncbi.nlm.nih.gov/pmc/articles/6687059,www.ncbi.nlm.nih.gov,none
962,An improved representation of regional boundaries on parcellated morphological surfaces,2011,10.1016/j.compmedimag.2010.11.002,https://www.ncbi.nlm.nih.gov/pmc/articles/3059377,www.ncbi.nlm.nih.gov,none
1585,Whole-volume clustering of time series data from zebrafish brain calcium images via mixture modeling,2018,10.1002/sam.11366,https://www.ncbi.nlm.nih.gov/pmc/articles/5927610,www.ncbi.nlm.nih.gov,none
1993,Penalized spline estimation for functional coefficient regression models,2010,10.1016/j.csda.2009.09.036,https://www.ncbi.nlm.nih.gov/pmc/articles/3080050,www.ncbi.nlm.nih.gov,none
2052,Double-wavelet transform for multisubject task-induced functional magnetic resonance imaging data,2019,10.1111/biom.13055,https://www.ncbi.nlm.nih.gov/pmc/articles/6771256,www.ncbi.nlm.nih.gov,none
2076,Functional Mixed Effects Clustering with Application to Longitudinal Urologic Chronic Pelvic Pain Syndrome Symptom Data,2022,10.1080/01621459.2022.2066536,https://www.ncbi.nlm.nih.gov/pmc/articles/9949755,www.ncbi.nlm.nih.gov,none
2082,Bayesian Multiscale Modeling of Closed Curves in Point Clouds,2014,10.1080/01621459.2014.934825,https://www.ncbi.nlm.nih.gov/pmc/articles/4275800,www.ncbi.nlm.nih.gov,none
2115,Predictive functional linear models with diverging number of semiparametric single-index interactions,2022,10.1016/j.jeconom.2021.03.010,https://www.ncbi.nlm.nih.gov/pmc/articles/9398183,www.ncbi.nlm.nih.gov,none
539,Adaptive basis selection for functional data analysis via stochastic penalization,2005,10.1590/S0101-82052005000200004,https://www.scielo.br/j/cam/a/HpLS4bZQPDs6c9k5BcHL8vb/?lang=en&format=pdf,www.scielo.br,none
15,Tensor product splines and functional principal components,2020,10.1016/j.jspi.2019.10.006,https://www.sciencedirect.com/science/article/pii/S0378375819301132/pdf,www.sciencedirect.com,none
32,Linear-Phase-Type probability modelling of functional PCA with applications to resistive memories,2021,10.1016/j.matcom.2020.07.006,https://www.sciencedirect.com/science/article/pii/S0378475420302354,www.sciencedirect.com,none
92,Regional and temporal patterns of influenza: Application of functional data analysis,2021,10.1016/j.idm.2021.08.006,https://www.sciencedirect.com/science/article/pii/S2468042721000580/pdf,www.sciencedirect.com,none
146,Pseudo-quantile functional data clustering,2020,10.1016/j.jmva.2020.104626,https://www.sciencedirect.com/science/article/pii/S0047259X19301745/pdf,www.sciencedirect.com,none
199,Data driven orthogonal basis selection for functional data analysis,2022,10.1016/j.jmva.2021.104868,https://www.sciencedirect.com/science/article/pii/S0047259X21001469/pdf,www.sciencedirect.com,none
212,Linear mixed-effects model for longitudinal complex data with diversified characteristics,2020,10.1016/j.jmse.2019.11.001,https://www.sciencedirect.com/science/article/pii/S2096232019300897/pdf,www.sciencedirect.com,none
243,Fast stable parameter estimation for linear dynamical systems,2021,10.1016/j.csda.2020.107124,https://www.sciencedirect.com/science/article/pii/S0167947320302152/pdf,www.sciencedirect.com,none
366,A new approach to varying-coefficient additive models with longitudinal covariates,2020,10.1016/j.csda.2020.106912,https://www.sciencedirect.com/science/article/am/pii/S0167947320300037,www.sciencedirect.com,none
534,Comparative study of different B-spline approaches for functional data,2013,10.1016/j.mcm.2013.04.007,https://www.sciencedirect.com/science/article/pii/S0895717713001775/pdf,www.sciencedirect.com,none
573,Cramér-Karhunen-Loève representation and harmonic principal component analysis of functional time series,2013,10.1016/j.spa.2013.03.015,https://www.sciencedirect.com/science/article/pii/S0304414913000793/pdf,www.sciencedirect.com,none
619,Consistent variable selection for functional regression models,2016,10.1016/j.jmva.2015.06.007,https://www.sciencedirect.com/science/article/pii/S0047259X15001529/pdf,www.sciencedirect.com,none
640,Sparse estimation in functional linear regression,2012,10.1016/j.jmva.2011.08.005,https://www.sciencedirect.com/science/article/pii/S0047259X11001643/pdf,www.sciencedirect.com,none
662,Penalized PCA approaches for B-spline expansions of smooth functional data,2013,10.1016/j.amc.2013.02.009,https://www.sciencedirect.com/science/article/pii/S0096300313001252,www.sciencedirect.com,none
705,Bayesian Modeling in the Wavelet Domain,2005,10.1016/S0169-7161(05)25011-3,https://www.sciencedirect.com/science/article/pii/S0169716105250113,www.sciencedirect.com,none
771,Continuously dynamic additive models for functional data,2016,10.1016/j.jmva.2016.05.003,https://www.sciencedirect.com/science/article/pii/S0047259X16300240/pdf,www.sciencedirect.com,none
820,Quasi-interpolation for linear functional data,2012,10.1016/j.cam.2012.02.028,https://www.sciencedirect.com/science/article/pii/S0377042712000854/pdf,www.sciencedirect.com,none
827,Convolutional autoregressive models for functional time series,2016,10.1016/j.jeconom.2016.05.006,https://www.sciencedirect.com/science/article/am/pii/S0304407616300963,www.sciencedirect.com,none
843,Local linear regression for functional predictor and scalar response,2009,10.1016/j.jmva.2008.03.008,https://www.sciencedirect.com/science/article/pii/S0047259X08000973/pdf,www.sciencedirect.com,none
888,Past and projected trends of body mass index and weight status in South Australia: 2003 to 2019,2015,10.1111/1753-6405.12442,https://www.sciencedirect.com/science/article/pii/S132602002301261X/pdf,www.sciencedirect.com,none
928,Functional principal component analysis for global sensitivity analysis of model with spatial output,2021,10.1016/j.ress.2021.107522,https://www.sciencedirect.com/science/article/pii/S0951832021000831,www.sciencedirect.com,none
936,Penalized versions of functional PLS regression,2016,10.1016/j.chemolab.2016.03.013,https://www.sciencedirect.com/science/article/pii/S0169743916300491,www.sciencedirect.com,none
937,Functional relevance learning in generalized learning vector quantization,2012,10.1016/j.neucom.2011.11.029,https://www.sciencedirect.com/science/article/pii/S0925231212001889,www.sciencedirect.com,none
967,Smoothing spline analysis of variance models: A new tool for the analysis of cyclic biomechanical data,2016,10.1016/j.jbiomech.2016.07.035,https://www.sciencedirect.com/science/article/am/pii/S0021929016308375,www.sciencedirect.com,none
1071,Prediction of working memory ability based on EEG by functional data analysis,2020,10.1016/j.jneumeth.2019.108552,https://www.sciencedirect.com/science/article/pii/S0165027019304091/pdf,www.sciencedirect.com,none
1083,Identifying and responding to outlier demand in revenue management,2021,10.1016/j.ejor.2021.01.002,https://www.sciencedirect.com/science/article/pii/S0377221721000023/pdf,www.sciencedirect.com,none
1141,Developing a functional index to dynamically examine the spatio-temporal disparities of China's inclusive green growth,2022,10.1016/j.ecolind.2022.108861,https://www.sciencedirect.com/science/article/pii/S1470160X22003326/pdf,www.sciencedirect.com,none
1172,Volatility estimation in a nonlinear heteroscedastic functional regression model with martingale difference errors,2019,10.1016/j.jmva.2018.11.008,https://www.sciencedirect.com/science/article/pii/S0047259X17306814/pdf,www.sciencedirect.com,none
1239,A weak law of large numbers for realised covariation in a Hilbert space setting,2022,10.1016/j.spa.2021.12.011,https://www.sciencedirect.com/science/article/pii/S030441492100209X/pdf,www.sciencedirect.com,none
1299,High-dimensional functional time series forecasting: An application to age-specific mortality rates,2019,10.1016/j.jmva.2018.10.003,https://www.sciencedirect.com/science/article/pii/S0047259X1730739X/pdf,www.sciencedirect.com,none
1354,Describing the concentration of income populations by functional principal component analysis on Lorenz curves,2019,10.1016/j.jmva.2018.09.005,https://www.sciencedirect.com/science/article/pii/S0047259X17304827/pdf,www.sciencedirect.com,none
1361,Visualization and assessment of spatio-temporal covariance properties,2019,10.1016/j.spasta.2017.11.004,https://www.sciencedirect.com/science/article/am/pii/S2211675317301306?via%3Dihub,www.sciencedirect.com,none
1374,Shape-based outlier detection in multivariate functional data,2020,10.1016/j.knosys.2020.105960,https://www.sciencedirect.com/science/article/am/pii/S0950705120302835,www.sciencedirect.com,none
1411,Local polynomial estimation of regression operators from functional data with correlated errors,2019,10.1016/j.jmva.2018.10.008,https://www.sciencedirect.com/science/article/am/pii/S0047259X17306292?via%3Dihub,www.sciencedirect.com,none
1481,Classification of social media users with generalized functional data analysis,2023,10.1016/j.csda.2022.107647,https://www.sciencedirect.com/science/article/am/pii/S0167947322002274,www.sciencedirect.com,none
1501,The consistency and asymptotic normality of the kernel type expectile regression estimator for functional data,2021,10.1016/j.jmva.2020.104673,https://www.sciencedirect.com/science/article/am/pii/S0047259X20302542?via%3Dihub,www.sciencedirect.com,none
1526,Nonstationarity in time series of state densities,2016,10.1016/j.jeconom.2015.06.025,https://www.sciencedirect.com/science/article/am/pii/S0304407615003036?via%3Dihub,www.sciencedirect.com,none
1544,Asymptotic normality of the principal components of functional time series,2013,10.1016/j.spa.2012.12.011,https://www.sciencedirect.com/science/article/pii/S0304414912002724/pdf,www.sciencedirect.com,none
1548,Adaptive bandwidth selection in the long run covariance estimator of functional time series,2016,10.1016/j.csda.2014.06.008,https://www.sciencedirect.com/science/article/am/pii/S0167947314001790,www.sciencedirect.com,none
1574,An innovations algorithm for the prediction of functional linear processes,2017,10.1016/j.jmva.2017.01.005,https://www.sciencedirect.com/science/article/pii/S0047259X17300118/pdf,www.sciencedirect.com,none
1576,Forecasting binary longitudinal data by a functional PC-ARIMA model,2008,10.1016/j.csda.2007.09.015,https://www.sciencedirect.com/science/article/pii/S0167947307003519,www.sciencedirect.com,none
1577,Bootstrap for dependent Hilbert space-valued random variables with application to von Mises statistics,2015,10.1016/j.jmva.2014.09.011,https://www.sciencedirect.com/science/article/pii/S0047259X14002188/pdf,www.sciencedirect.com,none
1593,Inference for the autocovariance of a functional time series under conditional heteroscedasticity,2017,10.1016/j.jmva.2017.08.004,https://www.sciencedirect.com/science/article/pii/S0047259X17303512/pdf,www.sciencedirect.com,none
1610,Efficiency in multivariate functional nonparametric models with autoregressive errors,2016,10.1016/j.jmva.2016.01.007,https://www.sciencedirect.com/science/article/pii/S0047259X16000105/pdf,www.sciencedirect.com,none
1623,Canonical correlation for stochastic processes,2008,10.1016/j.spa.2007.10.006,https://www.sciencedirect.com/science/article/pii/S0304414907001780/pdf,www.sciencedirect.com,none
1632,Varying coefficient functional autoregressive model with application to the U.S. treasuries,2017,10.1016/j.jmva.2017.05.003,https://www.sciencedirect.com/science/article/pii/S0047259X17303056/pdf,www.sciencedirect.com,none
1638,Best estimation of functional linear models,2016,10.1016/j.jmva.2016.07.005,https://www.sciencedirect.com/science/article/pii/S0047259X16300495/pdf,www.sciencedirect.com,none
1651,Nonparametric time series prediction: A semi-functional partial linear modeling,2008,10.1016/j.jmva.2007.04.010,https://www.sciencedirect.com/science/article/pii/S0047259X07000644/pdf,www.sciencedirect.com,none
1654,Relative-error prediction in nonparametric functional statistics: Theory and practice,2016,10.1016/j.jmva.2015.09.019,https://www.sciencedirect.com/science/article/pii/S0047259X1500233X/pdf,www.sciencedirect.com,none
1677,Discussion of different logistic models with functional data. Application to Systemic Lupus Erythematosus,2008,10.1016/j.csda.2008.07.001,https://www.sciencedirect.com/science/article/pii/S0167947308003332,www.sciencedirect.com,none
1679,Local half-region depth for functional data,2018,10.1016/j.jmva.2017.10.004,https://www.sciencedirect.com/science/article/pii/S0047259X1730622X/pdf,www.sciencedirect.com,none
1692,On the asymptotic normality of kernel estimators of the long run covariance of functional time series,2016,10.1016/j.jmva.2015.11.005,https://www.sciencedirect.com/science/article/pii/S0047259X15002730/pdf,www.sciencedirect.com,none
1749,Swimming in an ocean of curves: A functional approach to understanding elephant seal habitat use in the Argentine Basin,2023,10.1016/j.pocean.2023.103120,https://www.sciencedirect.com/science/article/am/pii/S0079661123001635?via%3Dihub,www.sciencedirect.com,none
1756,Spatio-temporal characterization of long-term solar resource using spatial functional data analysis: Understanding the variability and complementarity of global horizontal irradiance in Ecuador,2022,10.1016/j.renene.2022.03.049,https://www.sciencedirect.com/science/article/pii/S0960148122003329,www.sciencedirect.com,none
1848,A randomness test for functional panels,2016,10.1016/j.jmva.2016.07.002,https://www.sciencedirect.com/science/article/pii/S0047259X1630046X/pdf,www.sciencedirect.com,none
1934,Robust functional linear regression based on splines,2013,10.1016/j.csda.2011.11.014,https://www.sciencedirect.com/science/article/pii/S0167947311004117,www.sciencedirect.com,none
1965,Dyadic diagonalization of positive definite band matrices and efficient \(B\)-spline orthogonalization,2022,10.1016/j.cam.2022.114444,https://www.sciencedirect.com/science/article/pii/S0377042722002102/pdf,www.sciencedirect.com,none
1981,Modeling spatially dependent functional data via regression with differential regularization,2019,10.1016/j.jmva.2018.09.006,https://www.sciencedirect.com/science/article/pii/S0047259X17307613/pdf,www.sciencedirect.com,none
2004,Functional archetype and archetypoid analysis,2016,10.1016/j.csda.2016.06.007,https://www.sciencedirect.com/science/article/pii/S016794731630144X,www.sciencedirect.com,none
2007,Principal components analysis and cyclostationarity,2022,10.1016/j.jmva.2021.104875,https://www.sciencedirect.com/science/article/am/pii/S0047259X21001536?via%3Dihub,www.sciencedirect.com,none
2036,Posterior concentration for a misspecified Bayesian regression model with functional covariates,2020,10.1016/j.jspi.2020.01.008,https://www.sciencedirect.com/science/article/am/pii/S0378375820300069,www.sciencedirect.com,none
2055,Functional classification of ornamental stone using machine learning techniques,2010,10.1016/j.cam.2010.01.054,https://www.sciencedirect.com/science/article/pii/S0377042710000671/pdf,www.sciencedirect.com,none
2061,Functional experiment design for the analysis of colour changes in granite using new functional colour coordinates,2011,10.1016/j.cam.2010.08.005,https://www.sciencedirect.com/science/article/pii/S0377042710004437/pdf,www.sciencedirect.com,none
2112,Simplicial principal component analysis for density functions in Bayes spaces,2016,10.1016/j.csda.2015.07.007,https://www.sciencedirect.com/science/article/pii/S0167947315001644,www.sciencedirect.com,none
2160,"Estimation of eigenvalues, eigenvectors and scores in FDA models with dependent errors",2016,10.1016/j.jmva.2016.02.002,https://www.sciencedirect.com/science/article/pii/S0047259X16000233/pdf,www.sciencedirect.com,none
2187,Detecting and estimating changes in dependent functional data,2012,10.1016/j.jmva.2012.03.006,https://www.sciencedirect.com/science/article/pii/S0047259X12000759/pdf,www.sciencedirect.com,none
2193,Test of independence for functional data,2013,10.1016/j.jmva.2013.02.005,https://www.sciencedirect.com/science/article/pii/S0047259X13000195/pdf,www.sciencedirect.com,none
2226,On the rate of convergence for the autocorrelation operator in functional autoregression,2022,10.1016/j.spl.2022.109575,https://www.sciencedirect.com/science/article/pii/S0167715222001274/pdf,www.sciencedirect.com,none
2233,Surface functional models,2020,10.1016/j.jmva.2020.104664,https://www.sciencedirect.com/science/article/pii/S0047259X20302451/pdf,www.sciencedirect.com,none
2284,On projection methods for functional time series forecasting,2022,10.1016/j.jmva.2021.104890,https://www.sciencedirect.com/science/article/pii/S0047259X21001688/pdf,www.sciencedirect.com,none
2289,A class of functional partially linear single-index models,2017,10.1016/j.jmva.2017.07.004,https://www.sciencedirect.com/science/article/pii/S0047259X17304244/pdf,www.sciencedirect.com,none
2333,Lasso estimation for spherical autoregressive processes,2021,10.1016/j.spa.2021.03.009,https://www.sciencedirect.com/science/article/pii/S0304414921000375,www.sciencedirect.com,none
2355,A quantitative comparison of stochastic mortality models on Italian population data,2017,10.1016/j.csda.2017.03.012,https://www.sciencedirect.com/science/article/abs/pii/S0167947317300579?via=ihub,www.sciencedirect.com,none
2390,Influence of forecasting electricity prices in the optimization of complex hydrothermal systems,2009,10.1016/j.cam.2009.06.007,https://www.sciencedirect.com/science/article/pii/S0377042709003537/pdf,www.sciencedirect.com,none
2399,A bootstrap-based KPSS test for functional time series,2019,10.1016/j.jmva.2019.104535,https://www.sciencedirect.com/science/article/pii/S0047259X18306146/pdf,www.sciencedirect.com,none
290,Wavelet Feature Screening,2024,10.1080/10618600.2024.2342984,https://www.tandfonline.com/doi/pdf/10.1080/10618600.2024.2342984?download=true,www.tandfonline.com,none
383,Fast Bayesian Functional Principal Components Analysis,2026,10.1080/10618600.2025.2592768,https://www.tandfonline.com/doi/pdf/10.1080/10618600.2025.2592768,www.tandfonline.com,none
489,Generalized partial functional linear regression for network-linked data,2026,10.1080/00949655.2026.2613297,https://www.tandfonline.com/doi/pdf/10.1080/00949655.2026.2613297?needAccess=true,www.tandfonline.com,none
634,A Functional Approach to Deconvolve Dynamic Neuroimaging Data,2016,10.1080/01621459.2015.1060241,https://www.tandfonline.com/doi/pdf/10.1080/01621459.2015.1060241?needAccess=true,www.tandfonline.com,none
809,Test of significance when data are curves,1998,10.1080/01621459.1998.10473763,https://www.tandfonline.com/doi/abs/10.1080/01621459.1998.10473763,www.tandfonline.com,none
945,"Growth curves of wild Mallard, based on functional analysis of capture–recapture data",2017,10.1080/03078698.2017.1332299,https://www.tandfonline.com/doi/pdf/10.1080/03078698.2017.1332299?needAccess=true&role=button,www.tandfonline.com,none
955,Classification of ADNI PET images via regularized 3D functional data analysis,2017,10.1080/24709360.2017.1280213,https://www.tandfonline.com/doi/pdf/10.1080/24709360.2017.1280213?needAccess=true&role=button,www.tandfonline.com,none
1110,Hybrid Forecasting for Functional Time Series of Dissolved Oxygen Profiles,2023,10.1080/26941899.2022.2152401,https://www.tandfonline.com/doi/pdf/10.1080/26941899.2022.2152401?download=true,www.tandfonline.com,none
1154,Functional Time Series Analysis and Visualization Based on Records,2025,10.1080/10618600.2024.2374578,https://www.tandfonline.com/doi/pdf/10.1080/10618600.2024.2374578?download=true,www.tandfonline.com,none
1219,Multipopulation mortality modelling and forecasting: the weighted multivariate functional principal component approaches,2023,10.1080/02664763.2022.2104228,https://www.tandfonline.com/doi/pdf/10.1080/02664763.2022.2104228?needAccess=true,www.tandfonline.com,none
1237,Nonparametric estimation of functional dynamic factor model,2022,10.1080/10485252.2022.2080825,https://www.tandfonline.com/doi/pdf/10.1080/10485252.2022.2080825?needAccess=true,www.tandfonline.com,none
1254,Bootstrap prediction intervals for the age distribution of life-table death counts,2025,10.1080/08898480.2025.2539229,https://www.tandfonline.com/doi/pdf/10.1080/08898480.2025.2539229?needAccess=true,www.tandfonline.com,none
1297,Dependence-Based Fuzzy Clustering of Functional Time Series,2025,10.1080/10618600.2025.2489537,https://www.tandfonline.com/doi/pdf/10.1080/10618600.2025.2489537?needAccess=true,www.tandfonline.com,none
1358,Intraday volatility analysis of CSI 300 index futures: a dependent functional data method,2023,10.1080/1331677X.2022.2076144,https://www.tandfonline.com/doi/pdf/10.1080/1331677X.2022.2076144?needAccess=true,www.tandfonline.com,none
1371,Ornstein–Uhlenbeck processes in Hilbert space and autoregressive moving-average time series,2025,10.1080/17442508.2024.2422122,https://www.tandfonline.com/doi/pdf/10.1080/17442508.2024.2422122?needAccess=true,www.tandfonline.com,none
1476,Bayesian variable selection in distributed lag models: a focus on binary quantile and count data regressions,2026,10.1080/03610918.2025.2458578,https://www.tandfonline.com/doi/pdf/10.1080/03610918.2025.2458578?needAccess=true,www.tandfonline.com,none
2559,Minimum regularized covariance trace estimator and outlier detection for functional data,2023,10.1080/00401706.2024.2336542,https://www.tandfonline.com/doi/pdf/10.1080/00401706.2024.2336542?download=true,www.tandfonline.com,none
886,A quadriparametric model to describe the diversity of waves applied to hormonal data,2018,10.3414/ME17-01-0102,http://www.thieme-connect.de/products/ejournals/pdf/10.3414/ME17-01-0102.pdf,www.thieme-connect.de,none
741,Marginal Functional Regression Models for Analyzing the Feeding Behavior of Pigs,2015,10.1007/s13253-015-0212-7,http://www4.stat.ncsu.edu/%7Estaicu/papers/JABES_binaryFD.pdf,www4.stat.ncsu.edu,none
