id,title,year,doi,reason_code_original,confidence_ia,rationale_ia,extracto_truncado,enlace
3,Curve Classification Based on Mean-Variance Feature Weighting and Its Application,2024,10.32604/cmc.2024.049605,none,alta,"B-splines centrales para clasificacion de curvas, discusion metodologica explicita de la base",no,https://doi.org/10.32604/cmc.2024.049605
4,Optimal design of experiments for functional linear models with dynamic factors,2026,10.1007/s11749-026-01004-z,none,alta,Discute explicitamente distintos escenarios de conjuntos de bases para representar la funcion coeficiente,no,https://link.springer.com/content/pdf/10.1007/s11749-026-01004-z.pdf
11,Unified Principal Component Analysis for Sparse and Dense Functional Data under Spatial Dependency,2022,10.1080/07350015.2021.1938085,none,alta,"FPCA con tensor product splines, metodologia central de representacion en bases",no,https://arxiv.org/pdf/2006.13489
14,Two-sample tests for functional data using characteristic functions,2021,10.17713/ajs.v50i4.1099,none,alta,Representacion en bases funcionales es paso central del metodo de dos muestras propuesto,no,https://www.ajs.or.at/index.php/ajs/article/download/1099/731
20,Wavelet estimation of the dimensionality of curve time series,2020,10.1007/s10463-019-00724-4,none,alta,"Estimacion de dimension via representacion wavelet explicita, directamente relevante a PR4",no,https://arxiv.org/pdf/1809.00737
31,Analyzing Electricity Demand in Colombia: A Functional Time Series Approach,2023,10.32479/ijeep.13728,none,alta,FDA aplicado a serie economica (demanda electrica) con suavizado tipo spline explicito,no,https://econjournals.com/index.php/ijeep/article/download/13728/7113
42,On Estimation of the Effect Lag of Predictors and Prediction in a Functional Linear Model,2024,10.1007/s12561-023-09393-7,none,alta,"Expansion en sistema de bases (FPCA/splines) para funcion coeficiente, penalizacion explicita",no,https://link.springer.com/content/pdf/10.1007/s12561-023-09393-7.pdf
43,Robust estimation for semi-functional linear regression models,2020,10.1016/j.csda.2020.107041,none,alta,B-splines centrales para aproximar parametro de regresion funcional y componente no parametrica,no,https://arxiv.org/pdf/2006.16156
45,Analysis of a GPS Network Based on Functional Data Analysis,2018,10.1007/s11004-018-9731-4,none,alta,"Evalua varias bases de funciones (Fourier, P-splines) explicitamente para reconstruccion de series GPS",no,http://hdl.handle.net/10498/30217
49,Estimation and diagnostic for single-index partially functional linear regression model with p-order autoregressive skew-normal errors,2025,10.3934/math.2025321,none,alta,"B-spline explicito en titulo/palabras clave, aplicado a pronostico fotovoltaico",no,http://www.aimspress.com/aimspress-data/math/2025/3/PDF/math-10-03-321.pdf
50,Route identification in the National Football League: An application of model-based curve clustering using the em algorithm,2020,10.1515/jqas-2019-0047,none,media,"Usa base polinomial de Bernstein para representar curvas; discusion de eleccion de base limitada, aplicacion deportiva (E4 borderline)",no,https://arxiv.org/pdf/1908.02423
51,"Bayesian Semiparametric Functional Mixed Models for Serially Correlated Functional Data, With Application to Glaucoma Data",2019,10.1080/01621459.2018.1476242,none,alta,"Marco bayesiano con smoothing splines/wavelets explicitos, aplicacion medica con metodologia sustantiva (excepcion E4)",no,https://www.ncbi.nlm.nih.gov/pmc/articles/6590079
58,Adaptive Generalized P-Splines for Functional Data: A Statistical Framework via Blockwise GSVD,2025,10.1007/s11222-025-10734-3,none,alta,"P-splines adaptativos, seleccion de nodos y regularizacion, nucleo metodologico de representacion en bases",no,https://link.springer.com/content/pdf/10.1007/s11222-025-10734-3.pdf
59,Bayesian additive adaptive basis tensor product models for modeling high dimensional surfaces: an application to high-throughput toxicity testing,2019,10.1111/biom.12942,none,alta,"Modelo de expansion en bases tensoriales aprendidas de los datos, metodologia central sobre bases",no,https://arxiv.org/pdf/1702.04775
62,Learning rates for partially linear functional models with high dimensional scalar covariates,2020,10.3934/cpaa.2020172,none,alta,"Contrasta FPCA vs representacion automatica de bases via RKHS, discusion explicita de bases",no,https://doi.org/10.3934/cpaa.2020172
72,Fast Bayesian basis selection for functional data representation with correlated errors,2026,10.1007/s00180-026-01769-9,none,alta,"Seleccion bayesiana de funciones de base para suavizado, comparado contra splines de regresion/suavizado",no,https://arxiv.org/pdf/2405.20758
74,Bayesian analysis of longitudinal and multidimensional functional data,2022,10.1093/biostatistics/kxaa041,none,media,"Titulo/contexto (Biostatistics, FD multidimensional) sugiere metodologia FDA relevante; resumen cortado por formato de pagina PMC",si,https://www.ncbi.nlm.nih.gov/pmc/articles/9007445
82,Statistical inference in functional quadratic expectile regression model,2026,10.15672/hujms.1824224,none,alta,Coeficientes funcionales aproximados por base de componentes principales funcionales,no,https://dergipark.org.tr/en/download/article-file/5422948
83,Landmark-Warped Emulators for Models with Misaligned Functional Response,2022,10.1137/20M135279X,none,media,"Emuladores para datos funcionales desalineados; usa splines de regresion adaptativa bayesiana como parte del marco, discusion de base parcial",si,https://www.osti.gov/biblio/1844165
86,Recovering the underlying trajectory from sparse and irregular longitudinal data,2022,10.1002/cjs.11677,none,alta,Metodo SOAP estima funciones de base empirica optimas como alternativa a FPCA/PACE,no,https://arxiv.org/pdf/1809.06462
88,Robust estimation in canonical correlation analysis for multivariate functional data,2019,10.15672/HJMS.2018.613,none,alta,"Analisis basado explicitamente en representacion en funciones de base, bases no ortogonales",no,https://dergipark.org.tr/en/download/article-file/684449
89,Modeling Experimental Designs Including Longitudinal Data and a Functional Covariate,2025,10.15446/rce.v48n1.113398,none,alta,Compara dos enfoques de suavizado (funciones de base y FPCA) en diseno experimental longitudinal,no,https://revistas.unal.edu.co/index.php/estad/article/download/113398/93871
101,Stochastic modeling of Random Access Memories reset transitions,2019,10.1016/j.matcom.2018.11.016,none,alta,"FPCA via expansion de Karhunen-Loeve aplicado a memorias resistivas, mismo cluster tematico que ancla del conjunto oro",no,https://arxiv.org/pdf/2402.05209
106,Quantile Regression for Longitudinal Functional Data with Application to Feed Intake of Lactating Sows,2025,10.1007/s13253-024-00601-5,none,alta,"Representaciones spline de funcion de coeficiente variable en el tiempo, regresion cuantilica longitudinal",no,https://link.springer.com/content/pdf/10.1007/s13253-024-00601-5.pdf
111,Sparse logistic regression on functional data*,2022,10.4310/21-SII688,none,alta,Expansion B-spline con doble penalizacion para regresion logistica funcional dispersa,no,https://arxiv.org/pdf/2106.10583
112,A fast epigraph and hypograph-based approach for clustering functional data,2023,10.1007/s11222-023-10213-7,none,media,"Clustering via indices epigrafe/hipografe, no usa expansion en bases ni FPCA explicitamente - I1 discutible aunque es FDA genuino",no,https://link.springer.com/content/pdf/10.1007/s11222-023-10213-7.pdf
114,A penalized spline estimator for functional linear regression with functional response,2026,10.1007/s11634-026-00681-w,none,alta,Selecciona conjunto de funciones de base para reconstruccion y regresion funcion-en-funcion,no,https://doi.org/10.1007/s11634-026-00681-w
126,Basis expansions for functional snippets,2021,10.1093/biomet/asaa088,none,alta,"Representacion en bases de la funcion de covarianza para snippets funcionales, titulo explicito",no,https://arxiv.org/pdf/1905.07067
127,Local Clustering for Functional Data,2025,10.1080/10618600.2024.2431057,none,alta,Construido sobre tecnica de expansion en bases con forma de penalizacion novedosa,no,https://pmc.ncbi.nlm.nih.gov/articles/PMC12588091/
128,Gaussian graphical modeling for spectrometric data analysis,2022,10.1016/j.csda.2021.107416,none,alta,"Expansion en base B-spline para modelar espectros, aplicacion quimica con discusion metodologica sustantiva (excepcion E4)",no,https://arxiv.org/pdf/2103.11666
130,A Fourier representation of kernel Stein discrepancy with application to Goodness-of-Fit tests for measures on infinite dimensional Hilbert spaces,2025,10.3150/23-BEJ1662,none,alta,Representacion de Fourier como herramienta central para datos funcionales en espacios de Hilbert,no,http://arxiv.org/pdf/2206.04552
131,High-resolution signal recovery via generalized sampling and functional principal component analysis,2021,10.1007/s10444-021-09908-0,none,alta,Combina FPCA con representaciones dispersas de componentes principales funcionales,no,https://arxiv.org/pdf/2002.08724
132,BASS: An R package for fitting and performing sensitivity analysis of bayesian adaptive spline surfaces,2020,10.18637/jss.v094.i08,none,alta,"Paquete R para superficies spline bayesianas adaptativas, splines como base central del metodo",no,https://www.jstatsoft.org/index.php/jss/article/view/v094i08/v94i08.pdf
135,Feature extraction for functional time series: Theory and application to NIR spectroscopy data,2022,10.1016/j.jmva.2021.104863,none,alta,"FPCA-BTW combina FPCA con thresholding de coeficientes wavelet, directamente relevante a PR4",no,https://arxiv.org/pdf/2106.01150
136,Functional group bridge for simultaneous regression and support estimation,2023,10.1111/biom.13684,none,alta,"B-splines para transformar dispersion de funciones a vector disperso, aplicacion neurociencia con metodologia sustantiva (excepcion E4)",no,https://arxiv.org/pdf/2006.10163
139,Multi-dimensional functional principal component analysis,2017,10.1007/s11222-016-9679-5,none,alta,Extension de FPCA a dominios multidimensionales con transformada rapida de Fourier en suavizado,no,https://arxiv.org/pdf/1510.04439
144,Roughness regularization for functional data analysis with free knots spline estimation,2024,10.1007/s11222-024-10474-w,none,alta,"Estimacion con splines de nodos libres y regularizacion de rugosidad, nucleo metodologico de PR4",no,https://link.springer.com/content/pdf/10.1007/s11222-024-10474-w.pdf
148,Bayesian wavelet-packet historical functional linear models,2021,10.1007/s11222-020-09981-3,none,alta,"Compara representacion wavelet-packet vs spline-based para modelos historicos funcionales, relevante a PR4",no,https://arxiv.org/pdf/1906.02269
150,FILTRATED COMMON FUNCTIONAL PRINCIPAL COMPONENT ANALYSIS OF MULTIGROUP FUNCTIONAL DATA,2024,10.1214/23-AOAS1827,none,alta,fPCA filtrada estructurada en forma de bosque para datos funcionales multigrupo,no,https://scholars.cityu.edu.hk/en/publications/filtrated-common-functional-principal-component-analysis-of-multi
156,Compositional splines for bivariate density data analysis,2026,10.1007/s10260-025-00830-z,none,alta,"Nueva base spline para densidades bivariadas transformadas, construccion explicita de base",no,https://link.springer.com/content/pdf/10.1007/s10260-025-00830-z.pdf
162,Spline estimation of functional principal components via manifold conjugate gradient algorithm,2022,10.1007/s11222-022-10175-2,none,alta,"Aproximacion B-spline de componentes principales funcionales, algoritmo de gradiente conjugado",no,https://arxiv.org/pdf/2211.04784
168,A comparison of parameter estimation in function-on-function regression,2022,10.1080/03610918.2020.1746340,none,alta,"Comparacion explicita de bases y metodo de estimacion en regresion funcion-en-funcion, tipo comparativo directo (PR2/PR4)",no,https://arxiv.org/pdf/2003.06067
169,Quadratic regression for functional response models,2020,10.1016/j.ecosta.2018.12.003,none,alta,"Predictor y funcion de coeficiente expresados por expansion en bases, regresion funcional cuadratica",no,https://arxiv.org/pdf/1702.02009
174,Functional principal component analysis for incomplete space–time data,2024,10.1007/s10651-024-00598-7,none,alta,"FPCA con discretizacion B-spline en tiempo y elementos finitos en espacio, datos espacio-temporales incompletos",no,https://link.springer.com/content/pdf/10.1007/s10651-024-00598-7.pdf
179,Estimation in functional partially linear spatial autoregressive model,2024,10.15672/hujms.1324888,none,alta,FPCA y aproximacion por funciones de base para modelo espacial autorregresivo funcional parcialmente lineal,no,https://doi.org/10.15672/hujms.1324888
183,Smoothed least absolute deviation estimation in functional linear model,2025,10.15672/hujms.1608956,none,alta,Predictor y funcion de pendiente aproximados via expansion en base de componentes principales funcionales,no,https://dergipark.org.tr/en/download/article-file/4474455
184,Bayesian flexible beta regression model with functional covariate,2023,10.1007/s00180-022-01240-5,none,alta,"Expansion estandar en bases para modelo de regresion beta funcional bayesiano, aplicacion espectrometrica con metodologia sustantiva",no,https://link.springer.com/content/pdf/10.1007/s00180-022-01240-5.pdf
189,BFDA: A MATLAB toolbox for bayesian functional data analysis,2019,10.18637/jss.v089.i02,none,alta,Funciones de base B-spline cubicas para aproximar inferencia bayesiana en datos funcionales de alta dimension,no,https://www.jstatsoft.org/index.php/jss/article/view/v089i02/v89i02.pdf
191,Empirically Driven Orthonormal Bases for Functional Data Analysis,2021,10.1007/978-3-030-55874-1_76,none,alta,"Aborda directamente la seleccion de base ortonormal (Fourier/wavelets/splines) de forma data-driven; altamente relevante a PR1, posible antecedente directo",no,https://orbit.dtu.dk/en/publications/f7d00bdd-0fc5-4095-991e-4c68cc00c73a
196,Partial separability and functional graphical models for multivariate Gaussian processes,2022,10.1093/biomet/asab046,none,alta,"Expansion en bases truncadas para modelos graficos gaussianos funcionales, aplicacion neurociencia con metodologia sustantiva (excepcion E4)",no,https://arxiv.org/pdf/1910.03134
203,Band depth based initialization of K-means for functional data clustering,2023,10.1007/s11634-022-00510-w,none,media,"Clustering funcional (band depth) que ajusta B-splines a las observaciones; metodologia FDA, discute naturaleza funcional vs multivariada.",no,https://link.springer.com/content/pdf/10.1007/s11634-022-00510-w.pdf
205,Bayesian adaptive selection of basis functions for functional data representation,2024,10.1080/02664763.2023.2172143,none,alta,Seleccion bayesiana adaptativa de funciones base para representacion de datos funcionales; PR1/PR3 directo.,no,https://arxiv.org/pdf/2204.03115
207,BAYESIAN ADAPTIVE AND INTERPRETABLE FUNCTIONAL REGRESSION FOR EXPOSURE PROFILES,2024,10.1214/23-AOAS1805,none,alta,Regresion funcional bayesiana con expansion B-spline y priors de shrinkage dinamico; contribucion metodologica sobre base y regularizacion.,no,http://arxiv.org/pdf/2203.00784
211,Translation-invariant functional clustering on COVID-19 deaths adjusted on population risk factors,2023,10.1093/jrsssc/qlad014,none,media,"Clustering funcional invariante a traslacion con descomposicion wavelet; wavelets centrales al metodo, COVID ilustrativo.",no,https://arxiv.org/pdf/2012.10629
217,logitFD: an R package for functional principal component logit regression,2022,10.32614/RJ-2022-053,none,alta,Paquete R para regresion logit por componentes principales funcionales; metodos de expansion en bases y FPCA.,no,https://journal.r-project.org/articles/RJ-2022-053/RJ-2022-053.pdf
223,Functional Modelling of Telecommunications Data∗,2022,10.3846/mma.2022.14043,none,media,Modelado funcional de datos de telecom con suavizado B-spline explicito y autorregresion funcional; discute ventajas de enfoques.,si,https://doi.org/10.3846/mma.2022.14043
235,Nested Hierarchical Functional Data Modeling and Inference for the Analysis of Functional Plant Phenotypes,2018,10.1080/01621459.2017.1366907,none,alta,"Modelo jerarquico funcional con splines penalizados de producto tensorial, FPCA multinivel, seleccion de numero de componentes via cAIC.",no,https://dr.lib.iastate.edu/bitstreams/da18d687-80b2-4c33-8878-a11f8b2d0524/download
239,Splinets – Orthogonal Splines for Functional Data Analysis,2025,10.32614/RJ-2024-034,none,alta,"Splines ortogonales (splinets) para FDA; representacion en bases ortonormales, FPCA, reduccion de dimension. PR1 directo.",no,https://doi.org/10.32614/rj-2024-034
240,Basis expansion approaches for functional analysis of variance with repeated measures,2023,10.1007/s11634-022-00500-y,none,alta,Expansion en bases explicita para FANOVA de medidas repetidas; PR1/PR2. Biomecanica ilustrativa.,no,https://link.springer.com/content/pdf/10.1007/s11634-022-00500-y.pdf
244,Integer-valued functional data analysis for measles forecasting,2019,10.1111/biom.13110,none,alta,FDA de valores enteros para pronostico de sarampion; expansion en bases desconocida aprendida de los datos con coeficientes dinamicos.,no,https://arxiv.org/pdf/1902.07788
262,Function-on-function regression for the identification of epigenetic regions exhibiting windows of susceptibility to environmental exposures,2021,10.1214/20-AOAS1425,none,media,"Regresion function-on-function con wavelets para ventanas de susceptibilidad epigenetica; metodo con base wavelet, dominio ilustrativo.",si,https://arxiv.org/pdf/1912.07359
263,Distribution-free uncertainty quantification for daily treasury yield curves with functional principal component forecasting and vector autoregression,2026,10.3934/math.2026234,none,alta,"UQ distribution-free para curvas de rendimiento del tesoro; suavizado B-spline, FPCA-VAR, benchmarks vs DNS. PR4/PR5.",no,http://www.aimspress.com/aimspress-data/math/2026/3/PDF/math-11-03-234.pdf
266,Homogeneity problem for basis expansion of functional data with applications to resistive memories,2021,10.1016/j.matcom.2020.05.018,none,alta,"Item #9a del conjunto oro: expansion en bases (P-splines, Karhunen-Loeve) y FPCA para test de homogeneidad funcional. PR1.",no,https://arxiv.org/pdf/2402.04321
270,Flexible functional data smoothing and optimization using beta spline,2024,10.3934/math.20241126,none,alta,"Suavizado de datos funcionales con beta-spline; eleccion de base crucial, roughness penalty + GCV. PR1/PR3.",no,http://www.aimspress.com/aimspress-data/math/2024/9/PDF/math-09-09-1126.pdf
272,Adaptive smoothing spline estimator for the function-on-function linear regression model,2023,10.1007/s00180-022-01223-6,none,alta,Estimador smoothing spline adaptativo para regresion function-on-function con penalizaciones espacialmente adaptativas. PR3.,no,https://link.springer.com/content/pdf/10.1007/s00180-022-01223-6.pdf
279,Statistical Learning for Functional Data,2026,10.1146/annurev-statistics-042424-052503,none,alta,"Revision de aprendizaje estadistico para datos funcionales; cubre FPCA, expansiones en bases, alternativas de deep learning.",no,https://doi.org/10.1146/annurev-statistics-042424-052503
280,A FUNCTIONAL-DATA APPROACH TO THE ARGO DATA,2022,10.1214/21-AOAS1477,none,media,Kriging funcional espacio-temporal para datos Argo con smoothing splines; contribucion metodologica pese a dominio oceanografico.,si,https://arxiv.org/pdf/2006.05020
281,Exploring Functional Structure and Variation of Italian Carbon Emissions,2025,10.1007/978-3-032-17526-7_8,none,media,"Estructura funcional de emisiones de carbono italianas con base de Fourier y FPCA; aplicacion al mercado electrico, metodologia estandar.",si,https://link.springer.com/content/pdf/10.1007/978-3-032-17526-7_8.pdf
283,A Frequency-Domain Approach for Integrating Multiple Functional Time Series,2026,10.1002/sta4.70140,none,alta,Marco de dominio de frecuencia para series temporales funcionales multiples via expansion Karhunen-Loeve dinamica marginal. PR4.,no,https://arxiv.org/pdf/2603.22719
288,Spline-based methods for functional data on multivariate domains,2024,10.1186/s13362-024-00153-w,none,alta,Metodos spline para FD en dominios multivariados; bases spline data-driven superan la eleccion rigida predefinida. PR1/PR2 directo.,no,https://mathematicsinindustry.springeropen.com/counter/pdf/10.1186/s13362-024-00153-w
294,Bootstrap based uncertainty bands for prediction in functional kriging,2017,10.1016/j.spasta.2017.06.005,none,media,Bandas de incertidumbre bootstrap para kriging funcional con B-splines; metodologia para prediccion espacial funcional.,si,https://arxiv.org/pdf/1505.06966
296,Functional additive quantile regression,2021,10.5705/ss.202018.0499,none,alta,"Regresion cuantilica aditiva funcional; scores de PC aproximados por B-splines, seleccion de componentes con SCAD. PR2/PR3.",no,https://scholars.cityu.edu.hk/en/publications/functional-additive-quantile-regression
298,Functional Parallel Factor Analysis for Functions of One- and Two-dimensional Arguments,2018,10.1007/s11336-017-9558-9,none,alta,Analisis paralelo de factores funcional que combina PARAFAC con expansion en bases (elementos finitos por partes). PR1.,no,https://link.springer.com/content/pdf/10.1007/s11336-017-9558-9.pdf
299,Wavelet thresholding on independent subspace factorizations of spatially indexed wide functional data for robust estimation of cortical activity,2025,10.1016/j.matcom.2025.01.012,none,media,"Umbralizacion wavelet (Daubechies, MODWT) sobre factorizaciones de subespacio; criterios de seleccion de coeficientes wavelet. PR4.",no,https://biblio.ugent.be/publication/01JJ6BRARH34SGVZZ73HCQGEWG
304,Unsupervised curve clustering using wavelets,2025,10.1007/s11634-024-00612-7,none,alta,Clustering de curvas con wavelets; compara explicitamente Fourier/polinomios/splines vs wavelets para curvas inhomogeneas. PR1/PR4.,no,https://lirias.kuleuven.be/retrieve/d7a3ef80-7445-4460-a51a-b334b14aa3ce
314,Bayesian multi-group functional factor models with parameter-expanded cumulative shrinkage priors,2026,10.1007/s10260-026-00861-0,none,alta,"Modelos de factores funcionales multigrupo bayesianos; bases B-spline comunes, prior de shrinkage acumulativo selecciona numero de factores. PR2/PR3.",no,https://doi.org/10.1007/s10260-026-00861-0
319,Functional PCA With Covariate-Dependent Mean and Covariance Structure,2022,10.1080/00401706.2021.2008502,none,alta,FPCA con media/covarianza dependiente de covariables (CD-FPCA); representacion en bases spline y roughness penalties. PR2.,no,https://arxiv.org/pdf/2001.11425
320,Forecasting the monthly retail sales of electricity based on the semi-functional linear model with autoregressive errors,2025,10.3934/math.2025074,none,alta,"Pronostico de ventas minoristas de electricidad con modelo semi-funcional lineal, errores AR, FPCA + splines. PR5/PR2.",no,http://www.aimspress.com/aimspress-data/math/2025/1/PDF/math-10-01-074.pdf
331,Bivariate densities in Bayes spaces: orthogonal decomposition and spline representation,2023,10.1007/s00362-022-01359-z,none,alta,Descomposicion ortogonal y representacion en splines (producto tensorial) para densidades bivariadas en espacios de Bayes. PR1.,no,https://arxiv.org/pdf/2012.12948
333,A data-adaptive dimension reduction for functional data via penalized low-rank approximation,2024,10.1007/s11222-023-10348-7,none,alta,"Reduccion de dimension adaptativa para FD via aproximacion de bajo rango penalizada; coeficientes de base, penalizacion L1, FPCA. PR1/PR3.",no,https://www.researchsquare.com/article/rs-2332073/latest.pdf
336,Efficient representation of supply and demand curves on day-ahead electricity markets,2021,10.21314/JEM.2020.218,none,alta,Representacion parsimoniosa de curvas de oferta/demanda en mercados electricos con aproximacion por funciones de base radial. PR5/PR1.,no,https://arxiv.org/pdf/2002.00507
348,FACTOR-AUGMENTED MODEL FOR FUNCTIONAL DATA,2024,10.5705/ss.202021.0223,none,alta,Modelo aumentado por factores para FD; aborda explicitamente la mala especificacion de bases de suavizado. PR1/PR3. Posible duplicado de id 2491/2495.,no,http://arxiv.org/pdf/2203.04602
352,Bayesian change point detection for functional data,2021,10.1016/j.jspi.2020.11.012,none,alta,"Deteccion bayesiana de puntos de cambio para FD via transformada wavelet discreta; PR4 (wavelets, no estacionariedad).",no,https://arxiv.org/pdf/1808.01236
358,"Generalization, combination and extension of functional clustering algorithms: The R package funcy",2018,10.18637/jss.v085.i09,none,alta,"Generalizacion de algoritmos de clustering funcional (paquete funcy); proyeccion sobre bases, modelos limitados a bases especificas. PR1/PR2.",no,https://www.jstatsoft.org/index.php/jss/article/view/v085i09/v85i09.pdf
360,Clustering of longitudinal curves via a penalized method and EM algorithm,2024,10.1007/s00180-023-01380-2,none,alta,"Clustering de curvas longitudinales con metodo penalizado y EM; regresion B-spline, FPCA, penalizaciones, seleccion de numero de grupos.",no,https://arxiv.org/pdf/1910.11258
364,A note on Herglotz's theorem for time series on function spaces,2020,10.1016/j.spa.2019.10.006,none,media,Teorema de Herglotz para series temporales en espacios funcionales; teoria de analisis en dominio de frecuencia y reduccion finito-dimensional optima. PR1/PR4.,no,https://cris.maastrichtuniversity.nl/en/publications/a43e3026-07bc-47cd-abf9-9c9e37c4d0ac
370,Functional time series forecasting: a systematic review,2025,10.1007/s00362-024-01645-y,none,alta,"Revision sistematica de pronostico de series temporales funcionales; cubre FAR, enfoques no parametricos, smoothing splines. PR4/PR5.",no,https://lirias.kuleuven.be/retrieve/4f818a2c-7b05-462d-969f-ffe3d535612a
371,Conditional bias robust estimation of the total of curve data by sampling in a finite population: An illustration on electricity load curves,2020,10.1093/jssam/smz009,none,media,"Estimacion robusta de totales de curvas de carga electrica con metodos funcionales robustos, wavelets, PCA esferica. PR5.",si,https://arxiv.org/pdf/1806.09949
373,Sieve bootstrapping the memory parameter in long-range dependent stationary functional time series,2023,10.1007/s10182-022-00463-7,none,alta,"Bootstrap sieve para parametro de memoria en series temporales funcionales de rango largo; FPCA, DFT, VAR, FARFIMA. PR4.",no,https://link.springer.com/content/pdf/10.1007/s10182-022-00463-7.pdf
376,Fast covariance estimation for sparse functional data,2018,10.1007/s11222-017-9744-8,none,alta,Estimacion rapida de covarianza para FD dispersos con splines penalizados bivariados y CV leave-one-subject-out. PR2/PR3.,no,https://link.springer.com/content/pdf/10.1007/s11222-017-9744-8.pdf
380,Multi-class classification of biomechanical data: A functional LDA approach based on multi-class penalized functional PLS,2020,10.1177/1471082X19871157,none,alta,"LDA funcional con PLS funcional penalizada multi-clase; roughness penalty, B-splines cubicos, compara penalizado vs no penalizado. PR2.",no,https://arxiv.org/pdf/2402.05194
384,A partial least squares approach for function-on-function interaction regression,2021,10.1007/s00180-020-01058-z,none,alta,"PLS para regresion de interaccion function-on-function; expansion en bases, equivalencia con PLS de coeficientes de base, seleccion de modelo. PR1/PR2.",no,https://arxiv.org/pdf/2012.05313
385,Sparse wavelet estimation in quantile regression with multiple functional predictors,2019,10.1016/j.csda.2018.12.002,none,alta,"Estimacion wavelet dispersa en regresion cuantilica funcional; discute las tres opciones de base funcional (B-spline, wavelet, FPC). PR1/PR4.",no,https://arxiv.org/pdf/1706.02353
391,Efficient Multidimensional Functional Data Analysis Using Marginal Product Basis Systems,2024,10.1080/10618600.2023.2257256,none,alta,"FDA multidimensional eficiente con sistemas de bases producto marginal separables, adaptadas optimamente a los datos, regularizacion por rugosidad. PR1.",no,https://arxiv.org/pdf/2107.14728
401,Sasaki metric for spline models of manifold-valued trajectories,2023,10.1016/j.cagd.2023.102220,none,media,"Splines de Bezier compuestas para trayectorias en variedades (Sasaki metric); representacion en bases y comparacion de enfoques spline, dominio geometrico.",si,https://arxiv.org/pdf/2303.17299
403,Bayesian functional graphical models with change-point detection,2025,10.1016/j.csda.2024.108122,none,alta,"Modelo grafico funcional bayesiano con deteccion de puntos de cambio; expansion en bases finita, prior de sparsity estructurado. PR1/PR4.",no,http://arxiv.org/pdf/2405.03041
412,ORDINAL PROBIT FUNCTIONAL OUTCOME REGRESSION WITH APPLICATION TO COMPUTER-USE BEHAVIOR IN RHESUS MONKEYS,2022,10.1214/21-AOAS1513,none,alta,"Regresion de resultado funcional ordinal (OPFOR); compara explicitamente B-splines penalizados, wavelets y O'Sullivan splines. PR2/PR4.",no,https://arxiv.org/pdf/1901.07976
416,On function-on-function regression: partial least squares approach,2020,10.1007/s10651-019-00436-1,none,alta,"Regresion function-on-function via PLS; base B-spline para convertir datos discretos, GCV para rugosidad, compara con metodos existentes. PR1/PR3.",no,https://arxiv.org/pdf/1912.06995
419,Clustering multiply imputed multivariate high-dimensional longitudinal profiles,2017,10.1002/bimj.201500027,none,media,Clustering de datos funcionales multivariados con datos faltantes via imputacion multiple + consenso; FPCA como paso integral. Limite E1.,si,https://lirias.kuleuven.be/retrieve/7d4d2c9d-2a18-4880-aad5-10b739f3ca0d
421,Multivariate Varying Coefficient Spatiotemporal Model,2024,10.1007/s12561-024-09419-8,none,alta,"Metodología FDA central confirmada en texto completo (introducción/conclusión), consistente con veredicto de Etapa 1",no,https://escholarship.org/content/qt6sf5h9nw/qt6sf5h9nw.pdf?t=sfbne1
423,Generalized Spatio-Temporal Regression with PDE Penalization,2023,10.1007/978-3-031-09034-9_4,none,alta,"Metodología FDA central confirmada en texto completo (introducción/conclusión), consistente con veredicto de Etapa 1",no,https://link.springer.com/content/pdf/10.1007/978-3-031-09034-9_4.pdf
426,Function-on-function regression models with nonlinear dynamic effect and linear concurrent effect,2025,10.1007/s11222-025-10578-x,none,alta,"Metodología FDA central confirmada en texto completo (introducción/conclusión), consistente con veredicto de Etapa 1",no,https://www.researchsquare.com/article/rs-5053327/latest.pdf
429,Smooth LASSO estimator for the Function-on-Function linear regression model,2022,10.1016/j.csda.2022.107556,none,alta,"Metodología FDA central confirmada en texto completo (introducción/conclusión), consistente con veredicto de Etapa 1",no,https://arxiv.org/pdf/2007.00529
430,Efficient Functional ANOVA Through Wavelet-Domain Markov Groves,2018,10.1080/01621459.2017.1286241,none,alta,"Metodología FDA central confirmada en texto completo (introducción/conclusión), consistente con veredicto de Etapa 1",no,https://arxiv.org/pdf/1602.03990
431,Statistical inference for partially shape-constrained function-on-scalar linear regression models,2025,10.1016/j.csda.2025.108200,none,alta,"Metodología FDA central confirmada en texto completo (introducción/conclusión), consistente con veredicto de Etapa 1",no,http://arxiv.org/pdf/2407.00859
432,Fast symmetric additive covariance smoothing,2018,10.1016/j.csda.2017.11.002,none,alta,"Metodología FDA central confirmada en texto completo (introducción/conclusión), consistente con veredicto de Etapa 1",no,https://arxiv.org/pdf/1609.07007
435,A simple method to construct confidence bands in functional linear regression,2020,10.5705/ss.202017.0208,none,alta,"Metodología FDA central confirmada en texto completo (introducción/conclusión), consistente con veredicto de Etapa 1",no,https://arxiv.org/pdf/1612.07490
438,ROBUST SMOOTHED CANONICAL CORRELATION ANALYSIS FOR FUNCTIONAL DATA,2022,10.5705/ss.202020.0084,none,alta,"Metodología FDA central confirmada en texto completo (introducción/conclusión), consistente con veredicto de Etapa 1",no,https://arxiv.org/pdf/2011.10576
440,"Modelling multi-scale, state-switching functional data with hidden Markov models",2022,10.1002/cjs.11673,none,alta,"Metodología FDA central confirmada en texto completo (introducción/conclusión), consistente con veredicto de Etapa 1",no,https://arxiv.org/pdf/2101.03268
443,Clustering nonstationary circadian rhythms using locally stationary wavelet representations,2018,10.1137/16M1108078,none,alta,"Metodología FDA central confirmada en texto completo (introducción/conclusión), consistente con veredicto de Etapa 1",no,https://arxiv.org/pdf/1607.08827
458,Graph-constrained analysis for multivariate functional data,2025,10.1016/j.jmva.2025.105428,none,alta,"Metodología FDA central confirmada en texto completo (introducción/conclusión), consistente con veredicto de Etapa 1",no,https://escholarship.org/content/qt7jq9g523/qt7jq9g523.pdf
461,Compositional splines for representation of density functions,2021,10.1007/s00180-020-01042-7,none,alta,"Metodología FDA central confirmada en texto completo (introducción/conclusión), consistente con veredicto de Etapa 1",no,https://arxiv.org/pdf/1905.06858
467,Simultaneous confidence corridors for mean functions in functional data analysis of imaging data,2020,10.1111/biom.13156,none,alta,"Metodología FDA central confirmada en texto completo (introducción/conclusión), consistente con veredicto de Etapa 1",no,https://arxiv.org/pdf/2106.02718
473,Principal Component Analysis for Distributions Observed by Samples in Bayes Spaces,2024,10.1007/s11004-024-10142-9,none,alta,"Metodología FDA central confirmada en texto completo (introducción/conclusión), consistente con veredicto de Etapa 1",no,https://doi.org/10.1007/s11004-024-10142-9
475,A Functional Regression Approach to Facial Landmark Tracking,2018,10.1109/TPAMI.2017.2745568,none,alta,"Metodología FDA central confirmada en texto completo (introducción/conclusión), consistente con veredicto de Etapa 1",no,https://arxiv.org/pdf/1612.02203
481,Penalized spline estimation of principal components for sparse functional data: Rates of convergence,2024,10.3150/23-BEJ1695,none,alta,"Metodología FDA central confirmada en texto completo (introducción/conclusión), consistente con veredicto de Etapa 1",no,https://arxiv.org/pdf/2402.05438
483,Multivariate functional clustering and its application to typhoon data,2019,10.1007/s41237-018-0066-8,none,alta,"Metodología FDA central confirmada en texto completo (introducción/conclusión), consistente con veredicto de Etapa 1",no,https://link.springer.com/content/pdf/10.1007/s41237-018-0066-8.pdf
486,Nonlinear Functional Modeling Using Neural Networks,2023,10.1080/10618600.2023.2165498,none,alta,"Metodología FDA central confirmada en texto completo (introducción/conclusión), consistente con veredicto de Etapa 1",no,https://arxiv.org/pdf/2104.09371
487,Statistical inference in functional semiparametric spatial autoregressive model,2021,10.3934/math.2021633,none,alta,"Metodología FDA central confirmada en texto completo (introducción/conclusión), consistente con veredicto de Etapa 1",no,https://doi.org/10.3934/math.2021633
498,Robust optimal estimation of location from discretely sampled functional data,2023,10.1111/sjos.12586,none,alta,"Metodología FDA central confirmada en texto completo (introducción/conclusión), consistente con veredicto de Etapa 1",no,https://arxiv.org/pdf/2008.00782
500,A comparison of tests for the one-way ANOVA problem for functional data,2015,10.1007/s00180-015-0555-0,none,alta,"Metodología FDA central confirmada en texto completo (introducción/conclusión), consistente con veredicto de Etapa 1",no,https://link.springer.com/content/pdf/10.1007/s00180-015-0555-0.pdf
502,Global sensitivity analysis for models with spatially dependent outputs,2011,10.1002/env.1071,none,alta,"Metodología FDA central confirmada en texto completo (introducción/conclusión), consistente con veredicto de Etapa 1",no,https://arxiv.org/pdf/0911.1189
510,Robust Classification of Functional and Quantitative Image Data Using Functional Mixed Models,2012,10.1111/j.1541-0420.2012.01765.x,none,alta,"Metodología FDA central confirmada en texto completo (introducción/conclusión), consistente con veredicto de Etapa 1",no,https://kar.kent.ac.uk/31315/1/FMM_Classification_July2011.pdf
518,Penalized solutions to functional regression problems,2007,10.1016/j.csda.2006.09.034,none,alta,"Metodología FDA central confirmada en texto completo (introducción/conclusión), consistente con veredicto de Etapa 1",no,https://www.ncbi.nlm.nih.gov/pmc/articles/2084351
519,Functional dynamic factor models with application to yield curve forecasting,2012,10.1214/12-AOAS551,none,alta,"Metodología FDA central confirmada en texto completo (introducción/conclusión), consistente con veredicto de Etapa 1",no,https://arxiv.org/pdf/1209.6172
544,A Bayesian Multivariate Functional Dynamic Linear Model,2017,10.1080/01621459.2016.1165104,none,alta,"Metodología FDA central confirmada en texto completo (introducción/conclusión), consistente con veredicto de Etapa 1",no,https://arxiv.org/pdf/1411.0764
551,A hierarchical model for aggregated functional data,2013,10.1080/00401706.2013.765316,none,alta,"Metodología FDA central confirmada en texto completo (introducción/conclusión), consistente con veredicto de Etapa 1",no,http://arxiv.org/pdf/1102.2773
555,Discriminative interpolation for classification of functional data,2015,10.1007/978-3-319-23528-8_2,none,alta,"Metodología FDA central confirmada en texto completo (introducción/conclusión), consistente con veredicto de Etapa 1",no,https://link.springer.com/content/pdf/10.1007/978-3-319-23528-8_2.pdf
559,Quantile regression when the covariates are functions,2005,10.1080/10485250500303015,none,alta,"Metodología FDA central confirmada en texto completo (introducción/conclusión), consistente con veredicto de Etapa 1",no,http://arxiv.org/pdf/math/0703056
566,A time-frequency functional model for locally stationary time series data,2009,10.1198/jcgs.2009.06109,none,alta,"Metodología FDA central confirmada en texto completo (introducción/conclusión), consistente con veredicto de Etapa 1",no,https://www.ncbi.nlm.nih.gov/pmc/articles/2836603
570,Grouped variable importance with random forests and application to multiple functional data analysis,2015,10.1016/j.csda.2015.04.002,none,alta,"Metodología FDA central confirmada en texto completo (introducción/conclusión), consistente con veredicto de Etapa 1",no,https://arxiv.org/pdf/1411.4170
588,Clustering functional data using wavelets,2013,10.1142/S0219691313500033,none,alta,"Metodología FDA central confirmada en texto completo (introducción/conclusión), consistente con veredicto de Etapa 1",no,https://arxiv.org/pdf/1101.4744
596,Fourier analysis of stationary time series in function space,2013,10.1214/13-AOS1086,none,alta,"Metodología FDA central confirmada en texto completo (introducción/conclusión), consistente con veredicto de Etapa 1",no,https://arxiv.org/pdf/1305.2073
598,Analysis of aggregated functional data from mixed populations with application to energy consumption,2017,10.1002/env.2414,none,alta,"Metodología FDA central confirmada en texto completo (introducción/conclusión), consistente con veredicto de Etapa 1",no,https://arxiv.org/pdf/1402.1740.pdf
606,Functional linear models for zero-inflated count data with application to modeling hospitalizations in patients on dialysis,2014,10.1002/sim.6241,none,alta,"Metodología FDA central confirmada en texto completo (introducción/conclusión), consistente con veredicto de Etapa 1",no,https://www.ncbi.nlm.nih.gov/pmc/articles/4221481
610,Study of Mexican free-tailed bat chirp syllables: Bayesian functional mixed models for nonstationary acoustic time series,2013,10.1080/01621459.2013.793118,none,alta,"Metodología FDA central confirmada en texto completo (introducción/conclusión), consistente con veredicto de Etapa 1",no,https://www.ncbi.nlm.nih.gov/pmc/articles/3755785
622,A flexible approach to Bayesian multiple curve fitting,2008,10.1016/j.csda.2008.05.008,none,alta,"Metodología FDA central confirmada en texto completo (introducción/conclusión), consistente con veredicto de Etapa 1",no,https://www.ncbi.nlm.nih.gov/pmc/articles/2994020
628,Spline confidence bands for functional derivatives,2012,10.1016/j.jspi.2012.01.009,none,alta,"Metodología FDA central confirmada en texto completo (introducción/conclusión), consistente con veredicto de Etapa 1",no,https://www.ncbi.nlm.nih.gov/pmc/articles/3298427
629,Likelihood ratio tests for dependent data with applications to longitudinal and functional data analysis,2014,10.1111/sjos.12075,none,alta,"Metodología FDA central confirmada en texto completo (introducción/conclusión), consistente con veredicto de Etapa 1",no,http://people.orie.cornell.edu/davidr/papers/pLRT.pdf
654,Fast covariance estimation for high-dimensional functional data,2016,10.1007/s11222-014-9485-x,none,alta,"Metodología FDA central confirmada en texto completo (introducción/conclusión), consistente con veredicto de Etapa 1",no,https://arxiv.org/pdf/1306.5718
655,Penalized function-on-function regression,2015,10.1007/s00180-014-0548-4,none,alta,"Metodología FDA central confirmada en texto completo (introducción/conclusión), consistente con veredicto de Etapa 1",no,https://biostats.bepress.com/cgi/viewcontent.cgi?article=1261&context=jhubiostat
657,Aggregated functional data model for near-infrared spectroscopy calibration and prediction,2015,10.1080/02664763.2014.938224,none,alta,"Metodología FDA central confirmada en texto completo (introducción/conclusión), consistente con veredicto de Etapa 1",no,http://arxiv.org/pdf/1310.4066
688,Warped functional regression,2015,10.1093/biomet/asu054,none,alta,"Metodología FDA central confirmada en texto completo (introducción/conclusión), consistente con veredicto de Etapa 1",no,http://arxiv.org/pdf/1203.1975.pdf
689,A geometric approach to maximum likelihood estimation of the functional principal components from sparse longitudinal data,2009,10.1198/jcgs.2009.08011,none,alta,"Metodología FDA central confirmada en texto completo (introducción/conclusión), consistente con veredicto de Etapa 1",no,http://arxiv.org/pdf/0710.5343
690,A note on functional linear regression,2009,10.1080/00949650701836765,none,alta,"Metodología FDA central confirmada en texto completo (introducción/conclusión), consistente con veredicto de Etapa 1",no,https://repositorio.uam.es/bitstream/10486/7108/1/40951_Baillo07.pdf
696,Simultaneous inference for the mean function based on dense functional data,2012,10.1080/10485252.2011.638071,none,alta,"Metodología FDA central confirmada en texto completo (introducción/conclusión), consistente con veredicto de Etapa 1",no,https://www.ncbi.nlm.nih.gov/pmc/articles/3365609
703,Spatio-temporal functional data analysis for wireless sensor networks data,2015,10.1002/env.2344,none,media,FPCA con suavizado espaciotemporal; solo boilerplate PMC visible,si,https://www.ncbi.nlm.nih.gov/pmc/articles/4493908
717,Restricted likelihood ratio tests for linearity in scalar-on-function regression,2015,10.1007/s11222-014-9473-1,none,alta,Metodologia central FDA (FGAM); prueba de linealidad en regresion funcional,no,https://arxiv.org/pdf/1310.5811
725,Sparse functional principal component analysis via regularized basis expansions and its application,2010,10.1080/03610918.2010.491586,none,alta,FPCA con bases gaussianas regularizadas y penalizacion explicita,no,https://catalog.lib.kyushu-u.ac.jp/opac_download_md/14687/MI2009-19.pdf
742,"Robust, adaptive functional regression in functional mixed model framework",2011,10.1198/jasa.2011.tm10370,none,alta,Modelo mixto funcional wavelet (WFMM) bayesiano robusto,no,https://kar.kent.ac.uk/31316/1/RFMM_JASA_revised_unblinded.pdf
744,Optimally weighted L2 distance for functional data,2014,10.1111/biom.12161,none,media,Distancia basada en representacion spline; solo boilerplate PMC visible,si,https://www.ncbi.nlm.nih.gov/pmc/articles/4652579
746,Identifying Differentially Expressed Genes for Time-course Microarray Data through Functional Data Analysis,2010,10.1007/s12561-010-9024-z,E4-exception,alta,Discusion sustantiva de bases ortogonales estimadas de los datos pese a dominio genomico,no,https://link.springer.com/content/pdf/10.1007/s12561-010-9024-z.pdf
755,A Bayesian regression model for multivariate functional data,2009,10.1016/j.csda.2009.03.026,none,media,Regresion bayesiana funcional multivariada; solo boilerplate PMC visible,si,https://www.ncbi.nlm.nih.gov/pmc/articles/5604261
758,Functional principal component analysis via regularized Gaussian basis expansions and its application to unbalanced data,2009,10.1016/j.jspi.2008.11.002,none,alta,FPCA con bases gaussianas regularizadas explicitas,no,https://catalog.lib.kyushu-u.ac.jp/opac_download_md/8726/2007-18.pdf
774,Regularized 3D functional regression for brain image data via Haar wavelets,2014,10.1214/14-AOAS736,E4-exception,alta,Regresion 3D regularizada con wavelets de Haar; discusion metodologica sustantiva de base,no,https://arxiv.org/pdf/1407.8401
778,Preprocessing of centred logratio transformed density functions using smoothing splines,2016,10.1080/02664763.2015.1103706,none,alta,Splines de suavizado para preprocesamiento de funciones de densidad,no,https://arxiv.org/pdf/1501.07047
780,A marginal approach to reduced-rank penalized spline smoothing with application to multilevel functional data,2013,10.1080/01621459.2013.826134,none,media,Suavizado spline penalizado de rango reducido; solo boilerplate PMC visible,si,https://www.ncbi.nlm.nih.gov/pmc/articles/3909538
782,Recent history functional linear models for sparse longitudinal data,2011,10.1016/j.jspi.2010.11.003,none,media,Modelo lineal funcional de ventana deslizante; solo boilerplate PMC visible,si,https://www.ncbi.nlm.nih.gov/pmc/articles/3117473
793,Dynamic retrospective regression for functional data,2015,10.1080/00401706.2013.879076,none,alta,Registro de curvas y splines de Hermite en regresion funcional dinamica,no,https://arxiv.org/pdf/1103.2486
813,3D face recognition by functional data analysis,2014,10.1007/978-3-319-12568-8_99,E4-exception,alta,Expansion explicita en bases funcionales para representar superficies 3D,no,https://link.springer.com/content/pdf/10.1007/978-3-319-12568-8_99.pdf
825,Semiparametric mixed models for nested repeated measures applied to ambulatory blood pressure monitoring data,2016,10.22237/jmasm/1462075980,none,baja,Posible modelo semiparametrico con splines; metodologia no visible en el extracto,si,https://digitalcommons.wayne.edu/cgi/viewcontent.cgi?article=1868&context=jmasm
844,Multichannel deconvolution with long-range dependence: A minimax study,2014,10.1016/j.jspi.2013.12.008,none,media,Estimador wavelet adaptativo minimax; teoria de bases wavelet relevante a PR4,no,https://arxiv.org/pdf/1305.0274
852,Common functional implied volatility analysis,2005,10.1007/3-540-27395-6_5,none,alta,Aplicacion financiera directa (PR5) con reduccion de dimensionalidad funcional,no,https://edoc.hu-berlin.de/bitstreams/86a439da-8e57-4143-aaef-a796a5dc6737/download
861,Corrected Confidence Bands for Functional Data Using Principal Components,2013,10.1111/j.1541-0420.2012.01808.x,none,media,Bandas de confianza via FPCA; solo boilerplate PMC visible,si,https://www.ncbi.nlm.nih.gov/pmc/articles/3962763
866,The analysis of two-way functional data using two-way regularized singular value decompositions,2009,10.1198/jasa.2009.tm08024,none,alta,Extension de FPCA con penalizacion y expansion en base explicita,no,http://stat.wharton.upenn.edu/%7Ebuja/PAPERS/RegSVD-Huang-Shen-Buja-2009JASA.pdf
867,Functional data analysis and characterisation of temperature and rainfall patterns in Peninsular Malaysia,2026,10.1007/s00477-025-03127-5,none,media,Suavizado y registro de curvas; abstract cortado antes de detallar la base usada,si,https://doi.org/10.1007/s00477-025-03127-5
868,Functional maximum-likelihood estimation of ARH(p) models,2010,10.1007/s00477-009-0306-2,none,media,Modelo ARH con descomposicion espectral/Fourier; paywall tras el resumen,si,https://link.springer.com/content/pdf/10.1007/s00477-009-0306-2.pdf
870,Assessing time-dependent association between scalp EEG and muscle activation: A functional random-effects model approach,2009,10.1016/j.jneumeth.2008.09.030,none,media,Modelo de efectos aleatorios funcionales; solo boilerplate PMC visible,si,https://www.ncbi.nlm.nih.gov/pmc/articles/2659537
873,Some pitfalls in application of functional data analysis approach to association studies,2016,10.1038/srep23918,E4-exception,alta,Discusion metodologica central sobre eleccion y tipo de funciones base,no,https://www.nature.com/articles/srep23918.pdf
875,IGS: An IsoGeometric approach for smoothing on surfaces,2016,10.1016/j.cma.2015.12.028,none,media,Suavizado con representacion NURBS; familia de base adyacente a las del protocolo,no,https://arxiv.org/pdf/1508.05214
876,Consistency of functional learning methods based on derivatives,2011,10.1016/j.patrec.2011.03.001,none,alta,Splines de suavizado y teoria de consistencia asintotica para FDA,no,https://arxiv.org/pdf/1105.0204
877,Functional Soft Sensor Based on Spectra Data for Predicting Multiple Quality Variables,2020,10.1109/ACCESS.2020.3018644,none,baja,Sensor funcional industrial; abstract y metodologia no visibles en extracto,si,https://ieeexplore.ieee.org/ielx7/6287639/8948470/09173659.pdf
879,Analysis of the functional regression problem of temperature on Ozone concentration,2024,10.1088/1742-6596/2813/1/012019,none,baja,Extraccion de texto de baja calidad (pagina con ruido de sugerencias); tema ambiental E4,si,https://doi.org/10.1088/1742-6596/2813/1/012019
884,Cubic spline for the functional treatment of the global solar radiation,2016,10.4067/S0718-07642016000200018,E4-exception,alta,Splines cubicos en espacio funcional normado; autores ecuatorianos (ESPOCH) relevante PR5,no,http://www.scielo.cl/pdf/infotec/v27n2/art18.pdf
885,First-passage-based boundary estimation in functional data,2026,10.1371/journal.pone.0348779,none,alta,Metodologia central de estimacion de frontera en FDA,no,https://journals.plos.org/plosone/article/file?id=10.1371/journal.pone.0348779&type=printable
889,Bayesian functional regression as an alternative statistical analysis of high-throughput phenotyping data of modern agriculture,2018,10.1186/s13007-018-0314-7,none,baja,Fetch devolvio pagina de inicio de la revista en vez del articulo; decision por titulo/etapa1,si,https://plantmethods.biomedcentral.com/track/pdf/10.1186/s13007-018-0314-7.pdf
890,Smoothing wind and rainfall data through functional data analysis technique,2015,10.11113/jt.v74.3011,E4-exception,alta,Keywords explicitas: basis function/roughness penalty/Fourier basis,no,https://doi.org/10.11113/jt.v74.3011
893,The effect of vaccine on COVID-19 spread by function-on-scalar regression model: a case study of Africa,2024,10.1007/s10389-023-01879-4,E4-exception,alta,Suavizado B-spline explicito para funcion-en-escalar bayesiana,no,https://link.springer.com/content/pdf/10.1007/s10389-023-01879-4.pdf
894,Use of Functional Data to Model the Trajectory of an Inertial Measurement Unit and Classify Levels of Motor Impairment for Stroke Patients,2022,10.1109/TNSRE.2022.3162416,none,media,FDA para extraer coeficientes de funcion como features; discusion de base no confirmada,si,https://ieeexplore.ieee.org/ielx7/7333/9695946/09741554.pdf
900,Functional principal component analysis for identifying the child growth pattern using longitudinal birth cohort data,2022,10.1186/s12874-022-01566-0,none,alta,FPCA como tecnica central del estudio longitudinal,no,https://bmcmedresmethodol.biomedcentral.com/track/pdf/10.1186/s12874-022-01566-0
901,Applications of functional data analysis: A systematic review,2013,10.1186/1471-2288-13-43,none,alta,Revision sistematica que tabula uso de B-spline/FPCA en la literatura; posible referencia clave para la sintesis,no,https://bmcmedresmethodol.biomedcentral.com/counter/pdf/10.1186/1471-2288-13-43
908,"""Rolled-upness"": Phenotyping leaf rolling in cereals using computer vision and functional data analysis approaches",2015,10.1186/s13007-015-0095-1,none,media,Uso de FDA para cuantificar curvatura; discusion de base no confirmada en el extracto,si,https://plantmethods.biomedcentral.com/counter/pdf/10.1186/s13007-015-0095-1
910,Trends in stratospheric ozone profiles using functional mixed models,2013,10.5194/acp-13-11473-2013,E4-exception,alta,Aproximacion explicita de perfiles mediante una base apropiada,no,https://acp.copernicus.org/articles/13/11473/2013/acp-13-11473-2013.pdf
918,Contrasting pre-vaccine COVID-19 waves in Italy through functional data analysis,2026,10.1038/s41598-025-29316-4,E4-exception,alta,Smoothing splines y registro de landmarks explicitos,no,https://doi.org/10.1038/s41598-025-29316-4
920,Nasal coarticulation in Bininj Kunwok: An aerodynamic analysis,2020,10.1017/S0025100318000282,none,baja,Sin abstract visible en el extracto; conexion FDA no confirmada,si,https://www.cambridge.org/core/services/aop-cambridge-core/content/view/2944AC2E645900B3D91698E6ABC8F085/S0025100318000282a.pdf/div-class-title-nasal-coarticulation-in-bininj-kunwok-an-aerodynamic-analysis-div.pdf
923,Spatial prediction of soil penetration resistance using functional geostatistics,2016,10.1590/0103-9016-2015-0113,E4-exception,alta,B-splines de 18 funciones explicitas para geoestadistica funcional,no,http://www.scielo.br/pdf/sa/v73n5/0103-9016-sa-73-5-0455.pdf
925,Penalized Partial Least Squares with applications to B-spline transformations and functional data,2008,10.1016/j.chemolab.2008.06.009,none,alta,Titulo confirma PLS penalizado con transformaciones B-spline (Kramer/Boulesteix/Tutz); texto extraido con errores de codificacion de fuente,si,https://arxiv.org/pdf/math/0608576
929,Unveiling air pollution patterns in Yemen: a spatial–temporal functional data analysis,2023,10.1007/s11356-023-25790-3,E4-exception,alta,Fourier y B-spline con GCV explicitos para suavizado,no,https://link.springer.com/content/pdf/10.1007/s11356-023-25790-3.pdf
935,Functional data analysis of sleeping energy expenditure,2017,10.1371/journal.pone.0177286,E4-exception,alta,Smoothing spline y FPCA como metodologia central pese a dominio medico,no,https://journals.plos.org/plosone/article/file?id=10.1371/journal.pone.0177286&type=printable
948,Uncovering regional climate patterns in Turkey using multivariate functional data analysis,2026,10.17714/gumusfenbil.1825537,E4-exception,alta,Expansion en base de Fourier con control de rugosidad y GCV explicitos,no,https://dergipark.org.tr/en/download/article-file/5428588
958,Utilizing BIC for the intelligent selection of functional data with principal components,2024,10.1088/1742-6596/2898/1/012011,none,alta,Seleccion de dimension/modelo via BIC en FPCA; relevante PR2/PR3,no,https://doi.org/10.1088/1742-6596/2898/1/012011
959,Exploring functional data analysis and wavelet principal component analysis on ecstasy (MDMA) wastewater data,2016,10.1186/s12874-016-0179-2,none,alta,Comparacion directa Fourier vs B-spline vs wavelet en FPCA; muy relevante para PR2/PR4,no,https://bmcmedresmethodol.biomedcentral.com/track/pdf/10.1186/s12874-016-0179-2
963,Trajectories of mHealth-Tracked Mental Health and Their Predictors in Female Chronic Pelvic Pain Disorders,2025,10.2147/JPR.S499102,none,baja,Sin mencion explicita de FDA en el extracto disponible; posible falso positivo,si,https://www.dovepress.com/article/download/100592
964,High resolution temperature forecasting using functional time series decomposition and advanced predictive models,2026,10.1038/s41598-026-40796-w,none,alta,Descomposicion de series temporales funcionales; relevante PR4/PR5,no,https://www.nature.com/articles/s41598-026-40796-w_reference.pdf
966,A multi-country comparison of stochastic models of breast cancer mortality with P-splines smoothing approach,2020,10.1186/s12874-020-01187-5,E4-exception,alta,P-splines explicitos comparados contra modelos Lee-Carter,no,https://bmcmedresmethodol.biomedcentral.com/track/pdf/10.1186/s12874-020-01187-5
970,Penalized functional regression using R package PFLR,2025,10.1080/02664763.2025.2457011,none,alta,"Metodología central de regresión funcional penalizada (paquete R), discute expansión en bases B-spline/P-spline.",no,https://pmc.ncbi.nlm.nih.gov/articles/PMC12424440/
972,Adaptive LASSO estimation for functional hidden dynamic geostatistical models,2023,10.1007/s00477-023-02466-5,none,media,Selección de modelo para datos geoestadísticos funcionales; discusión de base no clara en el extracto.,si,https://link.springer.com/content/pdf/10.1007/s00477-023-02466-5.pdf
979,A prediction interval for a function-valued forecast model: Application to load forecasting,2016,10.1016/j.ijforecast.2015.09.001,none,alta,"Modelo de pronóstico funcional basado en base wavelet+kernel, discute representación explícitamente.",no,https://arxiv.org/pdf/1412.4222
982,Quantile-based Clustering for Functional Data via Modelling Functional Principal Components Scores,2023,10.1088/1742-6596/2449/1/012016,none,alta,"Clustering funcional vía scores de FPCA, metodología central de representación.",no,https://doi.org/10.1088/1742-6596/2449/1/012016
986,A comparison of clustering approaches for the study of the temporal coherence of multiple time series,2015,10.1007/s00477-014-0931-2,none,media,Comparación de clustering funcional (uno basado en wavelets) vs modelo de espacio de estados.,si,https://link.springer.com/content/pdf/10.1007/s00477-014-0931-2.pdf
995,Functional data geometric morphometrics with machine learning for craniodental shape classification in shrews,2024,10.1038/s41598-024-66246-z,none,media,"Morfometría geométrica funcional; posible discusión de base en Métodos, no visible en el extracto.",si,https://doi.org/10.1038/s41598-024-66246-z
996,Comparison of functional and discrete data analysis regimes for Raman spectra,2021,10.1007/s00216-021-03360-1,none,alta,"Comparación explícita de régimen funcional vs discreto para espectros Raman, alto contenido de FPCA/bases.",no,https://link.springer.com/content/pdf/10.1007/s00216-021-03360-1.pdf
1012,Parametric and Semiparametric Approaches to Analyzing Device-Based Measures of Energy Expenditure in Zucker Diabetic Fatty Rats,2023,10.31083/j.fbl2802030,none,media,"Compara enfoques paramétrico/semiparamétrico (B-splines, nudos) pese a ser en ratas; discusión sustantiva de suavizado.",si,https://www.imrpress.com/journal/FBL/28/2/10.31083/j.fbl2802030/pdf
1020,Some Paradoxical Perspectives on Approaches and Structures in Functional Data Analysis,2025,10.35378/gujs.1587357,none,media,Discusión general de estructuras y enfoques en FDA.,no,https://dergipark.org.tr/en/download/article-file/4375614
1024,Mixture model-based functional discriminant analysis for curve classification,2012,10.1109/IJCNN.2012.6252818,none,alta,"Análisis discriminante funcional basado en mixturas, metodología general de clasificación de curvas.",no,https://arxiv.org/pdf/1312.7018
1044,Region-based association test for familial data under functional linear models,2015,10.1371/journal.pone.0128999,none,alta,"Test de asociación genética con modelos lineales funcionales, discusión sustantiva de bases B-spline/Fourier.",no,https://journals.plos.org/plosone/article/file?id=10.1371/journal.pone.0128999&type=printable
1049,Model-based functional mixture discriminant analysis with hidden process regression for curve classification,2013,10.1016/j.neucom.2012.10.030,none,alta,"Análisis discriminante funcional por mixturas con cambios de régimen, metodología general.",no,https://arxiv.org/pdf/1312.6966
1050,Statistical evaluation of waveform collapse reveals scale-free properties of neuronal avalanches,2016,10.3389/fncom.2016.00029,none,media,"Colapso de forma de onda en avalanchas neuronales; algo de contenido de base Fourier/PC, dominio neurociencia.",si,https://www.frontiersin.org/articles/10.3389/fncom.2016.00029/pdf
1052,Nonlinear Fault Detection of Batch Processes Using Functional Local Kernel Principal Component Analysis,2020,10.1109/ACCESS.2020.3004564,none,media,"Detección de fallas en procesos batch vía FPCA kernel, contenido sustantivo de PC pese a dominio industrial.",si,https://ieeexplore.ieee.org/ielx7/6287639/8948470/09123888.pdf
1053,Adaptive basis functions for prototype-based classification of functional data,2020,10.1007/s00521-019-04299-2,none,alta,"Funciones de base adaptativas para clasificación basada en prototipos, metodología central de bases.",no,https://link.springer.com/content/pdf/10.1007/s00521-019-04299-2.pdf
1073,Representation of functional data in neural networks,2005,10.1016/j.neucom.2004.11.012,none,alta,"Representación de datos funcionales en redes neuronales, tema central PR1/PR2.",no,https://arxiv.org/pdf/0709.3641
1077,Dynamic principal component regression for forecasting functional time series in a group structure,2020,10.1080/03461238.2019.1663553,none,media,"Regresión dinámica por componentes principales para pronóstico de mortalidad; alto contenido FPCA, dominio demográfico/actuarial.",si,https://arxiv.org/pdf/1909.00456
1082,Uniform in number of neighbors consistency and weak convergence of kNN empirical conditional processes and kNN conditional U-processes involving functional mixing data,2024,10.3934/math.2024218,none,alta,"Teoría de consistencia kNN para procesos condicionales funcionales, metodología general sin dominio aplicado ajeno.",no,http://www.aimspress.com/aimspress-data/math/2024/2/PDF/math-09-02-218.pdf
1085,funBIalign: a hierachical algorithm for functional motif discovery based on mean squared residue scores,2025,10.1007/s11222-024-10537-y,none,media,Algoritmo general de descubrimiento de motivos funcionales (funBIalign).,si,https://link.springer.com/content/pdf/10.1007/s11222-024-10537-y.pdf
1088,Detection of a structural break in intraday volatility pattern,2024,10.1016/j.spa.2024.104426,none,alta,"Detección de quiebre estructural en volatilidad intradía, aplicación financiera directa (PR4/PR5).",no,https://centaur.reading.ac.uk/116941/1/cpsvSPA_accepted.pdf
1091,ANALYZING THE IMPACT OF BREXIT ON GLOBAL UNCERTAINTY USING FUNCTIONAL LINEAR REGRESSION WITH POINT OF IMPACT: THE ROLE OF CURRENCY AND EQUITY MARKETS,2022,10.1142/S0217590820460029,none,alta,"Test de ruido blanco funcional basado en densidad espectral, metodología teórica general.",no,https://repository.up.ac.za/bitstream/2263/91311/1/Mangisa_Analyzing_2022.pdf
1092,A general white noise test based on kernel lag-window estimates of the spectral density operator,2020,10.1016/j.ecosta.2019.01.003,none,alta,"Test de ruido blanco general basado en operador de densidad espectral, metodología teórica general.",no,https://arxiv.org/pdf/1803.09501
1094,An application of functional data analysis to local damage detection,2019,10.21307/stattrans-2019-008,none,media,"Detección de daño local vía FDA con wavelets/FPCA en señales de vibración, dominio industrial con señal moderada de base.",si,https://doi.org/10.21307/stattrans-2019-008
1095,Using extracted forward rate term structure information to forecast foreign exchange rates,2019,10.1016/j.jempfin.2019.05.002,none,alta,"Pronóstico de tipo de cambio vía FPCA de estructura de tasas forward, aplicación financiera directa (PR5).",no,https://pureadmin.qub.ac.uk/ws/files/168523022/FX_FWDS_JEF_R_R_FM_FK_MC_MOTIVE_FK_MC.pdf
1097,Forecasting functional time series using weighted likelihood methodology,2019,10.1080/00949655.2019.1650935,none,alta,"Pronóstico de series temporales funcionales vía verosimilitud ponderada, metodología general.",no,https://arxiv.org/pdf/1908.00336
1099,Adaptive smoothing to identify spatial structure in global lake ecological processes using satellite remote sensing data,2022,10.1016/j.spasta.2022.100615,none,media,"Suavizado adaptativo (P-splines, nudos) en ecología de lagos; discusión sustantiva de suavizado pese a dominio ambiental.",si,https://eprints.gla.ac.uk/263538/2/263538.pdf
1103,Generalized regression estimation for continuous time processes with values in functional spaces,2021,10.14712/1213-7243.2022.003,none,media,"Estimación de regresión para procesos de tiempo continuo en espacios funcionales; sin resumen disponible, extracto limitado.",si,http://dml.cz/bitstream/handle/10338.dmlcz/149370/CommentatMathUnivCarolRetro_62-2021-4_7.pdf
1104,"Bayesian nonparametric functional mixture estimation for time-series data, with application to estimation of state employment totals",2019,10.1093/jssam/smy001,none,alta,"Mixtura funcional bayesiana aplicada a totales de empleo estatal, aplicación económica/laboral directa (PR5).",no,https://arxiv.org/pdf/1508.00615
1108,A Comparison of Hurst Exponent Estimators in Long-range Dependent Curve Time Series,2020,10.1515/jtse-2019-0009,none,alta,"Estimadores del exponente de Hurst en series de curvas de largo alcance, metodología teórica general.",no,https://arxiv.org/pdf/2003.08787
1111,Modeling Temporal Variation in Physical Activity Using Functional Principal Components Analysis,2019,10.1007/s12561-019-09237-3,none,media,FPCA para actividad física vía acelerómetros; alto contenido de PC pese a dominio salud.,si,https://link.springer.com/content/pdf/10.1007/s12561-019-09237-3.pdf
1113,Functional Clustering of Discount Functions for Behavioural Investor Profiling,2026,10.1002/asmb.70101,none,alta,"Clustering funcional de funciones de descuento para perfilamiento conductual de inversores, aplicación financiera (PR5).",no,https://arxiv.org/pdf/2410.16307
1115,Functional time series approach to analyzing asset returns co-movements,2022,10.1016/j.jeconom.2020.11.012,none,alta,"Series temporales funcionales para co-movimientos de retornos de activos, aplicación financiera directa (PR5).",no,https://orca.cardiff.ac.uk/id/eprint/139818/
1122,MULTIPLE CHANGE POINT DETECTION IN FUNCTIONAL DATA WITH APPLICATIONS TO BIOMECHANICAL FATIGUE DATA,2024,10.1214/24-AOAS1926,none,media,"Detección de múltiples puntos de cambio, método general ilustrado en datos biomecánicos.",si,https://arxiv.org/pdf/2312.11108
1126,Optimal dimension reduction for high-dimensional and functional time series,2018,10.1007/s11203-018-9172-1,none,alta,"Reducción de dimensión óptima para series temporales funcionales de alta dimensión (Karhunen-Loève), metodología teórica general.",no,http://hdl.handle.net/2013/ULB-DIPOT:oai:dipot.ulb.ac.be:2013/260201
1130,Parameter regimes in partial functional panel regression,2019,10.1016/j.ecosta.2018.05.003,none,media,"Regímenes de parámetros en regresión funcional panel parcial, econometría funcional general.",no,https://arxiv.org/pdf/1709.05786
1132,Functional principal component analysis for derivatives of multivariate curves,2018,10.5705/ss.202017.0199,none,alta,"FPCA para derivadas de curvas multivariadas, metodología central.",no,http://hdl.handle.net/1765/110942
1143,Functional mixtures-of-experts,2024,10.1007/s11222-023-10379-0,none,alta,"Mixturas de expertos funcionales, metodología general de predicción sobre series/funciones.",no,https://link.springer.com/content/pdf/10.1007/s11222-023-10379-0.pdf
1149,Monotone-constrained functional component analysis for forward risk-accumulation curves with Leak-Free temporal validation and regime classification,2026,10.3934/DSFE.2026012,none,alta,"FPCA con restricción monótona para curvas de riesgo-acumulación, alto contenido FPCA, aplicación financiera/riesgo (PR5).",no,http://www.aimspress.com/aimspress-data/dsfe/2026/2/PDF/DSFE-06-02-012.pdf
1155,Functional regression models for South African economic indicators: a growth curve perspective,2019,10.1111/opec.12148,none,alta,"Modelos de regresión funcional para indicadores económicos sudafricanos, aplicación económica directa (PR5).",no,http://eprints.gla.ac.uk/180711/7/180711.pdf
1161,Functional lagged regression with sparse noisy observations,2020,10.1111/jtsa.12551,none,alta,"Regresión funcional rezagada con observaciones ruidosas dispersas, metodología teórica general.",no,https://arxiv.org/pdf/1905.07218
1168,Spatiooral functional neural networks,2020,10.1109/DSAA49011.2020.00020,none,media,"Redes neuronales funcionales espacio-temporales, metodología general de aprendizaje automático.",no,https://arxiv.org/pdf/2009.05665
1188,Nonparametric multifunctional GARCH time series data analysis: Application to dynamic forecasting in financial data,2025,10.3934/math.20251163,none,alta,"GARCH multifuncional no paramétrico para pronóstico financiero, coincide directamente con PR4/PR5 (funcional ARCH/GARCH).",no,http://www.aimspress.com/aimspress-data/math/2025/11/PDF/math-10-11-1163.pdf
1197,Clustering Brain Signals: a Robust Approach Using Functional Data Ranking,2021,10.1007/s00357-020-09382-1,none,media,"Clustering de señales EEG vía ranking funcional, contenido wavelet relevante pese a dominio neurociencia.",si,https://arxiv.org/pdf/2007.14078
1201,Evaluating a Stock Market Pairs Trading Strategy Using a Dependent Functional Data Cointegration Method,2025,10.7441/joc.2025.04.08,none,media,Estrategia de pares via cointegracion funcional en mercados bursatiles; aplicacion financiera central (PR5).,si,https://doi.org/10.7441/joc.2025.04.08
1207,Bayesian Testing of Granger Causality in Functional Time Series,2022,10.1007/s40953-022-00306-x,none,media,"Modelo autorregresivo funcional multivariado con FPCA, aplicado a curvas de rendimiento US/UK; aplicacion financiera (PR5).",no,https://arxiv.org/pdf/2112.15315
1215,Scalable multiple changepoint detection for functional data sequences,2022,10.1002/env.2710,none,media,Deteccion de multiples puntos de cambio en secuencias funcionales via proyecciones y fused lasso; relevante a procesos no estacionarios (PR4).,si,https://arxiv.org/pdf/2008.01889
1251,Bayesian estimation of the functional spatial lag model,2020,10.1515/jtse-2019-0047,none,media,Modelo espacial funcional (spatial lag) bayesiano; compara FSLM vs modelo lineal funcional; aplicacion a desempleo/analfabetismo (socioeconomico).,no,https://arxiv.org/pdf/1908.02739
1261,Nonstationary fractionally integrated functional time series,2023,10.3150/22-BEJ1508,none,alta,"FTS fraccionalmente integradas no estacionarias; FPCA del operador de varianza, criterio de ratio para dimension del subespacio dominante; curvas de precios intradia (PR2,PR3,PR4,PR5).",no,https://eprints.whiterose.ac.uk/id/eprint/186577/1/LRS_Bernoulli_2022.pdf
1264,Change-Point Detection and Its Modern Applications,2026,10.1146/annurev-statistics-041124-044143,none,media,Revision de deteccion de puntos de cambio; una seccion trata estimacion de discontinuidad para datos funcionales con saltos abruptos (PR4). Solo parcialmente en tema; regla de duda.,si,https://doi.org/10.1146/annurev-statistics-041124-044143
1271,A Non-linear Function-on-Function Model for Regression with Time Series Data,2020,10.1109/BigData50022.2020.9378087,none,media,"Modelo funcion-sobre-funcion no lineal con red neuronal, generaliza modelo lineal funcional; series de tiempo, aplicacion industrial. Centralidad de base incierta (cuerpo omitido).",si,https://arxiv.org/pdf/2011.12378
1272,Real-time estimation for functional stochastic regression models,2020,10.1080/00949655.2020.1746786,none,media,Regresion estocastica funcional heterocedastica: estimacion en tiempo real de operadores de regresion y de varianza condicional; conecta con volatilidad funcional (PR4).,si,https://orbi.uliege.be/handle/2268/255966
1278,Long-Range Dependent Curve Time Series,2020,10.1080/01621459.2019.1604362,none,alta,"Series de curvas con dependencia de largo alcance; FPCA para funciones ortonormales del subespacio dominante; aplicacion a retornos bursatiles intradia (PR2,PR5).",no,https://eprints.whiterose.ac.uk/144904/1/LRS_JASA.pdf
1286,A note on quadratic forms of stationary functional time series under mild conditions,2020,10.1016/j.spa.2019.12.002,none,media,Formas cuadraticas de FTS estacionarias y densidad espectral; discute representacion finito-dimensional optima y Karhunen-Loeve del operador de covarianza (PR2). Teorico.,si,https://arxiv.org/pdf/1905.13186
1301,Intraday forecasts of a volatility index: functional time series methods with dynamic updating,2019,10.1007/s10479-018-3108-4,none,alta,"Pronosticos intradia del indice de volatilidad VIX via FTS con actualizacion dinamica; aplicacion financiera de volatilidad (PR4,PR5).",no,https://pure.qub.ac.uk/en/publications/5ae2c9ea-eef4-48f1-b9bb-3335710bf464
1305,Graphical Principal Component Analysis of Multivariate Functional Time Series,2024,10.1080/01621459.2024.2302198,none,alta,"PCA grafico y FPCA dinamico para FTS multivariadas; separabilidad debil dinamica, reduccion de dimension; aporte metodologico FPCA sustancial (PR2).",no,https://arxiv.org/pdf/2401.06990
1313,Forecasting day-ahead electric power prices with functional data analysis,2025,10.3389/fenrg.2025.1477248,none,alta,"Pronostico de precios electricos dia-adelante via FDA; serie economica volatil no estacionaria, compara modelos funcionales vs tradicionales (PR4,PR5).",no,https://doi.org/10.3389/fenrg.2025.1477248
1330,Time-Varying Functional Principal Components for Non-Stationary EpCO 2 in Freshwater Systems,2022,10.1007/s13253-022-00494-2,none,media,"FPCA variante en el tiempo en dominio de frecuencia para FTS no estacionarias con inferencia asociada; desarrollo metodologico FPCA real (PR2,PR4). Etapa1 dijo E4.",si,https://link.springer.com/content/pdf/10.1007/s13253-022-00494-2.pdf
1332,Statistical inference for high-dimensional panel functional time series,2023,10.1093/jrsssb/qkad015,none,alta,Inferencia para FTS panel de alta dimension; adopta explicitamente descomposicion en bases de datos funcionales; bandas de confianza simultaneas (I1a).,no,https://arxiv.org/pdf/2003.05968
1336,Forecasting High-Dimensional Functional Time Series: Application to Sub-National Age-Specific Mortality,2024,10.1080/10618600.2024.2319166,none,media,Pronostico de FTS de alta dimension via FANOVA de dos vias + FPCA; aplicacion a mortalidad pero metodologia FPCA sustancial con seleccion de componentes (PR2).,no,https://arxiv.org/pdf/2305.19749
1347,Forecasting the Colombian electricity spot price under a functional approach,2021,10.32479/ijeep.10607,none,alta,"Pronostico del precio spot de electricidad colombiana via enfoque funcional; serie economica volatil, contexto latinoamericano (PR5). El fetch trajo el PDF equivocado; decision por titulo.",si,https://doi.org/10.32479/ijeep.10607
1355,A flexible spatial autoregressive modelling framework for mixed covariates of multiple data types,2021,10.1080/03610918.2019.1626885,none,media,"Modelo autorregresivo espacial (SAR) con covariables funcionales; estimacion basada en FPCA; contexto econometrico espacial / economias regionales (PR2,PR5).",si,http://arxiv.org/pdf/1811.02809
1363,Detecting changes in the covariance structure of functional time series with application to fMRI data,2021,10.1016/j.ecosta.2020.04.004,none,media,"Deteccion de cambios en covarianza de FTS via reduccion de dimension vs estructura funcional completa; discute compromiso de proyeccion/dimension (PR2,PR4). Econometrics and Statistics. Etapa1 dijo E4.",si,https://arxiv.org/pdf/1903.00288
1377,The effect of global crises on stock market correlations: Evidence from scalar regressions via functional data analysis,2019,10.1016/j.strueco.2019.05.007,none,alta,"Efecto de crisis globales en correlaciones bursatiles via regresiones escalares con FDA (datos desde 1800s); aplicacion financiera, crisis/volatilidad (PR4,PR5). Revisor lo incluyo en Etapa 1.",no,https://repository.up.ac.za/bitstream/2263/70743/1/Das_Effect_2019.pdf
1383,Change point analysis of covariance functions: A weighted cumulative sum approach,2022,10.1016/j.jmva.2021.104877,none,media,"Analisis de puntos de cambio de funciones de covarianza via CUSUM ponderado (Horvath, Rice); estructura de covarianza central a FPCA/representacion + no estacionariedad (PR2,PR4).",no,https://kar.kent.ac.uk/95053/1/1g.%20Change%20point%20analysis%20JMVA_accept.pdf
1404,Is the Group Structure Important in Grouped Functional Time Series?,2022,10.6339/21-JDS1031,none,media,"Estructura de grupos en FTS agrupadas; FPCA dinamico multivariado, funcion de covarianza de largo plazo, reconciliacion de pronosticos (PR2). Aplicacion mortalidad, metodologia FPCA central.",no,https://jds-online.org/journal/JDS/article/1265/file/pdf
1408,Asynchronous Changepoint Estimation for Spatially Correlated Functional Time Series,2023,10.1007/s13253-022-00519-w,none,media,Estimacion bayesiana de puntos de cambio asincronos en FTS espacialmente correlacionadas; deteccion de cambio relevante a no estacionariedad (PR4). Extracto parcial (pagina de editor).,si,https://link.springer.com/content/pdf/10.1007/s13253-022-00519-w.pdf
1417,Multi-country clustering-based forecasting of healthy life expectancy,2023,10.1007/s11135-022-01611-6,none,baja,Pronostico de esperanza de vida saludable multi-pais via clustering funcional; aplicacion salud/demografia. Extracto es pagina de vista previa de editor; evaluacion limitada.,si,https://link.springer.com/content/pdf/10.1007/s11135-022-01611-6.pdf
1419,On the Use of Yeo-Johnson Transformation in the Functional Multivariate Time Series,2025,10.19139/soic-2310-5070-1569,none,media,"Transformaciones Box-Cox/Yeo-Johnson para pronostico de series funcionales multivariadas; KNN funcional con seleccion de ancho de banda por validacion cruzada, PCA (PR3).",si,http://www.iapress.org/index.php/soic/article/download/1569/1324
1420,Nonstationary Functional Time Series Forecasting,2025,10.1002/for.3241,none,alta,"Pronostico de FTS no estacionarias via primera diferencia, covarianza de largo plazo, eigendescomposicion en FPCs y seleccion de dimension (PR2,PR3,PR4). Metodologia FPCA central.",no,http://arxiv.org/pdf/2411.12423
1425,A robust functional time series forecasting method,2019,10.1080/00949655.2019.1572146,none,media,"Metodo robusto de pronostico de FTS; maneja atipicos en curvas, probablemente FPCA robusto (PR2). Ejemplo de ozono es solo ilustracion.",si,https://arxiv.org/pdf/1901.06030
1426,Functional Time Series Prediction Under Partial Observation of the Future Curve,2023,10.1080/01621459.2021.1929248,none,media,"Prediccion de FTS bajo observacion parcial de la curva futura; metodologia FTS (Aue), probablemente representacion FPCA/base de las curvas (PR2).",si,https://arxiv.org/pdf/1906.00281
1429,Detecting a structural change in functional time series using local Wilcoxon statistic,2019,10.1007/s00362-017-0891-y,none,media,"Deteccion de cambio estructural en FTS via estadistico local de Wilcoxon; motivacion explicita en economia y finanzas empiricas (PR4,PR5). Statistical Papers.",si,https://arxiv.org/pdf/1604.03776
1431,Functional singular spectrum analysis,2021,10.1002/sta4.330,none,media,"Analisis espectral singular funcional (SSA funcional): descomposicion de FTS via operador de trayectoria y SVD; metodo de representacion/descomposicion de datos funcionales (PR1,PR2).",no,https://arxiv.org/pdf/1906.05232
1437,Change-Point Detection for Object-Valued Time Series,2026,10.1080/07350015.2025.2520862,none,media,"Deteccion de puntos de cambio para series de objetos en espacios metricos (media/varianza de Frechet); datos funcionales como caso especial, contexto econometrico (PR4).",si,https://arxiv.org/pdf/2606.00858
1444,Forecasting health expenses using a functional data model,2020,10.1017/S1748499519000046,none,media,Modelo de datos funcionales para pronostico de gastos de salud (datos actuariales alemanes); aplicacion financiera-actuarial (PR5). Discusion de base incierta (cuerpo omitido).,si,https://www.cambridge.org/core/services/aop-cambridge-core/content/view/FB38EDEA192BB7FA365687AAEE1856FB/S1748499519000046a.pdf/div-class-title-forecasting-health-expenses-using-a-functional-data-model-div.pdf
1446,Functional analysis of long-run ESG trajectories across world regions,2026,10.1057/s41599-026-07574-5,none,media,Analisis funcional de trayectorias ESG de largo plazo por region (12 indicadores del Banco Mundial como FTS 1991-2018); aplicacion socioeconomica/desarrollo (PR5).,si,https://www.nature.com/articles/s41599-026-07574-5_reference.pdf
1450,Combining unsupervised and supervised learning techniques for enhancing the performance of functional data classifiers,2024,10.1007/s00180-022-01259-8,none,media,"Combinacion de aprendizaje supervisado y no supervisado para clasificadores de datos funcionales; metodologia FDA (Computational Statistics), representacion de curvas via base/FPCA probable.",si,https://link.springer.com/content/pdf/10.1007/s00180-022-01259-8.pdf
1463,Testing Separability of Functional Time Series,2018,10.1111/jtsa.12302,none,alta,Contraste de separabilidad de FTS (covarianza factoriza en tiempo x coordenada); Kokoszka y Reimherr; sobre estructura de covarianza y supuestos de representacion (PR2).,no,https://arxiv.org/pdf/1801.05466
1469,Understanding return variation in crypto assets: a functional ANOVA approach,2026,10.1057/s41599-026-07091-5,none,alta,Variacion de retornos en criptoactivos via FANOVA funcional; log-retornos mensuales de 20 criptos suavizados en trayectorias continuas; aplicacion financiera con suavizado de curvas (PR5).,no,https://www.nature.com/articles/s41599-026-07091-5_reference.pdf
1472,Aggregating multiple types of complex data in stock market prediction: A model-independent framework,2019,10.1016/j.knosys.2018.10.035,none,media,Prediccion del mercado bursatil agregando multiples tipos de datos complejos; aplicacion financiera (PR5). Centralidad de FDA incierta desde el extracto.,si,https://arxiv.org/pdf/1805.05617
1479,Forecasting the Term Structure of Interest Rates of the BRICS: Evidence from a Nonparametric Functional Data Analysis,2021,10.1080/1540496X.2020.1808458,none,alta,Pronostico de la estructura temporal de tasas de interes de los BRICS via FDA no parametrica; curvas de rendimiento diarias; aplicacion financiera clasica (PR5).,no,https://repository.up.ac.za/bitstream/2263/79955/1/Caldeira_Forecasting_2021.pdf
1480,HOW FUNCTIONAL DATA CAN ENHANCE THE ESTIMATION OF HEALTH EXPECTANCY: THE CASE OF DISABLED Spanish POPULATION,2019,10.1017/asb.2018.34,none,media,"Como los datos funcionales mejoran la estimacion de esperanza de vida saludable (poblacion discapacitada espanola); contexto actuarial, encuadre metodologico sobre el aporte funcional.",si,https://ebuah.uah.es/dspace/bitstream/10017/59167/3/how_albarran_ABTJI_2019.pdf
1486,FORECASTING MULTIPLE FUNCTIONAL TIME SERIES in A GROUP STRUCTURE: AN APPLICATION to MORTALITY,2020,10.1017/asb.2020.3,none,media,"Pronostico de multiples FTS en estructura de grupos via FPCA y reconciliacion de pronosticos; aplicacion mortalidad subnacional, metodologia FTS/FPCA sustancial (PR2).",no,https://arxiv.org/pdf/2001.03658
1500,Functional time series forecasting of distributions: A Koopman-Wasserstein approach,2026,10.1007/s41237-025-00278-1,none,alta,"Metodo FDA/espectral para pronostico de distribuciones (DPDD, Koopman-Wasserstein), central a PR1/PR2",no,https://link.springer.com/content/pdf/10.1007/s41237-025-00278-1.pdf
1503,Functional approach for Two Way Dimension Reduction in Time Series,2022,10.1109/BigData55660.2022.10020482,none,alta,"Reduccion de dimension funcional (FPCA/autoencoder funcional) para series temporales, PR1/PR2",no,http://arxiv.org/pdf/2301.00357
1508,Robust change-point detection for functional time series based on U-statistics and dependent wild bootstrap,2024,10.1007/s00362-024-01577-7,none,alta,"Test de cambio estructural para series temporales funcionales via U-estadisticos, PR3/PR4",no,https://doi.org/10.1007/s00362-024-01577-7
1521,Bayesian nonparametric mixture estimation for time-indexed functional data in R,2016,10.18637/jss.v072.i02,none,alta,"Estimacion bayesiana no parametrica para datos funcionales indexados en tiempo, PR1",no,https://www.jstatsoft.org/index.php/jss/article/view/v072i02/v72i02.pdf
1522,Generalized exponential smoothing in prediction of hierarchical time series,2018,10.21307/stattrans-2018-019,none,alta,"Suavizado exponencial generalizado aplicado a series temporales funcionales jerarquicas, PR1/PR3",no,https://doi.org/10.21307/stattrans-2018-019
1529,Robust clustering for time series using spectral densities and functional data analysis,2017,10.1007/978-3-319-59147-6_13,none,alta,"Densidades espectrales tratadas como datos funcionales para clustering robusto de series, PR1",no,https://arxiv.org/pdf/1702.02165
1549,ftsa: An R package for analyzing functional time series,2013,10.32614/rj-2013-006,none,alta,"Paquete R (ftsa) para FPCA/pronostico de series temporales funcionales, PR1/PR2 metodologico",no,https://journal.r-project.org/archive/2013/RJ-2013-006/RJ-2013-006.pdf
1556,A stickiness coefficient for longitudinal data,2012,10.1016/j.csda.2012.03.009,none,alta,"Coeficiente de stickiness para datos longitudinales bajo marco de proceso funcional suave, PR1",no,http://anson.ucdavis.edu/~mueller/stick3.pdf
1562,Functional Generalized Autoregressive Conditional Heteroskedasticity,2017,10.1111/jtsa.12192,none,alta,"Version funcional del proceso GARCH (fGARCH), volatilidad financiera, ancla tematica fuerte PR4/PR5",no,https://arxiv.org/pdf/1509.03813
1578,Clustering time series under the Fréchet distance,2016,10.1137/1.9781611974331.ch55,none,alta,"Clustering de series temporales bajo distancia de Frechet, datos funcionales/longitudinales, PR1",no,https://arxiv.org/pdf/1512.04349
1579,Detecting and dating structural breaks in functional data without dimension reduction,2018,10.1111/rssb.12257,none,alta,"Deteccion de rupturas estructurales en datos funcionales sin reduccion de dimension, PR2/PR3",no,https://arxiv.org/pdf/1511.04020
1583,A Simple Test for White Noise in Functional Time Series,2018,10.1111/jtsa.12264,none,alta,"Test de ruido blanco para series temporales funcionales via operador de densidad espectral, PR1",no,https://arxiv.org/pdf/1612.04996
1586,On the Prediction of Stationary Functional Time Series,2015,10.1080/01621459.2014.909317,none,alta,"Prediccion de series temporales funcionales estacionarias (Aue/Hormann), PR1/PR2",no,https://escholarship.org/content/qt3rf4859c/qt3rf4859c.pdf?t=o1cy1b
1594,Evaluating stationarity via change-point alternatives with applications to fMRI data,2012,10.1214/12-AOAS565,none,alta,Deteccion de cambios en datos funcionales dependientes aplicado a fMRI; metodologia central pese a dominio medico (excepcion E4),no,https://arxiv.org/pdf/1301.2894
1598,Modelling a response as a function of high-frequency count data: The association between physical activity and fat mass,2017,10.1177/0962280215595832,none,media,"Histograma como resumen funcional novedoso para conteos de alta frecuencia; aporte metodologico sobre representacion, no solo aplicacion accesoria (excepcion E4)",no,https://www.research.ed.ac.uk/en/publications/8b592b2a-454e-4a66-9c82-26241a99e4ee
1615,Functional data analysis for volatility,2011,10.1016/j.jeconom.2011.08.002,none,alta,"Proceso de volatilidad funcional para datos de alta frecuencia (S&P500), PR5 directo",no,http://anson.ucdavis.edu/~mueller/vola15.pdf
1634,Selecting the number of principal components in functional data,2013,10.1080/01621459.2013.788980,none,alta,"Criterios para seleccionar numero de componentes principales funcionales, PR3 directo",no,https://www.ncbi.nlm.nih.gov/pmc/articles/3872138
1643,Identifying the spectral representation of Hilbertian time series,2016,10.1016/j.spl.2016.06.014,none,alta,"Representacion espectral de series temporales hilbertianas via operador de covarianza, PR1/PR2",no,https://arxiv.org/pdf/1604.02702
1645,Rainbow: An R package for visualizing functional time series,2011,10.32614/rj-2011-019,none,alta,"Paquete R (rainbow) para visualizacion de series temporales funcionales, herramienta FDA PR1",no,https://journal.r-project.org/archive/2011/RJ-2011-019/RJ-2011-019.pdf
1664,Forecasting implied volatility in foreign exchange markets: a functional time series approach,2018,10.1080/1351847X.2016.1271441,none,alta,"FPCA dinamica para pronostico de volatilidad implicita FX, PR5 directo",no,https://pureadmin.qub.ac.uk/ws/files/121298208/FX_IV_FDA_Blinded_R_R_FM_MC_Trading_Piece.pdf
1680,Functional time series forecasting with dynamic updating: An application to intraday particulate matter concentration,2017,10.1016/j.ecosta.2016.08.004,none,alta,Pronostico FTS con actualizacion dinamica; metodologia FPCR sustantiva pese a dominio ambiental (excepcion E4),no,https://arxiv.org/pdf/1608.07029
1681,Bootstrap methods for stationary functional time series,2018,10.1007/s11222-016-9712-8,none,alta,"Metodos bootstrap para covarianza de largo plazo en FTS estacionarias via FPCA, PR3",no,http://arxiv.org/pdf/1610.00773
1684,Combining functional data projections for time series classification,2009,10.1007/978-3-642-10268-4_53,none,alta,"Proyecciones de datos funcionales en RKHS para clasificacion de series temporales, PR1",no,https://link.springer.com/content/pdf/10.1007/978-3-642-10268-4_53.pdf
1686,"Signal regression models for location, scale and shape with an application to stock returns",2018,10.1111/rssc.12252,none,alta,"Modelos de regresion de senal (GAMLSS) con predictor funcional aplicado a retornos bursatiles, PR2/PR5",no,https://arxiv.org/pdf/1605.04281
1689,Prediction of functional ARMA processes with an application to traffic data,2017,10.1016/j.ecosta.2016.10.009,none,alta,"Prediccion de procesos ARMA funcionales via FPCA; aplicacion a trafico pero metodologia central, PR2",no,https://arxiv.org/pdf/1603.02049
1722,Bayesian Spatial Functional Data Clustering: Applications in Disease Surveillance,2026,10.1002/sim.70597,none,alta,"Clustering espacial funcional bayesiano; contribucion metodologica (arboles de expansion, GP latente) pese a dominio epidemiologico (excepcion E4)",no,https://research.wur.nl/en/publications/bayesian-spatial-functional-data-clustering-applications-in-disea
1750,A Bayesian Functional Methodology for Dengue Risk Mapping in Latin America and the Caribbean,2021,10.1016/j.actatropica.2020.105788,none,baja,"Extraccion de texto fallo (datos binarios/imagen corruptos en el PDF); titulo fuertemente on-topic (FDA bayesiano, dengue America Latina, PR5) - ante la duda se incluye, requiere verificacion manual del PDF",si,https://ars.els-cdn.com/content/image/1-s2.0-S0001706X20317010-fx1_lrg.jpg
1779,Functional analysis of variance of air pollution caused by fine particles,2020,10.11144/JAVERIANA.SC25-1.FAOV,none,alta,ANOVA funcional explicito aplicado a contaminacion por particulas finas; metodologia central (excepcion E4),no,https://revistas.javeriana.edu.co/index.php/scientarium/article/download/22249/23662
1783,Multivariate functional data modeling with time-varying clustering,2021,10.1007/s11749-020-00733-z,none,alta,Modelado de datos funcionales multivariantes con clustering variable en el tiempo (GP + proceso de Dirichlet); metodologia central pese a dominio ambiental (excepcion E4),no,https://arxiv.org/pdf/1904.11518
1797,Functional diffusion driven stochastic volatility model,2025,10.3150/24-BEJ1753,none,alta,"Modelo de volatilidad estocastica por difusion funcional, PR5 directo",no,https://centaur.reading.ac.uk/115802/1/fsvM.pdf
1799,Dynamic functional time-series forecasts of foreign exchange implied volatility surfaces,2022,10.1016/j.ijforecast.2021.07.011,none,alta,"FPCA dinamica univariante/multivariante/multinivel para volatilidad implicita FX, PR5 directo",no,https://arxiv.org/pdf/2107.14026
1813,A Plug-in Bandwidth Selection Procedure for Long-Run Covariance Estimation with Stationary Functional Time Series,2017,10.1111/jtsa.12229,none,alta,"Seleccion de ancho de banda para covarianza de largo plazo en FTS estacionarias, PR3 directo",no,https://arxiv.org/pdf/1604.02724
1818,Forecasting stock index futures intraday returns: Functional time series model,2020,10.20965/jaciii.2020.p0265,none,alta,"FPCA explicito para pronostico de retornos intradiarios de futuros bursatiles, PR2/PR5",no,https://doi.org/10.20965/jaciii.2020.p0265
1820,Granger causality of bivariate stationary curve time series,2021,10.1002/for.2732,none,alta,"Causalidad de Granger para series de curvas bivariantes estacionarias, aplicacion climatica/financiera, PR1/PR5",no,https://arxiv.org/pdf/2010.05320
1827,Functional time series models for ultrafine particle distributions,2017,10.1214/16-AOAS1004,none,alta,Modelo bayesiano de FTS con base B-spline cubica explicita para conteos de particulas; discusion sustantiva de base (excepcion E4),no,https://arxiv.org/pdf/1412.1843
1839,Nonlinear drivers and volatility of solar radiation variability in Asian megacities: a functional time-series approach,2026,10.1007/s00704-026-06204-z,none,media,FTS aplicado a radiacion solar (dominio ambiental) con FDA/FPCA/GARCH explicitos; ADVERTENCIA: preprint en Research Square (no arXiv) - verificar si cumple I2 o si hay version publicada,no,https://www.researchsquare.com/article/rs-7807830/latest.pdf
1840,A functional time series analysis of forward curves derived from commodity futures,2020,10.1016/j.ijforecast.2019.08.003,none,alta,"Analisis FTS de curvas forward de futuros de commodities, PR4/PR5 directo",no,https://centaur.reading.ac.uk/85666/1/Manuscript.pdf
1842,A functional version of the arch model,2013,10.1017/S0266466612000345,none,alta,"ANCLA del conjunto oro numero 10 (Hormann/Horvath/Reeder) - version funcional del modelo ARCH, confirmado",no,https://arxiv.org/pdf/1105.0343.pdf
1843,Forecasting value at risk with intra-day return curves,2020,10.1016/j.ijforecast.2019.10.006,none,alta,"Pronostico de VaR con curvas de retorno intradiario, datos funcionales financieros, PR4/PR5",no,https://kar.kent.ac.uk/93923/1/IJF_final.pdf
1844,Nonlinear autocorrelation function of functional time series,2023,10.1007/s11071-022-07927-0,none,alta,"Funcion de autocorrelacion no lineal para series temporales funcionales, PR1 metodologico",no,https://link.springer.com/content/pdf/10.1007/s11071-022-07927-0.pdf
1849,The dynamics of economic functions: Modeling and forecasting the yield curve,2008,10.1198/016214508000000922,none,alta,"Modelo FSN con spline cubica natural para dinamica de la curva de rendimiento, PR1/PR5 clasico",no,https://doi.org/10.24149/wp0804
1860,Minimax estimation of Functional Principal Components from noisy discretized functional data: the case of smooth processes,2026,,none,alta,"Estimacion minimax de componentes principales funcionales desde datos discretizados ruidosos, PR2 central",no,https://arxiv.org/abs/2605.06417
1861,Distribution-Free Stochastic Analysis and Robust Multilevel Vector Field Anomaly Detection,2026,,none,alta,"Analisis funcional con expansion KL y bases ortogonales multinivel para deteccion de anomalias; discusion sustantiva de base (excepcion E4), coherente con decision previa del usuario",no,https://arxiv.org/abs/2207.06229
1870,Robust penalized splines for location estimation from discretely sampled functional data,2025,10.1007/978-3-031-92383-8_33,none,alta,"Splines penalizados robustos para estimacion de localizacion en datos funcionales discretamente muestreados, PR1/PR3",no,https://eprints.gla.ac.uk/356493/2/356493.pdf
1874,Local constant likelihood estimation for beta distribution with time varying parameters,2025,10.1007/978-3-031-92383-8_2,none,media,Estimacion de verosimilitud local para distribucion Beta con parametros variables en el tiempo aplicado a datos funcionales de glucosa; aporte metodologico sobre suavizado,no,https://upcommons.upc.edu/bitstreams/58c98d9d-0d01-42db-9dd2-6cf971dd78c0/download
1884,Ultra-efficient MCMC for Bayesian longitudinal functional data analysis,2025,10.1080/10618600.2024.2362227,none,alta,"MCMC ultra-eficiente para modelos mixtos funcionales bayesianos con reparametrizacion de base ortogonalizada, PR1/PR3",no,https://arxiv.org/pdf/2306.07168
1888,On metrics for analysis of functional data on geometric domains,2025,10.3934/fods.2024046,none,alta,"Teoria de metricas para datos funcionales en dominios geometricos, PR1 teorico",no,https://doi.org/10.3934/fods.2024046
1890,Anisotropic multidimensional smoothing using Bayesian tensor product P-splines,2025,10.1007/s11222-025-10569-y,none,alta,"Suavizado multidimensional anisotropico con P-splines tensoriales bayesianos, PR1/PR3 base explicita",no,https://link.springer.com/content/pdf/10.1007/s11222-025-10569-y.pdf
1891,Inference for Model Misspecification in Interest Rate Term Structure using Functional Principal Component Analysis,2022,,none,media,"Metodologia FDA nuclear (bases/FPCA/series temporales funcionales), tema inequivoco por titulo (sin resumen, extracto/titulo suficientemente especifico).",no,https://arxiv.org/abs/2212.10790
1907,On linear regression models in infinite dimensional spaces with scalar response,2017,10.1007/s00362-015-0710-2,none,media,"Metodologia FDA nuclear (bases/FPCA/series temporales funcionales), tema inequivoco por titulo (sin resumen, extracto/titulo suficientemente especifico).",no,https://arxiv.org/pdf/1502.00412
1924,Wavelets in functional data analysis,2017,10.1007/978-3-319-59623-5,none,alta,"Morettin/Pinheiro/Vidakovic, Wavelets in Functional Data Analysis - item #6 del conjunto oro.",no,https://doi.org/10.1007/978-3-319-59623-5
1931,Nonparametric local polynomial regression for functional covariates,2025,,none,media,"Metodologia FDA nuclear (bases/FPCA/series temporales funcionales), tema inequivoco por titulo (sin resumen, extracto/titulo suficientemente especifico).",no,https://arxiv.org/abs/2504.05819
1933,How far can symmetry help? Phase transitions and symmetry selection in sparse functional data analysis,2026,,none,media,"Metodologia FDA nuclear (bases/FPCA/series temporales funcionales), tema inequivoco por titulo (sin resumen, extracto/titulo suficientemente especifico).",no,https://arxiv.org/abs/2608.27055
1938,Nonparametric and semiparametric models in comparison of observations of a particle-size distribution,2003,10.5183/jjscs1988.15.2_105,none,alta,Comparacion de 3 estrategias de seleccion de nudos para splines cubicos; discusion metodologica sustantiva de base pese a aplicacion a granulometria (excepcion E4).,no,https://www.jstage.jst.go.jp/article/jjscs1988/15/2/15_2_105/_pdf
1939,Functional data analysis by matrix completion,2019,10.1214/17-AOS1590,none,alta,"Metodologia FDA nuclear (bases/FPCA/series temporales funcionales), tema inequivoco por titulo y resumen.",no,https://arxiv.org/pdf/1609.00834
1940,Sensitivity analysis and emulation for functional data using Bayesian adaptive splines,2018,10.5705/ss.202016.0130,none,media,"Metodologia FDA nuclear (bases/FPCA/series temporales funcionales), tema inequivoco por titulo (sin resumen, extracto/titulo suficientemente especifico).",no,https://www.osti.gov/servlets/purl/1736343
1944,Heuristic framework for multiscale testing of the multi-manifold hypothesis,2019,10.1007/978-3-030-11566-1_3,none,alta,"Metodologia FDA nuclear (bases/FPCA/series temporales funcionales), tema inequivoco por titulo y resumen.",no,https://arxiv.org/pdf/1807.00349
1948,Nonparametric density estimation for intentionally corrupted functional data,2021,10.5705/ss.202018.0484,none,alta,"Metodologia FDA nuclear (bases/FPCA/series temporales funcionales), tema inequivoco por titulo y resumen.",no,https://arxiv.org/pdf/1912.07879
1953,A class of multi-resolution approximations for large spatial datasets,2020,10.5705/ss.202018.0285,none,alta,"Metodologia FDA nuclear (bases/FPCA/series temporales funcionales), tema inequivoco por titulo y resumen.",no,https://arxiv.org/pdf/1710.08976
1954,Higher-order accurate spectral density estimation of functional time series,2020,10.1111/jtsa.12473,none,alta,"Metodologia FDA nuclear (bases/FPCA/series temporales funcionales), tema inequivoco por titulo y resumen.",no,http://arxiv.org/pdf/1812.03240
1957,Functional linear and single-index models: a unified approach via Gaussian Stein identity,2025,10.3150/24-BEJ1755,none,alta,"Metodologia FDA nuclear (bases/FPCA/series temporales funcionales), tema inequivoco por titulo y resumen.",no,http://arxiv.org/pdf/2206.03975
1961,Significance tests for functional data with complex dependence structure,2015,10.1016/j.jspi.2014.08.006,none,media,"Metodologia FDA nuclear (bases/FPCA/series temporales funcionales), tema inequivoco por titulo (sin resumen, extracto/titulo suficientemente especifico).",no,https://www.ncbi.nlm.nih.gov/pmc/articles/4443904
1974,Function-on-scalar quantile regression with application to mass spectrometry proteomics data,2020,10.1214/19-AOAS1319,none,alta,"Metodologia FDA nuclear (bases/FPCA/series temporales funcionales), tema inequivoco por titulo y resumen.",no,https://arxiv.org/pdf/1809.00266
1977,Modern nonlinear function-on-function regression,2023,10.1007/s11222-023-10299-z,none,alta,"Metodologia FDA nuclear (bases/FPCA/series temporales funcionales), tema inequivoco por titulo y resumen.",no,https://arxiv.org/pdf/2107.14151
1979,Efficient Bayesian shape-restricted function estimation with constrained Gaussian process priors,2020,10.1007/s11222-020-09922-0,none,alta,"Metodologia FDA nuclear (bases/FPCA/series temporales funcionales), tema inequivoco por titulo y resumen.",no,https://arxiv.org/pdf/1902.04701
1980,Estimation in functional linear quantile regression,2012,10.1214/12-AOS1066,none,alta,"Metodologia FDA nuclear (bases/FPCA/series temporales funcionales), tema inequivoco por titulo y resumen.",no,https://arxiv.org/pdf/1202.4850
1988,"Analysis of target data-dependent greedy kernel algorithms: convergence rates for \(f\)-, \(f \cdot P\)- and \(f/P\)-greedy",2023,10.1007/s00365-022-09592-3,none,alta,"Metodologia FDA nuclear (bases/FPCA/series temporales funcionales), tema inequivoco por titulo y resumen.",no,https://link.springer.com/content/pdf/10.1007/s00365-022-09592-3.pdf
1994,Marginal distance and Hilbert-Schmidt covariances-based independence tests for multivariate functional data,2022,10.1613/jair.1.13233,none,alta,"Metodologia FDA nuclear (bases/FPCA/series temporales funcionales), tema inequivoco por titulo y resumen.",no,https://jair.org/index.php/jair/article/download/13233/26788
2002,Generalized linear models for geometrical current predictors: an application to predict garment fit,2020,10.1177/1471082X19885465,none,alta,"Compara 3 bases distintas (RKHS, covarianza, combinada) para datos funcionales vectoriales; central a PR2/PR4 pese a aplicacion textil (excepcion E4).",no,https://arxiv.org/pdf/1803.03019
2035,Continuous and atlas-free analysis of brain structural connectivity,2024,10.1214/23-AOAS1858,none,alta,Nuevo espacio de funciones de rango reducido para conectividad cerebral; discusion metodologica sustantiva de representacion (excepcion E4).,no,https://arxiv.org/pdf/2308.05738
2037,Distribution of a Non-parametric Wavelet-based Statistic for Functional Data,2014,,none,media,"Metodologia FDA nuclear (bases/FPCA/series temporales funcionales), tema inequivoco por titulo (sin resumen, extracto/titulo suficientemente especifico).",no,https://arxiv.org/abs/1408.2581
2050,Nonparametric regression based on discretely sampled curves,2016,,none,media,"Metodologia FDA nuclear (bases/FPCA/series temporales funcionales), tema inequivoco por titulo (sin resumen, extracto/titulo suficientemente especifico).",no,https://arxiv.org/abs/1604.08428
2051,Investigating swimming technical skills by a double partition clustering of multivariate functional data allowing for dimension selection,2024,10.1214/23-AOAS1857,none,alta,"Descomposicion en base funcional central al metodo, con seleccion de dimension; aplicacion deportiva no resta sustancia metodologica (excepcion E4).",no,https://arxiv.org/pdf/2303.15812
2053,A unified approach for testing in Hilbert spaces on incomplete data,2026,,none,media,"Metodologia FDA nuclear (bases/FPCA/series temporales funcionales), tema inequivoco por titulo (sin resumen, extracto/titulo suficientemente especifico).",no,https://arxiv.org/abs/2607.13209
2065,Multivariate Functional Principal Component Analysis for Data Observed on Different (Dimensional) Domains,2018,10.1080/01621459.2016.1273115,none,alta,"Metodologia FDA nuclear (bases/FPCA/series temporales funcionales), tema inequivoco por titulo y resumen.",no,https://arxiv.org/pdf/1509.02029
2081,Ultra-Fast Approximate Inference Using Variational Functional Mixed Models,2023,10.1080/10618600.2022.2107532,none,alta,"Metodologia FDA nuclear (bases/FPCA/series temporales funcionales), tema inequivoco por titulo y resumen.",no,https://vtechworks.lib.vt.edu/bitstreams/74118a42-9958-4f29-991a-fc59feab9cf8/download
2083,Clustering time-course microarray data using functional Bayesian infinite mixture model,2012,10.1080/02664763.2011.578620,none,alta,Expansion en funciones de base + mixtura Bayesiana infinita; aplicacion a microarrays con discusion metodologica de base (excepcion E4).,no,https://stars.library.ucf.edu/facultybib2010/2232
2085,Locally Sparse Function-on-Function Regression,2023,10.1080/10618600.2022.2130926,none,alta,"Metodologia FDA nuclear (bases/FPCA/series temporales funcionales), tema inequivoco por titulo y resumen.",no,http://arxiv.org/pdf/2109.13042
2090,Improving prediction performance of stellar parameters using functional models,2016,10.1080/02664763.2015.1106448,none,alta,Descomposicion de espectros en base funcional + regresion; aplicacion astrofisica con discusion metodologica de base (excepcion E4).,no,http://arxiv.org/pdf/1510.05968
2094,Liquidity commonality does not imply liquidity resilience commonality: a functional characterisation for ultra-high frequency cross-sectional LOB data,2015,10.1080/14697688.2015.1071075,none,alta,"Metodologia FDA nuclear (bases/FPCA/series temporales funcionales), tema inequivoco por titulo y resumen.",no,https://arxiv.org/pdf/1406.5486
2098,Testing Stability in Functional Event Observations with an Application to IPO Performance,2023,10.1080/07350015.2022.2118127,none,alta,"Metodologia FDA nuclear (bases/FPCA/series temporales funcionales), tema inequivoco por titulo y resumen.",no,https://centaur.reading.ac.uk/106918/1/Event_JBES_Accepted.pdf
2100,Bootstrapping covariance operators of functional time series,2020,10.1080/10485252.2020.1771334,none,alta,"Metodologia FDA nuclear (bases/FPCA/series temporales funcionales), tema inequivoco por titulo y resumen.",no,https://arxiv.org/pdf/1904.06721
2113,Dependent functional linear models with applications to monitoring structural change,2014,10.5705/ss.2012.233,none,media,"Metodologia FDA nuclear (bases/FPCA/series temporales funcionales), tema inequivoco por titulo (sin resumen, extracto/titulo suficientemente especifico).",no,https://escholarship.org/content/qt8h03s1t3/qt8h03s1t3.pdf?t=o1d0dl
2118,Functional data analysis.,2005,10.1007/b98888,none,alta,"Ramsay & Silverman, Functional Data Analysis 2a ed. (2005) - item #1 del conjunto oro.",no,https://link.springer.com/content/pdf/bfm:978-0-387-22751-1/1?pdf=chapter%20toc
2121,"Brownian Motion with a Pulse: A Biostatistician's Guide to Diffusions, Bridges, Functional PCA, and First-Passage Models",2026,,none,media,"Metodologia FDA nuclear (bases/FPCA/series temporales funcionales), tema inequivoco por titulo (sin resumen, extracto/titulo suficientemente especifico).",no,https://arxiv.org/abs/2408.16011
2122,Local Whittle estimation of long-range dependence for functional time series,2021,10.1111/jtsa.12577,none,alta,"Metodologia FDA nuclear (bases/FPCA/series temporales funcionales), tema inequivoco por titulo y resumen.",no,https://eprints.whiterose.ac.uk/id/eprint/169350/1/LRS_LW_5_Dec_20.pdf
2128,Convergence of covariance and spectral density estimates for high-dimensional functional time series,2025,,none,media,"Metodologia FDA nuclear (bases/FPCA/series temporales funcionales), tema inequivoco por titulo (sin resumen, extracto/titulo suficientemente especifico).",no,https://arxiv.org/abs/2512.13310
2138,Structural break analysis for spectrum and trace of covariance operators,2020,10.1002/env.2617,none,alta,"Metodologia FDA nuclear (bases/FPCA/series temporales funcionales), tema inequivoco por titulo y resumen.",no,https://arxiv.org/pdf/1804.03255
2141,The functional AR(1) process with a unit root,2015,,none,media,"Metodologia FDA nuclear (bases/FPCA/series temporales funcionales), tema inequivoco por titulo (sin resumen, extracto/titulo suficientemente especifico).",no,https://arxiv.org/abs/1512.01844
2143,Mortality prediction using survival energy models with functional data analysis,2024,10.1007/s42081-024-00245-2,none,alta,Usa FPCA para estimacion no parametrica dentro de modelo de mortalidad; FPCA es el aporte metodologico central (excepcion E4).,no,https://link.springer.com/content/pdf/10.1007/s42081-024-00245-2.pdf
2164,Selected statistical methods of data analysis for multivariate functional data,2018,10.1007/s00362-016-0757-8,none,alta,"Metodologia FDA nuclear (bases/FPCA/series temporales funcionales), tema inequivoco por titulo y resumen.",no,https://link.springer.com/content/pdf/10.1007/s00362-016-0757-8.pdf
2167,Some recent developments in inference for geostatistical functional data,2019,10.15446/rce.v42n1.77058,none,alta,"Metodologia FDA nuclear (bases/FPCA/series temporales funcionales), tema inequivoco por titulo y resumen.",no,https://doi.org/10.15446/rce.v42n1.77058
2169,Prokhorov Metric Convergence of the Partial Sum Process for Reconstructed Functional Data,2025,,none,media,"Metodologia FDA nuclear (bases/FPCA/series temporales funcionales), tema inequivoco por titulo (sin resumen, extracto/titulo suficientemente especifico).",no,https://arxiv.org/abs/2506.21172
2180,Multiscale Change Point Detection for Functional Time Series,2025,,none,media,"Metodologia FDA nuclear (bases/FPCA/series temporales funcionales), tema inequivoco por titulo (sin resumen, extracto/titulo suficientemente especifico).",no,https://arxiv.org/abs/2511.06870
2184,Change point analysis for time series,2024,10.1007/978-3-031-51609-2,none,alta,"Horvath & Rice, Change Point Analysis for Time Series (Springer): confirmado apendice 'Functional Observations' y prefacio menciona funcion-valuada.",no,https://link.springer.com/content/pdf/bfm:978-3-031-51609-2/1
2189,Testing equality of autocovariance operators for functional time series,2020,10.1111/jtsa.12523,none,alta,"Metodologia FDA nuclear (bases/FPCA/series temporales funcionales), tema inequivoco por titulo y resumen.",no,https://arxiv.org/pdf/1901.08535
2197,Representation of I(1) and I(2) autoregressive Hilbertian processes,2020,10.1017/S0266466619000276,none,alta,"Metodologia FDA nuclear (bases/FPCA/series temporales funcionales), tema inequivoco por titulo y resumen.",no,https://arxiv.org/pdf/1701.08149
2199,Detecting deviations from second-order stationarity in locally stationary functional time series,2020,10.1007/s10463-019-00721-7,none,alta,Test de estacionariedad de segundo orden para series de tiempo funcionales; operadores de covarianza/autocovarianza. FDA central.,no,https://arxiv.org/pdf/1808.04092
2201,Cointegration in functional autoregressive processes,2020,10.1017/S0266466619000306,none,alta,"Cointegración en procesos autorregresivos funcionales (H-valuados); econometría, aplicación a distribución del ingreso. FTS central.",no,https://arxiv.org/pdf/1712.07522
2203,Anomaly detection: a functional analysis perspective,2022,10.1016/j.jmva.2021.104885,none,media,Detección de cambios vía expansión de Karhunen-Loève y subespacios anidados; representación de procesos en base empírica. On-topic PR1/PR2.,si,https://arxiv.org/pdf/2012.09141
2207,Functional linear regression with mixed predictors,2022,,none,alta,"Regresión lineal funcional con predictores mixtos; RKHS, penalización de suavidad + group Lasso, datos observados en puntos discretos. FDA central.",no,https://arxiv.org/abs/2012.00460
2228,Joint models for grid point and response processes in longitudinal and functional data,2020,10.5705/ss.202018.0321,none,media,"Modelos conjuntos para puntos de grilla y procesos respuesta en datos funcionales/longitudinales; KL, recuperación por suavizado. FDA.",si,https://arxiv.org/pdf/1705.06259
2230,Testing equality of spectral density operators for functional processes,2022,10.1016/j.jmva.2021.104889,none,alta,Test de igualdad de operadores de densidad espectral para procesos funcionales; procesos lineales funcionales. FTS central.,no,http://arxiv.org/pdf/2004.03412
2235,The autoregression bootstrap for kernel estimates of smooth nonlinear functional time series,2018,,none,alta,"Bootstrap de autorregresión para estimadores kernel de series de tiempo funcionales no lineales; modelo FAR(1), menciona FPCA. FTS central.",no,https://arxiv.org/abs/1811.06172
2236,A one-way ANOVA test for functional data with graphical interpretation.,2020,10.14736/kyb-2020-3-0432,none,alta,Test ANOVA de una vía para datos funcionales con interpretación gráfica; aplicación a descentralización fiscal europea. FDA + economía.,no,https://www.kybernetika.cz/content/2020/3/432/paper.pdf
2243,On filter-type estimation of discretely sampled cyclic long-memory processes,2024,,none,media,"Estimación tipo filtro de procesos de larga memoria cíclicos discretamente muestreados; base wavelet central al método, datos funcionales. PR4.",si,https://arxiv.org/abs/2407.12444
2247,Asymptotics for spherical functional autoregressions,2021,10.1214/20-AOS1959,none,media,"Asintótica de autorregresiones funcionales esféricas; armónicos esféricos como base ortonormal, estimación de kernels AR. Contribución metodológica FTS.",si,https://arxiv.org/pdf/1907.05802
2253,Nonlinear factor-augmented predictive regression models with functional coefficients,2020,10.1111/jtsa.12511,none,media,"Modelos de regresión predictiva factor-aumentada con coeficientes funcionales; PCA, suavizado local, aplicación a inflación del Reino Unido. Terminología 'coef. funcional' (no FDA estricto); cuerpo omitido.",si,https://eprints.whiterose.ac.uk/id/eprint/151464/1/JTSA_4670_28_Sep_2019.pdf
2261,Functional Extreme-PLS,2026,,none,alta,"Functional Extreme-PLS: reducción de dimensión extrema en marco funcional discretizado, L2([0,1]), proyección, PLS+SIR. Aplicación a datos financieros de alta frecuencia. FDA central.",no,https://arxiv.org/abs/2410.05517
2263,Minimax prediction in the Functional Autoregressive Model,2026,,none,alta,"Predicción minimax en el modelo autorregresivo funcional; compara regularización FPCA estándar vs estimador ridge, suavidad funcional. PR2/PR3 directo.",no,https://arxiv.org/abs/2607.04823
2268,Long range dependence spectral testing from discretely observed functional time series in manifolds,2026,,none,alta,"Test espectral de dependencia de largo rango en series de tiempo funcionales en variedades; base sieve de armónicos esféricos truncada, reconstrucción series LS. FDA + base.",no,https://arxiv.org/abs/2511.00518
2270,Gaussian Differentially Private Human Faces Under a Face Radial Curve Representation,2024,,none,media,GDP para caras humanas 3D bajo representación de curvas radiales como conjunto de funciones; propone una representación funcional novedosa. Fronterizo E4 (aplicación a caras); cuerpo omitido.,si,https://arxiv.org/abs/2409.08301
2273,Functional approach to analysis of daily tax revenues,2019,10.15388/LMR.A.2019.14948,none,alta,"Enfoque funcional para análisis de ingresos tributarios diarios; ingresos mensuales como funciones de datos diarios, suavizado y registración. FDA + aplicación económica (PR5).",si,https://doi.org/10.15388/lmr.a.2019.14948
2274,Exponential mixing properties of nonlinear functional autoregressive models,2026,,none,alta,"Propiedades de mezcla exponencial de modelos autorregresivos funcionales no lineales (NFAR); series de tiempo funcionales, operator learning. FTS central.",no,https://arxiv.org/abs/2605.25633
2279,Linear Processes for Functional Data,2009,,none,alta,"Procesos lineales para datos funcionales (capítulo de estado del arte); ARMA funcional, PCA, regresión, predicción; menciona curvas de tasas de interés. FDA central.",no,https://arxiv.org/abs/0901.2503
2290,A General Theory for Large-Scale Curve Time Series via Functional Stability Measure,2018,,none,alta,"Teoría general para series de tiempo de curvas a gran escala vía medida de estabilidad funcional; FPCA, autorregresión funcional vectorial, estimación regularizada. FDA central.",no,https://arxiv.org/abs/1812.07619
2293,Testing marginal homogeneity in Hilbert spaces with applications to stock market returns,2022,10.1007/s11749-022-00802-5,none,media,"Test de homogeneidad marginal en espacios de Hilbert con aplicación a retornos bursátiles; datos funcionales, test Cramér-von-Mises. FDA + finanzas (PR5); enfoque por proyección, no base.",si,https://link.springer.com/content/pdf/10.1007/s11749-022-00802-5.pdf
2296,Consistency of recursive nonparametric kernel estimates for independent functional data,2019,10.4064/am2371-9-2018,none,media,"Consistencia de estimadores kernel recursivos para datos funcionales independientes; función de riesgo condicional, enfoque semi-métrico (sin expansión en base). Fronterizo E1; cuerpo omitido.",si,https://www.impan.pl/shop/publication/transaction/download/product/112943?download.pdf
2304,Uncovering data across continua: an introduction to functional data analysis,2024,10.1090/noti2979,none,media,"'Descubriendo datos a través de continuos': introducción a FDA (AMS Notices); artículo expositivo/panorámico, no una contribución metodológica sobre elección de base. Fronterizo E2/E1.",si,https://doi.org/10.1090/noti2979
2308,Mixing conditions of conjugate processes,2019,,none,media,"Condiciones de mezcla de procesos conjugados; cdfs empíricas como elementos L2, operador de covarianza, series de tiempo funcionales. Teórico/probabilístico; autores brasileños.",si,https://arxiv.org/abs/1809.02820
2311,SPHARMA approximations for stationary functional time series on the sphere,2021,10.1007/s11203-021-09244-6,none,alta,"Aproximaciones SPHARMA para series de tiempo funcionales estacionarias en la esfera; armónicos esféricos (base), representación espectral funcional, descomposición de Wold. FTS + base.",no,https://link.springer.com/content/pdf/10.1007/s11203-021-09244-6.pdf
2321,The maximum of the periodogram of Hilbert space valued time series,2020,,none,alta,"El máximo del periodograma de series de tiempo con valores en espacio de Hilbert; análisis espectral funcional, procesos autorregresivos funcionales. FTS central.",no,https://arxiv.org/abs/2007.02188
2326,Using complex surveys to estimate the \(L_1\)-median of a functional variable: application to electricity load curves,2012,10.1111/j.1751-5823.2011.00172.x,none,media,"Uso de encuestas complejas para estimar la L1-mediana de una variable funcional; curvas de carga eléctrica (EDF), estimación robusta, muestreo. FDA; foco en estimación robusta, no base.",si,https://arxiv.org/pdf/1201.0846
2337,A Bayesian estimation method for the functional spatial error model,2024,10.17654/0972086324006,none,media,"Método de estimación bayesiana para el modelo de error espacial funcional; modelos lineales funcionales, dependencia espacial, aplicación a desempleo/analfabetismo en Senegal. FDA + economía. Editorial de tier bajo (Pushpa).",si,https://pphmjopenaccess.com/fejts/article/download/1295/983
2342,Functional SAC model: with application to spatial econometrics,2021,10.37920/sasj.2021.55.1.1,none,alta,"Modelo SAC funcional aplicado a econometría espacial; extiende SAC de covariable escalar a funcional, MLE, aplicación a desempleo/analfabetismo en Senegal. FDA + economía.",si,https://doi.org/10.37920/sasj.2021.55.1.1
2349,CLT for single functional index quantile regression under dependence structure,2021,10.2478/ausm-2021-0003,none,media,"CLT para regresión cuantílica de índice funcional único bajo dependencia; modelo de índice funcional, estimador kernel, datos censurados. FDA regresión; enfoque índice/kernel, no base.",si,https://www.sciendo.com/pdf/10.2478/ausm-2021-0003
2353,The EE-Classifier: A classification method for functional data based on extremality indexes,2024,,none,media,"EE-Classifier: clasificación de datos funcionales basada en índices de extremalidad; métodos de profundidad, aplicación a S&P 500. FDA + finanzas (PR5); autores colombianos (EAFIT).",si,https://arxiv.org/abs/2411.14999
2372,Detecting changes in Hilbert space data based on ''repeated'' and change-aligned principal components,2015,,none,alta,"Detección de cambios en datos de espacio de Hilbert vía componentes principales 'repetidas' y alineadas al cambio; CUSUM, eigenelementos del operador de covarianza. FPCA central.",no,https://arxiv.org/abs/1509.07409
2383,Forecasting age distribution of life-table death counts via <i>α</i> -transformation,2025,10.1080/03461238.2024.2425723,none,media,"Pronóstico de distribución de edades de conteos de muertes de tabla de vida vía alpha-transformación; datos composicionales, PCA, pronóstico de series de tiempo funcionales. Demografía/actuarial; usa PCA/FTS sustantivamente.",si,https://openaccess.city.ac.uk/id/eprint/33958/1/alpha_transformation-final.pdf
2385,Grouped multivariate and functional time series forecasting: an application to annuity pricing,2017,10.1016/j.insmatheco.2017.05.007,none,alta,"Pronóstico agrupado de series de tiempo multivariadas y funcionales aplicado a fijación de precios de anualidades; FTS funcional, mortalidad. FDA + aplicación económica/actuarial (PR5).",no,https://openaccess.city.ac.uk/id/eprint/17267/1/GFTS_v4.1.pdf
2391,Inference on the dimension of the nonstationary subspace in functional time series,2023,10.1017/S0266466622000111,none,alta,"Inferencia sobre la dimensión del subespacio no estacionario en series de tiempo funcionales; cointegración funcional, test de dimensión, aplicaciones a empleo/electricidad. FTS + econometría + PR2/PR3.",no,https://pure.au.dk/ws/files/230299930/rp22_04.pdf
2392,Dynamic principal component regression: application to age-specific mortality forecasting,2019,10.1017/asb.2019.20,none,alta,"Regresión de componentes principales dinámicos aplicada a pronóstico de mortalidad; FPCA dinámico, reducción de dimensión, covarianza de largo plazo. FPCA central.",no,https://arxiv.org/pdf/1905.03900
2395,Cointegration and representation of cointegrated autoregressive processes in Banach spaces,2023,10.1017/S0266466622000172,none,alta,"Cointegración y representación de procesos autorregresivos cointegrados en espacios de Banach (Econometric Theory); procesos AR en C[0,1], teoremas de representación. FTS + econometría.",si,https://doi.org/10.1017/s0266466622000172
2397,A Frequentist Approach to Change Point Detection: Methods and Applications,2026,,none,alta,"Enfoque frecuentista a detección de puntos de cambio en series de tiempo funcionales; soporte esparso y denso, cambio de media y volatilidad del proceso, FPCA, FAR. FTS + volatilidad (PR4/PR5).",no,https://arxiv.org/abs/2607.13852
2400,Cointegrated Density-Valued Linear Processes,2017,,none,alta,"Procesos lineales cointegrados con valores de densidad; distribuciones de ingreso transversales, espacios de Hilbert de Bayes, FPCA, densidades de salarios. FTS + econometría + PR5.",no,https://arxiv.org/abs/1710.07792
2401,Machine Learning Assisted Orthonormal Basis Selection for Functional Data Analysis,2021,,none,alta,"Selección asistida por ML de base ortonormal para FDA; trata directamente el efecto de la elección de base (Fourier/wavelets/splines), método data-driven con splinets, criterio MSE. PR1/PR2 directo — antecedente directo.",no,https://arxiv.org/abs/2103.07453v1
2402,Generalized dynamic functional principal component analysis,2024,,none,alta,"Análisis de componentes principales funcionales dinámicos generalizado; reducción de dimensión para FTS, expansión en base, reconstrucción por mínimos cuadrados. FPCA + base central.",no,https://arxiv.org/abs/2407.16024v2
2403,A wavelet-based method in aggregated functional data analysis,2022,,none,alta,"Método basado en wavelets en análisis de datos funcionales agregados; wavelet shrinkage bayesiano, compara explícitamente wavelet vs spline para características locales. PR4/PR1 directo — antecedente directo; autor brasileño (Unicamp).",no,https://arxiv.org/abs/2205.15969v1
2404,Covariance estimation for derivatives of functional data using an additive penalty in P-splines,2026,,none,alta,"Estimación de covarianza para derivadas de datos funcionales usando penalización aditiva en P-splines; P-splines, penalización, suavizado, FPCA basado en derivadas. PR2/PR3 directo.",no,https://arxiv.org/abs/2602.20029v1
2405,Efficient Multidimensional Functional Data Analysis Using Marginal Product Basis Systems,2021,,none,alta,"Análisis eficiente de datos funcionales multidimensionales usando sistemas de base de producto marginal; bases separables adaptadas a los datos, regularización basada en rugosidad, FPCA. PR1/PR2/PR3 directo.",no,https://arxiv.org/abs/2107.14728v4
2406,Efficient Bayesian hierarchical functional data analysis with basis function approximations using Gaussian-Wishart processes,2015,,none,alta,Metodos bayesianos de aproximacion por funciones base y suavizado para FDA; comparacion con BFPCA.,no,https://arxiv.org/abs/1512.07568v3
2407,Estimation of Functional Principal Components from Sparse Functional Data,2026,,none,alta,FPCA por expansion en base con MLE; criterio de informacion para numero de bases y rango de covarianza.,no,https://arxiv.org/abs/2603.18833v1
2408,Efficient spline orthogonal basis for representation of density functions,2024,,none,alta,"Construccion de base spline ortogonal (ZB-splinets) para FDA/FPCA; compara B-spline, Fourier, wavelets.",no,https://arxiv.org/abs/2405.02231v1
2409,Splines 'n Lines: Rest-frame galaxy spectral energy distributions via Bayesian functional data analysis,2023,,none,media,"Marco bayesiano jerarquico para SEDs de galaxias con base B-spline mas lineas; aporte metodologico de base, cuerpo omitido.",si,https://arxiv.org/abs/2310.19340v1
2410,Sparse Functional Principal Component Analysis in High Dimensions,2020,,none,alta,FPCA en alta dimension via expansiones en base ortonormal y Karhunen-Loeve; regla de umbral.,no,https://arxiv.org/abs/2011.00959v2
2411,Compositional splines for representation of density functions,2019,,none,alta,"Splines composicionales: nueva base spline para densidades en FDA, splines de suavizado, FPCA simplicial.",no,https://arxiv.org/abs/1905.06858v2
2412,Constrained variable clustering and the best basis problem in functional data analysis,2012,10.1007/978-3-642-13312-1_46,none,alta,"Problema de la mejor base en FDA; compara mejor-base wavelet y B-splines, representacion piecewise-constant.",no,https://arxiv.org/pdf/1201.0959
2413,Online Functional Principal Component Analysis on a Multidimensional Domain,2025,,none,alta,FPCA online via tensor product splines penalizados; seleccion dinamica de parametro de suavizado.,no,https://arxiv.org/abs/2505.02131v1
2414,Bayesian Multivariate Sparse Functional Principal Components Analysis,2025,,none,alta,FPCA bayesiano multivariante con base spline ortonormal (B-splines ortogonalizadas); discute eleccion de base.,no,https://arxiv.org/abs/2509.03512v3
2415,Filtrated Common Functional Principal Components for Multivariate Functional data,2021,,none,media,"FPCA comun filtrada via representacion en base ortonormal; aplicacion neuro, aporte metodologico de base.",si,https://arxiv.org/abs/2106.01104v3
2416,Functional principal component analysis with informative observation times,2022,,none,alta,FPCA con tiempos de observacion informativos via splines penalizados ponderados.,no,https://arxiv.org/abs/2203.14760v3
2417,Penalized Spline M-Estimators for Discretely Sampled Functional Data: Existence and Asymptotics,2025,,none,alta,"M-estimadores spline penalizados para datos funcionales discretos; regimenes de nudos, numero de bases.",no,https://arxiv.org/abs/2508.12000v1
2418,Inference for Model Misspecification in Interest Rate Term Structure using Functional Principal Component Analysis,2022,,none,alta,FPCA en tasas de interes; compara base Nelson-Siegel vs base FPC data-driven; eventos raros (PR4+PR5).,no,https://arxiv.org/abs/2212.10790v1
2419,Distribution of a Non-parametric Wavelet-based Statistic for Functional Data,2014,,none,alta,Estadistico no parametrico basado en wavelets para FDA con umbral duro; distribucion analitica.,no,https://arxiv.org/abs/1408.2581v1
2421,Bayesian Functional Data Analysis over Dependent Regions and Its Application for Identification of Differentially Methylated Regions,2021,,none,media,"FDA bayesiano con splines de suavizado sobre regiones dependientes; aplicacion epigenetica, borderline E1/E4.",si,https://arxiv.org/abs/2112.05041v1
2422,Randomized Spline Trees for Functional Data Classification: Theory and Application to Environmental Time Series,2024,,none,media,Randomized Spline Trees: parametros B-spline aleatorios; diversidad de base reduce error de generalizacion.,no,https://arxiv.org/abs/2409.07879v1
2423,Fast Bayesian Basis Selection for Functional Data Representation with Correlated Errors,2024,,none,alta,"Seleccion bayesiana rapida de funciones base para representacion funcional; compara regression/smoothing splines, LASSO.",no,https://arxiv.org/abs/2405.20758v4
2424,Wavelet-based estimation in aggregated functional data with positive and correlated errors,2026,,none,alta,Metodos bayesianos wavelet para datos funcionales agregados; wavelets vs splines para discontinuidades/picos.,no,https://arxiv.org/abs/2603.24718v1
2425,Splinets -- Orthogonal Splines and FDA for the Classification Problem,2023,,none,alta,"Bases spline ortogonales (splinets) para FDA; seleccion de nudos data-driven, ortonormalizacion de B-splines.",no,https://arxiv.org/abs/2311.17102v1
2428,Wavelet-Based Bayesian Hierarchical Modeling with Regularized Horseshoe Priors for Spatially Correlated Functional Data,2026,,none,alta,"Modelado bayesiano wavelet para datos funcionales espaciales; wavelet vs spline para picos (PM10 Mexico, PR4+PR5).",no,https://arxiv.org/abs/2608.26510v1
2430,BAMIFun: Bayesian Multiple Imputation for Functional Data,2026,,none,media,Imputacion multiple bayesiana para datos funcionales; usa FPCA + representacion spline penalizada para suavidad.,si,https://arxiv.org/abs/2605.08018v2
2431,Flexible joint models for multivariate longitudinal and time-to-event data using multivariate functional principal components,2023,,none,media,"Modelos conjuntos con MFPC para efectos aleatorios; compara base MFPC vs P-splines, numero de componentes.",si,https://arxiv.org/abs/2311.06409v2
2432,BFDA: A Matlab Toolbox for Bayesian Functional Data Analysis,2016,,none,media,Toolbox MATLAB para FDA bayesiano; aproximacion por base B-spline cubica para datos de alta dimension.,no,https://arxiv.org/abs/1604.05224v2
2433,Wavelet Functional Data Analysis for FANOVA Models under Dependent Errors,2015,,none,alta,"FDA con wavelets para modelos FANOVA con errores dependientes; estimador wavelet no lineal, seleccion de umbral.",no,https://arxiv.org/abs/1511.00119v1
2434,"Splinets -- splines through the Taylor expansion, their support sets and orthogonal bases",2021,,none,alta,Splinets: bases spline ortonormales via expansion de Taylor y ortogonalizacion diadica de B-splines para FDA.,no,https://arxiv.org/abs/2102.00733v2
2435,Object-Oriented Software for Functional Data,2017,10.18637/jss.v093.i05,none,media,"Paquete R funData; representacion en base (splines o Fourier) de datos funcionales, base para MFPCA.",no,https://www.jstatsoft.org/index.php/jss/article/view/v093i05/v93i05.pdf
2436,A Wavelet-Based Independence Test for Functional Data with an Application to MEG Functional Connectivity,2020,,none,alta,"Test de independencia para datos funcionales; nuevo metodo de umbral wavelet para pre-suavizado, kernels Besov.",no,https://arxiv.org/abs/2009.11452v2
2437,Simulation studies to compare bayesian wavelet shrinkage methods in aggregated functional data,2022,,none,alta,Compara cinco metodos bayesianos de shrinkage wavelet en datos funcionales agregados; compara con B-splines.,no,https://arxiv.org/abs/2210.04966v1
2438,Mixtures of Spatial Spline Regressions,2013,,none,media,"Extiende FDA a superficies via base spline bivariada; clustering por mezclas, survey de bases B-spline/Fourier.",si,https://arxiv.org/abs/1306.3014v2
2439,FunctionalCalibration: an R package for estimation in aggregated functional data model,2026,,none,media,Paquete R; estima curvas individuales via expansion en base spline o wavelet; compara para features locales.,no,https://arxiv.org/abs/2604.03284v1
2440,Functional Data Analysis by Matrix Completion,2016,,none,alta,"Separa variacion suave y rugosa en FDA; suavizado+PCA las confunden, FPCAs separadas por escala (PR2+PR4).",no,https://arxiv.org/abs/1609.00834v2
2441,Fast Bivariate Penalized Splines: the Sandwich Smoother,2010,,none,alta,"P-splines bivariados rapidos; GCV para seleccion de parametro de suavizado, estimacion de covarianza en FDA.",no,https://arxiv.org/abs/1011.4916v2
2442,Ultra-efficient MCMC for Bayesian longitudinal functional data analysis,2023,,none,media,MCMC eficiente para FDA longitudinal bayesiano; reparametrizacion de base ortogonalizada central al algoritmo.,si,https://arxiv.org/abs/2306.07168v2
2443,Fast Covariance Estimation for Sparse Functional Data,2016,,none,alta,Estimacion de covarianza para datos funcionales dispersos via splines penalizados; CV leave-one-subject-out.,no,https://arxiv.org/abs/1603.05758v2
2444,Efficient Covariance Estimation for Sparsified Functional Data,2025,,none,alta,Estimadores de covarianza random-knots y B-spline para datos sparsificados; AIC para numero de eigenfunciones.,no,https://arxiv.org/abs/2511.18237v1
2445,Bayesian mixtures of spatial spline regressions,2015,,none,media,"Mezclas bayesianas de regresiones spline espaciales; base spline Nodal, clustering de superficies (MNIST).",si,https://arxiv.org/abs/1508.00635v1
2446,Wavelet estimation of the dimensionality of curve time series,2018,,none,alta,"Estimacion wavelet de la dimensionalidad de series de curvas; base wavelet + bootstrap, series financieras/energia (PR3+PR4+PR5).",no,https://arxiv.org/abs/1809.00737v1
2447,Compositional Periodic Spline Approximation for Circular Density Data in Bayes Spaces,2026,,none,media,"Splines periodicas composicionales para densidades circulares; splines de suavizado y penalizadas, formulaciones matriciales.",no,https://arxiv.org/abs/2605.18339v1
2448,Bivariate Densities in Bayes Spaces: Orthogonal Decomposition and Spline Representation,2020,,none,media,"Representacion B-spline para densidades bivariadas en espacios de Bayes; descomposicion ortogonal, perspectiva FDA.",no,https://arxiv.org/abs/2012.12948v1
2449,Benchmarking time series classification -- Functional data vs machine learning approaches,2019,,none,media,"Benchmark de clasificacion: FDA vs ML; compara representaciones en base (Fourier, wavelet, FPCA, bsignal) - PR4/C4.",si,https://arxiv.org/abs/1911.07511v2
2450,Bayesian Change Point Detection for Functional Data,2018,,none,media,"Deteccion bayesiana de cambios en datos funcionales via DWT; priors sobre coeficientes wavelet, cambio climatico.",si,https://arxiv.org/abs/1808.01236v1
2451,Bayesian local clustering of functional data via semi-Markovian random partitions,2025,,none,media,"Clustering local bayesiano; explota soporte local de bases B-spline, particiones semi-markovianas (mareas Venecia).",si,https://arxiv.org/abs/2503.08881v3
2452,Reconciling Functional Data Regression with Excess Bases,2023,,none,alta,"Reconcilia regresion funcional con exceso de bases; double-descent, elegir numero de bases mayor que muestra (PR3).",no,https://arxiv.org/abs/2308.01724v2
2453,Bayesian Nonparametric Detection of Anomalies in Multivariate Functional Data,2026,,none,media,Deteccion bayesiana de anomalias en datos funcionales; base wavelet con priors Besov para representacion suave y sparse (PR4).,si,https://arxiv.org/abs/2606.18412v1
2455,Penalized likelihood estimation of probability density functions using compositional splines,2026,,none,alta,"Estimacion por maxima verosimilitud penalizada de densidades via splines composicionales (ZB-splines); penalizacion, CV para nudos.",no,https://arxiv.org/abs/2608.23512v1
2456,Mixed Gaussian Projections for Two-Sample Testing of Functional Data,2026,,none,alta,"Tests de dos muestras via proyecciones gaussianas mixtas; combina componentes Haar y Fourier (localizado vs oscilatorio), compara FPCA (PR4).",no,https://arxiv.org/abs/2608.06542v1
2457,Fast Covariance Estimation for Multivariate Sparse Functional Data,2018,,none,alta,"Estimacion de covarianza para datos funcionales dispersos multivariados via B-splines tensor product; CV para suavizado, FPCA.",no,https://arxiv.org/abs/1812.00538v2
2458,Bayesian Graphical Models for Multivariate Functional Data,2014,,none,media,"Modelos graficos bayesianos para datos funcionales; expansiones en base ortogonal, prior hyper-inverse-Wishart-process para kernels.",si,https://arxiv.org/abs/1411.4158v3
2459,Robust joint modeling of sparsely observed paired functional data,2022,,none,alta,FPCA + splines con penalización de rugosidad para FDA pareada robusta; metodología central de representación.,no,https://arxiv.org/abs/2209.00784v2
2460,A geometric approach to maximum likelihood estimation of the functional principal components from sparse longitudinal data,2007,,none,alta,MLE geométrica de FPCA desde datos dispersos; selección explícita del número de funciones base.,no,https://arxiv.org/abs/0710.5343v1
2461,"Bayesian Framework for Simultaneous Registration and Estimation of Noisy, Sparse and Fragmented Functional Data",2019,,none,media,"Marco bayesiano de registro y estimación de funciones subyacentes; representación funcional central, métodos omitidos.",si,https://arxiv.org/abs/1912.05125v1
2462,Clustering nonstationary circadian rhythms using locally stationary wavelet representations,2016,,none,alta,Representaciones wavelet localmente estacionarias para ritmos circadianos no estacionarios; directamente PR4.,no,https://arxiv.org/abs/1607.08827v1
2463,A topologically valid definition of depth for functional data,2014,,none,media,"Definición topológica de profundidad para datos funcionales; metodología FDA general, no central a bases.",si,https://arxiv.org/abs/1410.5686v2
2464,Explainable Outlier Detection for Multivariate Functional Data,2026,,none,alta,Detección de outliers en datos funcionales multivariados vía representaciones en bases y covarianza separable.,no,https://arxiv.org/abs/2605.20325v1
2466,Trend Filtering for Functional Data,2021,,none,alta,Trend filtering funcional con expansión en base ortonormal y penalización para eliminar bases redundantes.,no,https://arxiv.org/abs/2104.02456v3
2467,A novel generalized additive scalar-on-function regression model for partially observed multidimensional functional data: An application to air quality classification,2025,,none,alta,Regresión aditiva escalar-sobre-función con B-splines; discute expansión en bases y método no atado a base específica.,no,https://arxiv.org/abs/2510.26917v1
2468,Bayesian repulsive mixture model for multivariate functional data,2026,,none,alta,Mezcla repulsiva para datos funcionales multivariados con distancia basada en curvas B-spline.,no,https://arxiv.org/abs/2603.07320v2
2469,Clustering of functional data prone to complex heteroscedastic measurement error,2025,,none,media,Clustering de datos funcionales con error de medición; contrasta bases finitas vs suavizado no paramétrico.,si,https://arxiv.org/abs/2501.14919v2
2470,Graph-constrained Analysis for Multivariate Functional Data,2022,,none,media,Modelos gráficos gaussianos funcionales con restricción de grafo; usa bases pero enfoque en GGM.,si,https://arxiv.org/abs/2209.06294v4
2471,Basis Expansions for Functional Snippets,2019,,none,alta,Expansión en bases para 'snippets' funcionales; representación en base de la función de covarianza es el aporte central.,no,https://arxiv.org/abs/1905.07067v4
2472,Structural adaptation and rate accelerated estimation in bivariate functional data,2024,,none,alta,Adaptación estructural en datos funcionales bivariados vía cambio de base para acelerar tasas de suavizado.,no,https://arxiv.org/abs/2409.00817v5
2473,A functional-data approach to the Argo data,2020,,none,media,"Kriging funcional espacio-temporal para datos Argo; aporte metodológico real, aplicación oceanográfica, métodos omitidos.",si,https://arxiv.org/abs/2006.05020v2
2474,Functional Bipartite Ranking: a Wavelet-Based Filtering Approach,2013,,none,alta,Ranking bipartito funcional con aproximaciones wavelet lineales/no lineales; selección adaptativa de representación compacta.,no,https://arxiv.org/abs/1312.5066v1
2475,Sufficient conditions for proper posteriors in fully-Bayesian Functional PCA,2026,,none,alta,FPCA totalmente bayesiano con base spline ortonormal y penalización de segunda derivada; representación central.,no,https://arxiv.org/abs/2604.06146v2
2476,From dense to sparse design: Optimal rates under the supremum norm for estimating the mean function in functional data analysis,2023,,none,media,"Tasas óptimas en norma supremo para estimación de media en FDA; teoría central de FDA, no específica de bases.",si,https://arxiv.org/abs/2306.04550v2
2477,A Hierarchical Model for Aggregated Functional Data,2011,,none,alta,Modelo jerárquico para datos funcionales agregados con K funciones base B-spline.,no,https://arxiv.org/abs/1102.2773v1
2478,Multiple testing for outlier detection in functional data,2017,,none,alta,"Detección de outliers vía proyección de datos funcionales sobre bases ortonormales (wavelet, PCA).",no,https://arxiv.org/abs/1712.04775v1
2479,Bayesian Function-on-Function Regression for Spatial Functional Data,2024,,none,media,"Regresión función-sobre-función bayesiana espacial; datos de partículas/población, aporte metodológico jerárquico, métodos omitidos.",si,https://arxiv.org/abs/2401.08175v3
2481,Enhancing Spatial Functional Linear Regression with Robust Dimension Reduction Methods,2024,,none,alta,Regresión lineal funcional espacial robusta con FPCA y FPLS; proyección sobre bases ortonormales central.,no,https://arxiv.org/abs/2410.19140v1
2482,A novel framework for detecting multiple change points in functional data sequences,2025,,none,alta,Detección de múltiples puntos de cambio en secuencias funcionales vía expansión en base funcional.,no,https://arxiv.org/abs/2505.15188v2
2483,Nonparametric density estimation for intentionally corrupted functional data,2019,,none,alta,Estimación no paramétrica de densidad para datos funcionales corrompidos; requiere elección de base y parámetros de suavizado.,no,https://arxiv.org/abs/1912.07879v1
2484,Variation Pattern Classification of Functional Data,2020,,none,media,"Clasificación por patrón de variación de datos funcionales vía operadores de covarianza; aplicación neurológica (LFP), base no central.",si,https://arxiv.org/abs/2004.00855v3
2485,Scalable Function-on-Scalar Quantile Regression for Densely Sampled Functional Data,2020,,none,media,Regresión cuantílica función-sobre-escalar escalable para datos funcionales densos; metodología FDA central.,si,https://arxiv.org/abs/2002.03355v4
2486,Gaussian Tree Constraints Applied to Acoustic Linguistic Functional Data,2014,,none,baja,"Restricciones de árbol gaussiano en datos lingüísticos acústicos; genera base separable-CFA, pero aporte primario es evolución de lenguas.",si,https://arxiv.org/abs/1410.0813v1
2487,Post-Nonlinear Sparse Component Analysis Using Single-Source Zones and Functional Data Clustering,2012,,none,baja,"Análisis de componentes dispersos post-no-lineal (separación de fuentes de voz); compara B-spline vs aproximación local, FDA accesoria — posible E1.",si,https://arxiv.org/abs/1204.1085v1
2489,High-dimensional Bayesian Fourier Analysis For Detecting Circadian Gene Expressions,2018,,none,media,Análisis de Fourier bayesiano de alta dimensión para genes circadianos; base de Fourier central al método pese a aplicación genómica.,si,https://arxiv.org/abs/1809.04347v2
2493,Modeling Multivariate Mixed-Response Functional Data,2016,,none,alta,Datos funcionales multivariados de respuesta mixta; FPCA multivariada para especificar expansiones en base.,no,https://arxiv.org/abs/1601.02461v1
2494,Classification of pediatric pneumonia using chest X-rays by functional regression,2020,,none,media,Clasificación de neumonía pediátrica por regresión funcional; selecciona bases desde estructura de covarianza — discusión metodológica sustantiva (excepción E4).,si,https://arxiv.org/abs/2005.03243v1
2497,Bayesian Semiparametric Orthogonal Tucker Factorized Mixed Models for Multi-dimensional Longitudinal Functional Data,2025,,none,alta,Modelos mixtos Tucker factorizados ortogonales para datos funcionales longitudinales multidimensionales; representación en base central.,no,https://arxiv.org/abs/2506.16668v3
2498,Functional Multidimensional Scaling,2025,,none,alta,Escalamiento multidimensional funcional con funciones base B-spline cúbicas.,no,https://arxiv.org/abs/2505.00253v1
2499,Wavelet-based genetic association analysis of functional phenotypes arising from high-throughput sequencing assays,2013,,none,media,Análisis de asociación genética wavelet de fenotipos funcionales; base wavelet central al método pese a aplicación genómica.,si,https://arxiv.org/abs/1307.7203v1
2500,Functional Clustering of Survival Data via Smoothed Log-Hazard Trajectories: A Risk-Dynamics Perspective,2026,,none,alta,Clustering funcional de datos de supervivencia vía FPCA sobre trayectorias log-hazard suavizadas con B-spline.,no,https://arxiv.org/abs/2606.01239v1
2501,Fast symmetric additive covariance smoothing,2016,,none,alta,Suavizado rápido de covarianza aditiva simétrica vía splines penalizados; aplicación en FPCA.,no,https://arxiv.org/abs/1609.07007v1
2502,Bayesian semiparametric modelling of biomarker variability in joint models,2025,,none,media,Modelado bayesiano semiparamétrico de variabilidad de biomarcadores; compara tres enfoques de especificación de trayectoria (spline). Métodos omitidos.,si,https://arxiv.org/abs/2511.15882v1
2503,Dynamics of Liquidity Surfaces in Uniswap v3,2025,,none,alta,"FPCA + factores dinámicos de superficies de liquidez Uniswap v3 (datos financieros DeFi, PR5); compara base empírica vs polinomios de Legendre.",no,https://arxiv.org/abs/2509.05013v1
2504,A Multivariate Multilevel Longitudinal Functional Model for Repeatedly Observed Human Movement Data,2024,,none,media,"Modelo funcional longitudinal multinivel multivariado para datos de movimiento humano; aporte metodológico, aplicación biomecánica, métodos omitidos.",si,https://arxiv.org/abs/2408.08481v1
2505,Cosine Series Representation,2021,,none,alta,Representación en serie de cosenos: expansión explícita en base ortonormal para modelar y filtrar señales biomédicas.,no,https://arxiv.org/abs/2102.03411v2
2506,Mapping-to-Parameter Nonlinear Functional Regression with Novel B-spline Free Knot Placement Algorithm,2024,,none,alta,Regresión funcional no lineal con nuevo algoritmo de colocación de nodos libres para bases B-spline.,no,https://arxiv.org/abs/2401.14989v1
2508,Spatial function-on-function quantile regression,2026,,none,media,"Regresión cuantílica función-sobre-función espacial penalizada; captura volatilidad estado-dependiente, metodología FDA central.",si,https://arxiv.org/abs/2608.20919v1
2509,A functional joint model with baseline functional covariates: linking sitting accumulation patterns to physical function and mortality among older women,2026,,none,media,"Modelo conjunto funcional de patrones de sedentarismo y mortalidad; aporte metodológico, aplicación epidemiológica, métodos omitidos.",si,https://arxiv.org/abs/2608.17278v1
2510,Generalized Linear Models for Geometrical Current predictors. An application to predict garment fit,2018,,none,alta,MLG para predictores de corrientes geométricas (ajuste de prendas); compara explícitamente TRES bases distintas — directamente relevante.,no,https://arxiv.org/abs/1803.03019v2
2511,Nonparametric regression based on discretely sampled curves,2016,,none,alta,Regresión no paramétrica sobre curvas muestreadas discretamente; resultados asintóticos para suavizado y representación en bases.,no,https://arxiv.org/abs/1604.08428v3
2514,Recovering the Underlying Trajectory from Sparse and Irregular Longitudinal Data,2018,,none,alta,Recuperación de trayectorias desde datos dispersos; método SOAP estima funciones base empíricas óptimas como alternativa a FPCA/PACE.,no,https://arxiv.org/abs/1809.06462v1
2515,Profile Estimation for Partial Functional Partially Linear Single-Index Model,2017,,none,alta,Modelo de índice único parcialmente lineal funcional; B-spline de perfil más base de componentes principales funcionales.,no,https://arxiv.org/abs/1703.02736v1
2516,High-Dimensional Functional Mixed-effect Model for Bilevel Repeated Measurements,2021,,none,alta,Modelo funcional de efectos mixtos de alta dimensión para medidas repetidas bilevel; B-splines para suavizar y estimar.,no,https://arxiv.org/abs/2111.06796v1
2517,"Generalized Multivariate Functional Additive Mixed Models for Location, Scale, and Shape",2024,,none,alta,"GAMLSS funcional con MFPCA como base empirica para procesos latentes, metodologia central.",no,https://arxiv.org/abs/2407.20995v1
2518,Aggregated functional data model for Near-Infrared Spectroscopy calibration and prediction,2013,,none,alta,Compara basis smoothing vs smoothing splines con B-splines; discusion metodologica sustantiva pese a dominio quimiometrico (excepcion E4).,no,https://arxiv.org/abs/1310.4066v1
2520,Continuous-time multivariate analysis,2023,,none,alta,"Representacion via B-splines, extension directa del marco de Ramsay-Silverman, PR1 fundacional.",no,https://arxiv.org/abs/2307.09404v3
2521,Functional Additive Mixed Models,2012,,none,alta,Unifica terminos basados en splines y en FPC dentro de modelos aditivos mixtos funcionales.,no,https://arxiv.org/abs/1207.5947v5
2522,On estimation of the effect lag of predictors and prediction in functional linear model,2019,,none,alta,"Coeficientes escritos como expansion en sistema de bases (FPCA, splines), PR1/PR3.",no,https://arxiv.org/abs/1907.09808v1
2523,A comparison of parameter estimation in function-on-function regression,2020,,none,alta,"Comparacion explicita de B-spline, Fourier y base Gaussiana con criterios GCV/AIC/GIC; antecedente directo PR2/PR4.",no,https://arxiv.org/abs/2003.06067v1
2528,An Understanding of Principal Differential Analysis,2024,,none,alta,"PDA usa soluciones de ODE como base para representar datos funcionales, PR1 central.",no,https://arxiv.org/abs/2406.18484v1
2529,Theoretical Properties of Projection Based Multilayer Perceptrons with Functional Inputs,2006,10.1007/s11063-005-3100-2,none,alta,"Proyeccion de datos funcionales sobre subespacio de dimension finita (base), PR1/PR2.",no,https://arxiv.org/pdf/cs/0604001
2533,Sieve Bootstrap for Functional Time Series,2016,,none,alta,"Usa conjunto finito de componentes principales funcionales como base, PR1/PR2/PR4.",no,https://arxiv.org/abs/1609.06029v4
2534,A Functional Approach to Curve Alignment and Shape Analysis,2025,,none,alta,"Tecnicas de expansion en bases para estimar variables de deformacion, PR1.",no,https://arxiv.org/abs/2503.05632v2
2535,Locally Sparse Function on function Regression,2021,,none,alta,"Representacion en base del coeficiente funcional con penalizacion group-lasso, PR1/PR3.",no,https://arxiv.org/abs/2109.13042v1
2536,Robust smoothed canonical correlation analysis for functional data,2020,,none,alta,"Expansion en base y/o penalizaciones como herramienta de regularizacion, PR1/PR3.",no,https://arxiv.org/abs/2011.10576v1
2537,Applying Non-negative Matrix Factorization with Covariates to the Longitudinal Data as Growth Curve Model,2024,,none,media,"Compara base prescrita (GCM) vs base optimizada (NMF); relevante PR1/PR2 aunque es modelo de curva de crecimiento, no FDA continua estricta.",si,https://arxiv.org/abs/2403.05359v4
2539,Conditional multivariate functional PCA for the reconstruction of temperature and salinity profiles partially sampled by deep-diving marine mammals,2026,,none,alta,FPCA multivariante condicional como contribucion metodologica; aplicacion oceanografica con discusion sustantiva (excepcion E4).,no,https://arxiv.org/abs/2608.05376v1
2540,Classification of EEG recordings in auditory brain activity via a logistic functional linear regression model,2014,,none,alta,Representacion wavelet comparada con reduccion PCA/PLS; discusion metodologica de base pese a dominio EEG (excepcion E4).,no,https://arxiv.org/abs/1407.1195v1
2541,A functional approach to deconvolve dynamic neuroimaging data,2014,,none,alta,Deconvolucion basada en FPCA con numero reducido de funciones base; dominio PET pero con discusion metodologica de base (excepcion E4).,no,https://arxiv.org/abs/1411.2051v1
2543,Adaptive inference for the mean of a stochastic process in functional data,2009,,none,alta,"Estimadores por umbral relativos a una base aproximante, base elegida por validacion cruzada de una libreria de bases; PR1/PR3 central.",no,https://arxiv.org/abs/0905.3091v1
2544,Functional linear and single-index models: A unified approach via Gaussian Stein identity,2022,,none,alta,"Marco unificado para modelos lineales funcionales y de indice simple via RKHS, metodologia central de regresion funcional PR1/PR2.",no,https://arxiv.org/abs/2206.03975v2
2545,Interpretable sparse SIR for functional data,2016,,none,media,"Reduccion de dimension y seleccion de intervalos para predictores funcionales, relevante PR1/PR3 aunque no es expansion en base clasica.",si,https://arxiv.org/abs/1606.00614v4
2546,smoothEM: a new approach for the simultaneous assessment of smooth patterns and spikes,2022,,none,alta,"Suavizado por splines penalizados para separar patron suave de picos irregulares, directamente relevante PR3/PR4.",no,https://arxiv.org/abs/2206.05718v5
2547,A Novel Statistical Method Based on Dynamic Models for Classification,2014,,none,alta,Usa ODE y analisis diferencial principal (base) para clasificacion de datos funcionales (ECG); discusion metodologica pese a dominio medico (excepcion E4).,no,https://arxiv.org/abs/1410.7029v1
2549,Model-based regression clustering for high-dimensional data. Application to functional data,2014,,none,alta,"Extension a datos funcionales mediante un enfoque basado en wavelets, PR1/PR4.",no,https://arxiv.org/abs/1409.1333v2
2550,Testing marginal homogeneity in Hilbert spaces with applications to stock market returns,2020,,none,alta,"Aplicacion de FDA a retornos de mercados bursatiles, satisface I1 por la clausula de aplicacion economica/financiera (PR5).",no,https://arxiv.org/abs/2001.02488v2
2551,Band Depth based initialization of $k$-Means for functional data clustering,2021,,none,media,Ajusta B-splines a las observaciones como paso de representacion previo al clustering; base presente pero no es el foco central.,si,https://arxiv.org/abs/2106.01129v1
2552,Optimal rates for estimating the covariance kernel from synchronously sampled functional data,2024,,none,media,"Estimacion de la funcion de covarianza, objeto central de FPCA/Karhunen-Loeve; teorico, sin mencion explicita de bases en el resumen.",si,https://arxiv.org/abs/2407.13641v2
2554,DeepFRC: An End-to-End Deep Learning Model for Functional Registration and Classification,2025,,none,alta,"Representacion espectral con base de Fourier para embedding funcional suave, PR1/PR4.",no,https://arxiv.org/abs/2501.18116v3
2555,Nonparametric function-on-scalar regression using deep neural networks,2025,,none,alta,"Discusion comparativa explicita de limitaciones de bases tipo splines frente a alternativa de red neuronal, PR2/PR4.",no,https://arxiv.org/abs/2503.23935v1
2556,Adaptive Ridge-Regularized Hotelling Change-Point Tests for Functional Data,2026,,none,alta,"Expansion en base creciente convierte observaciones funcionales en vectores de score, PR1/PR3/PR4 (deteccion de cambios).",no,https://arxiv.org/abs/2607.16976v1
2557,Unified theory of testing relevant hypotheses in functional time series,2025,,none,alta,"Estimacion B-spline combinada con auto-normalizacion para series temporales funcionales, PR1/PR4.",no,https://arxiv.org/abs/2508.18624v2
2558,Enhanced Change-Point Detection in Functional Means,2022,,none,alta,"Eficiencia en la seleccion de funciones base que capturan el cambio/salto, directamente PR3/PR4.",no,https://arxiv.org/abs/2205.04299v4
2560,Dynamic Function-on-Scalars Regression,2018,,none,alta,"Modelo de datos funcionales de rango reducido con expansion en base funcional desconocida; aplicacion macroeconomica, PR1/PR5.",no,https://arxiv.org/abs/1806.01460v2
2561,Robust Functional Regression with Discretely Sampled Predictors,2023,,none,alta,"Splines de placa delgada con penalizacion cuadratica novedosa, PR1/PR3, enfoque robusto.",no,https://arxiv.org/abs/2311.13291v1
2562,Local Optimization of Black-Box Function with High or Infinite-Dimensional Inputs,2015,,none,alta,Considera distintas bases de reduccion de dimension (incluida base derivada de datos); dominio de seguridad nuclear con discusion metodologica (excepcion E4).,no,https://arxiv.org/abs/1506.02886v3
2563,Approximation of RKHS Functionals by Neural Networks,2024,,none,media,"Contrasta expansiones en base tradicionales con su enfoque de evaluacion puntual; mas teoria de aproximacion con redes neuronales que FDA estadistica, borderline.",si,https://arxiv.org/abs/2403.12187v1
2565,Functional Horseshoe Smoothing for Functional Trend Estimation,2022,,none,alta,"Seleccion del numero de funciones base via perdida predictiva posterior; tambien captura cambios abruptos, PR3/PR4.",no,https://arxiv.org/abs/2204.09898v2
2567,A class of multi-resolution approximations for large spatial datasets,2017,10.1007/s13253-020-00401-7,none,alta,"Aproximaciones de proceso Gaussiano con funciones base en multiples resoluciones, PR1/PR2 (datos espaciales/funcionales).",no,https://arxiv.org/pdf/1710.08976
2570,Bayesian functional graphical models,2021,,none,alta,"Combina modelado de funciones base no parametricas con regularizacion Bayesiana grafica, PR1.",no,https://arxiv.org/abs/2108.05034v1
2571,Bayesian Function-on-Scalars Regression for High Dimensional Data,2018,,none,alta,"Respuesta funcional modelada con funciones base desconocidas; seleccion conjunta de covariables, PR1/PR3.",no,https://arxiv.org/abs/1808.06689v2
2572,Statistical Inference for High Dimensional Panel Functional Time Series,2020,,none,alta,"Adopta idea de descomposicion en base de datos funcionales para series de tiempo funcionales de alta dimension, PR1/PR4.",no,https://arxiv.org/abs/2003.05968v1
2573,Semiparametric Functional Factor Models with Bayesian Rank Selection,2021,,none,alta,"Base funcional no parametrica infinito-dimensional aprendida de los datos, con seleccion Bayesiana de rango, PR1/PR3.",no,https://arxiv.org/abs/2108.02151v3
2575,Model Testing for Generalized Scalar-on-Function Linear Models,2019,,none,alta,"Representacion de efectos mixtos con splines penalizados y pruebas de componentes de varianza, PR1/PR3.",no,https://arxiv.org/abs/1906.04889v1
2576,Deep functional multiple index models with an application to SER,2024,,none,media,Integra capas de base adaptativa dentro de arquitectura de deep learning; dominio de reconocimiento de emociones en voz con discusion metodologica de base (excepcion E4).,si,https://arxiv.org/abs/2403.17562v1
2577,Spatial Clustering of Curves with Functional Covariates: A Bayesian Partitioning Model with Application to Spectra Radiance in Climate Study,2016,,none,baja,"Modelo mixto funcional y particionamiento espacial; no se ve discusion explicita de eleccion de base en el extracto, aplicacion climatica (posible E4).",si,https://arxiv.org/abs/1604.00059v1
2579,Deep Survival Analysis for Competing Risk Modeling with Functional Covariates and Missing Data Imputation,2025,,none,media,Capa de base (Basis Layer) para representacion de datos funcionales dentro de red profunda; dominio UCI/supervivencia con discusion metodologica breve (excepcion E4).,si,https://arxiv.org/abs/2509.25381v1
2581,FAME: Adaptive Functional Attention with Expert Routing for Function-on-Function Regression,2025,,none,alta,"Contrasta explicitamente con expansiones en base pre-elegidas/kernels, propone alternativa completamente basada en datos; PR2/PR4 comparativo.",no,https://arxiv.org/abs/2510.00621v1
2582,Uncovering Regions of Maximum Dissimilarity on Random Process Data,2022,,none,media,"Metodología FDA: funciones parámetro vía representación en base, inferencia bayesiana INLA; aplic. criminología/finanzas/medicina. Posible E1, base es herramienta.",si,https://arxiv.org/abs/2209.05569v1
2583,Functional-Edged Network Modeling,2024,,none,media,"Modelado de redes con aristas funcionales; descomposición de Tucker funcional, regulariza matrices de base. Discusión de base probablemente en métodos omitidos.",si,https://arxiv.org/abs/2404.00218v2
2584,Partially Functional Dynamic Backdoor Diffusion-based Causal Model,2025,,none,media,Inferencia causal con variables funcionales vía coeficientes de expansión en base; da garantías teóricas sobre la expansión en base. Aplic. contaminación aire.,si,https://arxiv.org/abs/2509.00472v3
2585,A unified approach for testing in Hilbert spaces on incomplete data,2026,,none,baja,"Contraste de hipótesis en espacios de Hilbert con datos incompletos; datos funcionales como uno de varios settings, no discute elección de base. Fronterizo E1.",si,https://arxiv.org/abs/2607.13209v1
2586,Function-On-Function Regression Through Separable Neural Operators,2026,,none,media,Regresión función-a-función vía operadores neuronales separables con funciones de base output-dependientes; consistencia. Aplic. oceanográfica (Argo).,si,https://arxiv.org/abs/2608.19070v1
2588,High-dimensional Functional Graphical Model Structure Learning via Neighborhood Selection Approach,2021,,none,alta,Modelo grafico funcional: estudia EXPLÍCITAMENTE el efecto de la elección de la base para reducción de dimensión y da criterio heurístico para elegirla. Directamente PR1/PR3.,no,https://arxiv.org/abs/2105.02487v3
2589,Semi-parametric Functional Classification via Path Signatures Logistic Regression with Adaptive Order Selection,2025,,none,media,Clasificación funcional vía firmas de camino (representación libre de base) con selección adaptativa del orden de truncamiento por criterio penalizado. PR3.,no,https://arxiv.org/abs/2507.06637v2
2590,Flexible Bayesian Nonparametric Product Mixtures for Multi-scale Functional Clustering,2024,,none,media,Clustering funcional multi-escala centrado en expansiones en base para funciones de alta dimensión; priors DP sobre subconjuntos de coeficientes de base.,si,https://arxiv.org/abs/2412.09792v1
2591,Adaptive Ridge-Penalized Functional Local Linear Regression,2021,,none,alta,Regresión local lineal funcional con penalización ridge adaptativa; aborda sensibilidad a la dimensión J del subespacio de proyección y penalización de rugosidad por base. PR3.,no,https://arxiv.org/abs/2109.08308v1
2592,Regression Analyses of Distributions using Quantile Functional Regression,2018,,none,media,Regresión funcional cuantílica: modela distribución marginal completa vía función cuantil como dato funcional. Contribución metodológica; dominio radiomica (posible E4).,si,https://arxiv.org/abs/1810.03496v1
2594,Probabilistic size-and-shape functional mixed models,2024,,none,media,"Modelos mixtos funcionales de tamaño-y-forma; recuperación de efecto fijo bajo transformaciones unitarias del Hilbert, fase/amplitud. Metodología FDA.",si,https://arxiv.org/abs/2411.18416v1
2599,Functional proportional hazards mixture cure model and its application to modelling the association between cancer mortality and physical activity in NHANES 2003-2006,2023,,none,media,Modelo funcional de riesgos proporcionales con cura; enfoque penalizado por splines con penalización de rugosidad. Contribución metodológica; dominio salud (posible E4).,si,https://arxiv.org/abs/2302.07340v2
2600,Testing for the Rank of a Covariance Operator,2019,,none,alta,Test para el rango de un operador de covarianza; central para métodos FDA que requieren representaciones de baja dimensión (FPCA u otras). Directamente PR2/PR3.,no,https://arxiv.org/abs/1901.02333v2
2601,"Gaussian Process Differential Ensembles for Joint Inference on Curves, Derivatives, and Integrals",2026,,none,media,Ensembles diferenciales de procesos gaussianos; aplica operadores derivada/integral a funciones de base Laplaciano-Dirichlet. Metodología de suavizado funcional.,si,https://arxiv.org/abs/2606.23036v1
2604,A Stochastic Process Model for Time Warping Functions,2022,,none,media,"Modelo de proceso estocástico para funciones de warping temporal; adopta base L2 del Hilbert para representación, permite FPCA. Metodología FDA (registro).",no,https://arxiv.org/abs/2201.09970v2
2606,Supervised Learning of Functional Outcomes with Predictors at Different Scales: A Functional Gaussian Process Approach,2026,,none,media,Aprendizaje supervisado de resultados funcionales con predictores a múltiples escalas vía proceso gaussiano funcional. Dominio experimentos por computadora (posible E4).,si,https://arxiv.org/abs/2602.09351v1
2614,How far can symmetry help? Phase transitions and symmetry selection in sparse functional data analysis,2026,,none,media,FDA dispersa: transición de fase de la superficie de covarianza y selección de simetría; tasas minimax. Teoría de estimación de covarianza/FPCA.,no,https://arxiv.org/abs/2608.27055v1
2615,EEG-EyeTrack: A Benchmark for Time Series and Functional Data Analysis with Open Challenges and Baselines,2025,,none,baja,Benchmark de datos para FDA (reconstrucción de movimientos oculares desde EEG) con redes neuronales funcionales de referencia. Dominio EEG; posible E1/E4.,si,https://arxiv.org/abs/2504.03760v1
2616,Functional Principal Component Analysis for Cointegrated Functional Time Series,2020,,none,alta,"FPCA para series de tiempo funcionales cointegradas; modificación de FPCA como herramienta estadística nueva. Series económicas no estacionarias, PR5.",no,https://arxiv.org/abs/2011.12781v8
2617,Dynamic Functional Principal Component,2012,,none,alta,"FPCA dinámico: critica el FPCA estático para series de tiempo y propone versión dinámica en dominio de frecuencia. Metodología FPCA central, PR2.",no,https://arxiv.org/abs/1210.7192v5
2619,Functional data analysis in the Banach space of continuous functions,2017,,none,media,Desarrolla metodología FDA en el espacio de Banach de funciones continuas (en vez de L2-Hilbert); motivado por limitaciones de la métrica L2. Relevante a elección de representación.,no,https://arxiv.org/abs/1710.07781v2
2621,Efficient Bayesian functional principal component analysis of irregularly-observed multivariate curves,2023,,none,alta,FPCA bayesiano eficiente para curvas multivariadas observadas irregularmente; marco jerárquico con scores FPC compartidos. Metodología FPCA central.,no,https://arxiv.org/abs/2311.05200v2
2622,Remaining Useful Life Estimation Using Functional Data Analysis,2019,,none,media,Estimación de vida útil remanente vía MLP funcional; contribución metodológica pero dominio prognosis industrial y poca discusión de base (posible E1/E4).,si,https://arxiv.org/abs/1904.06442v1
2623,Stochastic Volatility Regression for Functional Data Dynamics,2012,,none,media,Regresión de volatilidad estocástica para dinámica de datos funcionales; discute que los modelos FDA asumen suavidad idéntica y dan representación inadecuada. Discusión de calidad de representación.,si,https://arxiv.org/abs/1212.0181v1
2625,A Functional Data Analysis Approach to Evolution Outlier Detection for Grouped Smart Meters,2021,,none,media,"Detección de outliers de evolución en medidores inteligentes agrupados vía profundidad funcional; contribución metodológica, datos de consumo eléctrico (económico-adyacente).",si,https://arxiv.org/abs/2107.01144v4
2626,Registration for Incomplete Non-Gaussian Functional Data,2021,,none,media,"Registro de datos funcionales incompletos y no gaussianos; separación fase/amplitud, usa FPCs. Metodología FDA (registro).",si,https://arxiv.org/abs/2108.05634v1
2627,Statistical Analysis of Network Collections Using Persistent Homology and Functional Data Analysis,2026,,none,media,Análisis estadístico de colecciones de redes vía homología persistente + FDA; FDA es una de dos herramientas centrales (posible E1). Redes financieras entre aplicaciones.,si,https://arxiv.org/abs/2607.23596v1
2628,The EE-Classifier: A classification method for functional data based on extremality indexes,2024,,none,media,"EE-Classifier: clasificación de datos funcionales vía índices de extremalidad (epígrafe/hipógrafo), revisa métodos basados en profundidad. Autores latinoamericanos (Colombia), PR5.",no,https://arxiv.org/abs/2411.14999v1
2629,Phenology curve estimation via a mixed model representation of functional principal components: Characterizing time series of satellite-derived vegetation indices,2024,,none,media,Estimación de curva de fenología vía representación de modelo mixto de FPCs; regresión armónica + FPCA. Autores mexicanos (PR5); dominio teledetección vegetal (posible E4).,si,https://arxiv.org/abs/2403.14451v1
2630,Noise reduction for functional time series,2023,,none,alta,Reducción de ruido para series de tiempo funcionales extendiendo FPCA; proyección óptima MISE que separa dinámica de ruido. Metodología FTS central.,no,https://arxiv.org/abs/2307.02154v1
2631,On Consistency and Sparsity for High-Dimensional Functional Time Series with Application to Autoregressions,2020,,none,alta,"Consistencia y sparsity para series de tiempo funcionales de alta dimensión con autorregresiones; medida de estabilidad funcional espectral. Metodología FTS, económico-adyacente.",no,https://arxiv.org/abs/2003.11462v2
2632,Practical Forecasting of Environmental Maps: A Functional Data Approach,2022,,none,media,Pronóstico de mapas ambientales vía enfoque de datos funcionales (series de tiempo de superficies). Contribución metodológica; dominio ambiental (posible E4).,si,https://arxiv.org/abs/2202.03332v2
2633,A Unified Principal Components Analysis for Stationary Functional Time Series,2024,,none,alta,"PCA unificado para series de tiempo funcionales estacionarias; ""filtros funcionales óptimos"" que unifican y mejoran FPCA convencional. Directamente PR2/PR3.",no,https://arxiv.org/abs/2408.02343v3
2634,Intraday FX Volatility-Curve Forecasting with Functional GARCH Approaches,2023,,none,alta,"Pronóstico de curvas de volatilidad intradía de divisas (FX) con modelos GARCH funcionales; FPCA multinivel, heterocedasticidad condicional, VaR. Directamente PR4/PR5/PR7.",no,https://arxiv.org/abs/2311.18477v3
2635,Enhancing Mean-Reverting Time Series Prediction with Gaussian Processes: Functional and Augmented Data Structures in Financial Forecasting,2024,,none,media,"Predicción de series con reversión a la media vía procesos gaussianos con estructuras de datos funcionales; pronóstico financiero, volatilidad, ratios de Sharpe. PR5.",si,https://arxiv.org/abs/2403.00796v1
2636,Functional Time Series,2015,,none,media,Artículo de revisión/introducción a series de tiempo funcionales: técnicas de dependencia temporal en FDA. Relevante al estado del arte de FTS.,si,https://arxiv.org/abs/1502.07113v1
2637,Stable Multivariate Functional Time Series Prediction for Major Geomagnetic Indices,2026,,none,media,Predicción estable de series de tiempo funcionales multivariadas para índices geomagnéticos; marco robusto con segmentos solapados y predictores exógenos. Contribución metodológica; dominio clima espacial (posible E4).,si,https://arxiv.org/abs/2606.14417v1
2638,Permutation Tests for Equality of Distributions of Functional Data,2018,,none,alta,"Tests de permutación para igualdad de distribuciones de datos funcionales; autores de Economía (Duke/Northwestern), datos económicos (consumo de electricidad/gas). Metodología + PR5.",no,https://arxiv.org/abs/1803.00798v4
2639,Parameter clustering in Bayesian functional PCA of fMRI data,2019,,none,media,Clustering de parámetros en FPCA bayesiano (PCl-fPCA); fusiona FDA y no-paramétrica bayesiana. Contribución metodológica FPCA; dominio fMRI/neurociencia (posible E4).,si,https://arxiv.org/abs/1904.11758v3
2640,Bootstrap methods for stationary functional time series,2016,,none,alta,"Métodos bootstrap para series de tiempo funcionales estacionarias; basados en FPCA, comparan tres métodos para la covarianza de largo plazo. Metodología FTS central.",no,https://arxiv.org/abs/1610.00773v1
2641,Review of Clustering Methods for Functional Data,2022,,none,alta,Revisión de métodos de clustering para datos funcionales; sistematiza el campo. Directamente útil para el estado del arte.,no,https://arxiv.org/abs/2210.00847v1
2642,FuNVol: A Multi-Asset Implied Volatility Market Simulator using Functional Principal Components and Neural SDEs,2023,,none,alta,"FuNVol: simulador de superficies de volatilidad implícita multi-activo vía componentes principales funcionales y SDEs neuronales. Directamente PR5/PR7 (financiero, volatilidad implícita).",no,https://arxiv.org/abs/2303.00859v4
2643,Model-Based Clustering and Classification of Functional Data,2018,,none,alta,Clustering y clasificación basados en modelos para datos funcionales; modelos de mezcla / datos latentes en marco FDA. Metodología FDA central.,no,https://arxiv.org/abs/1803.00276v2
2645,Principal component analysis of periodically correlated functional time series,2016,,none,alta,"PCA para series de tiempo funcionales periódicamente correlacionadas; filtros operador-valuados periódicos, fórmulas de inversión. Variante de FPCA, metodología central.",no,https://arxiv.org/abs/1612.00040v1
2646,Bayesian Spatial Homogeneity Pursuit of Functional Data: an Application to the U.S. Income Distribution,2020,,none,alta,Búsqueda bayesiana de homogeneidad espacial de datos funcionales: distribución del ingreso de EE.UU. vía curvas de Lorenz. Directamente PR5 (económico) + metodología.,no,https://arxiv.org/abs/2002.06663v3
2647,Simultaneous Inference for Partially Observed Functional Time Series,2026,,none,alta,Inferencia simultánea para series de tiempo funcionales parcialmente observadas y dependientes; modelado en espacio de funciones acotadas con norma supremo. Metodología FTS central.,no,https://arxiv.org/abs/2606.31269v1
2649,Approximate Factor Models for Functional Time Series,2022,,none,alta,Modelo de factores aproximados para FTS aplicado a curvas de rendimiento y mortalidad; compara con FPCA. Central a I1/PR5.,no,https://arxiv.org/abs/2201.02532v4
2650,White noise testing for functional time series via functional quantile autocorrelation,2026,,none,media,Test de ruido blanco para FTS con aplicacion a datos financieros de alta frecuencia. FDA aplicada a series financieras.,no,https://arxiv.org/abs/2601.09371v2
2651,Functional Time Series Analysis Based on Records,2019,,none,media,"Herramientas no parametricas para FTS (curvas record, test de raiz unitaria). Metodologia FDA para series funcionales.",no,https://arxiv.org/abs/1909.06083v2
2652,A Darling-Erdős-type CUSUM-procedure for functional data II,2014,,none,alta,Test CUSUM tipo Darling-Erdos para FTS usando FPCA (eigenfunciones del operador de covarianza de largo plazo); menciona ARCH funcional.,no,https://arxiv.org/abs/1407.3625v2
2653,Detection of Structural Distortions in Functional Time Series,2026,,none,media,"Deteccion bayesiana de rupturas estructurales en FTS, representacion en espacio de estados, datos financieros y de temperatura.",no,https://arxiv.org/abs/2608.13762v1
2654,Convergence of covariance and spectral density estimates for high-dimensional functional time series,2025,,none,media,Teoria de convergencia para estimadores de covarianza y densidad espectral en FTS de alta dimension; aplica a FPCA dinamico.,no,https://arxiv.org/abs/2512.13310v1
2655,A Skew-t-Normal Multi-Level Reduced-Rank Functional PCA Model with Applications to Replicated `Omics Time Series Data Sets,2011,,none,media,Modelo FPCA multinivel de rango reducido (skew-t-normal); contribucion metodologica de FPCA pese a aplicacion omica.,no,https://arxiv.org/abs/1112.0152v1
2656,Prokhorov Metric Convergence of the Partial Sum Process for Reconstructed Functional Data,2025,,none,baja,"Teoria de probabilidad para FDA (principios de invarianza, sumas parciales, datos funcionales reconstruidos de observaciones dispersas). Tangencial pero FDA.",si,https://arxiv.org/abs/2506.21172v1
2658,Linear Processes for Functional Data,2009,,none,alta,"Estado del arte de procesos lineales para datos funcionales (ARMA funcional); menciona PCA/regresion, curvas de tasas de interes.",no,https://arxiv.org/abs/0901.2503v1
2659,A General Theory for Large-Scale Curve Time Series via Functional Stability Measure,2018,,none,media,Teoria general para series de curvas de gran escala via medida de estabilidad funcional; FPCA y autorregresion funcional vectorial.,no,https://arxiv.org/abs/1812.07619v2
2660,Functional Data-Driven Quantile Model Averaging with Application to Cryptocurrencies,2023,,none,alta,"Promediado de modelos cuantiles para datos funcionales aplicado a criptomonedas (VaR, riesgo de cola); seleccion del numero de componentes via CV. PR3/PR5.",no,https://arxiv.org/abs/2310.01970v2
2661,Clustering of functional boxplots for multiple streaming time series,2012,,none,media,"Micro-clustering de boxplots funcionales para series de flujo; estructuras de datos funcionales, estadisticos funcionales basicos.",no,https://arxiv.org/abs/1212.2784v1
2662,Biarchetype analysis for univariate functional data. An application to macroeconomic financial time series,2026,10.1007/978-3-032-30877-1_5,none,alta,"Analisis biarchetype para datos funcionales univariados aplicado a rendimientos de bonos soberanos europeos 2001-2025. FDA en series financieras, PR5.",no,https://arxiv.org/pdf/2606.15881
2663,Estimating functional time series by moving average model fitting,2017,,none,alta,"Estimacion de FTS via ajuste de media movil funcional; proyecciones en direcciones principales, estrategias para seleccionar el numero de direcciones. PR3.",no,https://arxiv.org/abs/1701.00770v1
2665,Extremal correlation coefficient for functional data,2024,,none,media,Coeficiente de correlacion extremal para datos funcionales (variacion regular en Banach); aplicacion a datos funcionales financieros y climaticos.,no,https://arxiv.org/abs/2405.17318v3
2666,Robust Functional Data Analysis for Stochastic Evolution Equations in Infinite Dimensions,2024,,none,media,"Teoria asintotica robusta para covariaciones en ecuaciones de evolucion estocastica infinito-dimensionales; reduccion de dimension estilo FPCA, volatilidad estocastica.",no,https://arxiv.org/abs/2401.16286v3
2667,A portmanteau test for multivariate non-stationary functional time series with an increasing number of lags,2024,,none,media,Test portmanteau para FTS multivariada no estacionaria; aplicacion a precios de electricidad y consumo energetico.,no,https://arxiv.org/abs/2501.00118v2
2668,The autoregression bootstrap for kernel estimates of smooth nonlinear functional time series,2018,,none,alta,Bootstrap de autorregresion para estimadores kernel de FTS no lineal suave (marco Ferraty-Vieu); datos financieros/electricidad.,no,https://arxiv.org/abs/1811.06172v1
2669,Longitudinal Support Vector Machines for High Dimensional Time Series,2020,,none,media,SVM longitudinal para series de tiempo de alta dimension; extension del margen SVM a datos funcionales. Metodologia de clasificacion funcional.,no,https://arxiv.org/abs/2002.09763v1
2670,Long range dependence spectral testing from discretely observed functional time series in manifolds,2025,,none,alta,"Test espectral de dependencia de largo rango en FTS en variedades; base sieve de armonicos esfericos, seleccion del parametro sieve, reconstruccion por series LS. PR3/PR4.",no,https://arxiv.org/abs/2511.00518v2
2671,A Flexible Spatial Autoregressive Modelling Framework for Mixed Covariates of Multiple Data Types,2018,,none,media,Modelo autorregresivo espacial con covariables funcionales/composicionales/numericas; estimacion basada en FPCA. Contexto de economia regional.,no,https://arxiv.org/abs/1811.02809v1
2672,Detecting structural breaks in eigensystems of functional time series,2019,,none,alta,Deteccion de rupturas estructurales relevantes en eigensistemas de FTS (eigenfunciones/eigenvalores del operador de covarianza); fPCA central. PR2.,no,https://arxiv.org/abs/1911.07580v1
2673,Trend and Variable-Phase Seasonality Estimation from Functional Data,2017,,none,alta,"Estimacion de tendencia y estacionalidad de fase variable desde datos funcionales; log-verosimilitud para seleccionar el subespacio de tendencia, comparacion con modelos candidatos. PR3, datos de precio de electricidad/tipo de cambio.",no,https://arxiv.org/abs/1704.07358v1
2674,A similarity measure for second order properties of non-stationary functional time series with applications to clustering and testing,2018,,none,media,"Medida de similitud para propiedades de segundo orden de FTS no estacionaria; operadores de densidad espectral, clustering y testing. Aplicaciones en finanzas/meteorologia.",no,https://arxiv.org/abs/1810.08292v2
2675,Graph-based Change Point Detection for Functional Data,2025,,none,media,Deteccion de punto de cambio basada en grafos para datos funcionales; aplicacion a retornos de activos de alta frecuencia y precios de electricidad.,no,https://arxiv.org/abs/2503.17648v1
2676,Deep learning estimation of the spectral density of functional time series on large domains,2026,,none,media,Estimacion por deep learning de la densidad espectral de FTS en dominios grandes; usa teoria de componentes principales funcionales espectrales.,no,https://arxiv.org/abs/2601.00284v1
2677,Attribution of Spurious Factors from High-Dimensional Functional Time Series,2026,,none,media,"Atribucion de factores espurios en FTS de alta dimension; operador de covarianza muestral, FPCA, modelos de factores funcionales, eigen-analisis. Contexto de finanzas actuariales.",no,https://arxiv.org/abs/2603.26297v1
2678,Testing separability for continuous functional data,2023,,none,media,"Test de separabilidad para datos funcionales continuos; estructura de covarianza en FTS, menciona PCA y Kriging como herramientas centrales.",no,https://arxiv.org/abs/2301.04487v1
2679,History matching for functional data,2025,,none,media,"History matching funcional para calibracion de modelos computacionales; proyeccion aleatoria Wiener, seleccion de umbral, emulacion GP. Contribucion metodologica sustantiva (FHM).",si,https://arxiv.org/abs/2509.04342v2
2680,Pivotal tests for relevant differences in the second order dynamics of functional time series,2020,,none,media,"Tests pivotales para diferencias relevantes en la dinamica de segundo orden de FTS; operadores de densidad espectral, eigenelementos, modos de variacion.",no,https://arxiv.org/abs/2004.04724v5
2682,Asymptotic Theory for Regularized Estimation in Functional Time Series Models,2025,,none,alta,"Teoria asintotica para estimacion regularizada en modelos FTS (FAR); regularizacion de Tikhonov, mal condicionamiento, descomposicion sesgo-varianza del MSPE. PR3.",no,https://arxiv.org/abs/2506.05922v2
2683,Functional Singular Spectrum Analysis,2019,,none,alta,"Analisis de espectro singular funcional para FTS; integra FDA y SSA, compara con MSSA y FPCA dinamico (dFPCA), SVD, eigentriples.",no,https://arxiv.org/abs/1906.05232v2
2684,Robust Change-Point Detection for Functional Time Series Based on $U$-Statistics and Dependent Wild Bootstrap,2022,,none,media,"Deteccion robusta de punto de cambio para FTS via U-estadisticos y bootstrap salvaje dependiente; proyeccion FPCA, Wilcoxon generalizado a datos funcionales.",no,https://arxiv.org/abs/2206.01458v4
2685,Demystifying Functional Random Forests: Novel Explainability Tools for Model Transparency in High-Dimensional Spaces,2024,,none,media,"Herramientas de explicabilidad para bosques aleatorios funcionales; heatmaps de probabilidad de FPC, metricas de importancia de FPC, varianza explicada. PR2.",no,https://arxiv.org/abs/2408.12288v1
2687,Beyond average warming: Two-sample inference for dense-sparse functional data reveals changes in intraday temperature patterns,2026,,none,media,"Inferencia de dos muestras para datos funcionales denso-disperso; curvas de temperatura alemanas, transfer learning, bandas de confianza uniformes. Contribucion metodologica sustantiva de inferencia funcional.",si,https://arxiv.org/abs/2605.27335v1
2688,Spatial function-on-function regression,2024,,none,alta,Regresion funcion-sobre-funcion espacial integrando SAR con FPCA; descomposicion FPC espacial en respuesta y FPCA clasico en predictor. Aplicacion a datos de COVID-19 de Brasil (PR5).,no,https://arxiv.org/abs/2412.17327v1
2689,Spatial Functional Linear Model and its Estimation Method,2018,,none,media,Modelo lineal funcional espacial (FLM+SAR); estimacion basada en FPCA y MLE. Contexto de economia espacial.,no,https://arxiv.org/abs/1811.00314v1
2691,Making Event Study Plots Honest: A Functional Data Approach to Causal Inference,2025,,none,media,"Enfoque de datos funcionales para inferencia causal (diferencias-en-diferencias, event study plots); proceso gaussiano en Banach, bandas de confianza simultaneas. FDA aplicada a econometria.",no,https://arxiv.org/abs/2512.06804v3
2692,A goodness-of-fit test for functional time series with applications to Ornstein-Uhlenbeck processes,2022,,none,alta,"Test de bondad de ajuste para FTS con aplicacion a procesos Ornstein-Uhlenbeck; datos financieros de alta frecuencia, modelos ARH, tipos de cambio intra-dia. PR4/PR5.",no,https://arxiv.org/abs/2206.12821v1
2694,Functional Classwise Principal Component Analysis: A Novel Classification Framework,2021,,none,alta,"Analisis de componentes principales funcionales por clase; espacio de caracteristicas lineal por tramos, ortogonalizacion Gram-Schmidt, extraccion de caracteristicas via FPCA por clase. PR2.",no,https://arxiv.org/abs/2106.13959v1
2695,Statistical Inference for Bures-Wasserstein Flows,2023,,none,media,"Inferencia para flujos de Bures-Wasserstein; operadores de covarianza variantes en el tiempo, expansion de Karhunen-Loeve, construccion de FPCA. PR1/PR2.",no,https://arxiv.org/abs/2310.13764v2
2696,Functional Autoregression Without Truncation: A Continuous-Regularization Approach,2026,,none,alta,"Autorregresion funcional sin truncamiento (regularizacion continua); demuestra que la eleccion del nivel de truncamiento K de FPCA es consecuente y depende del regimen, propone estimador Tikhonov. Antecedente directo, PR3.",no,https://arxiv.org/abs/2604.25205v1
2697,Day-Ahead Electricity Price Forecasting Using Merit-Order Curves Time Series,2025,,none,alta,"Pronostico de precio de electricidad dia-siguiente usando series de curvas de merit-order; compara enfoque de representacion funcional vs discretizacion en mercados italiano/aleman/frances 2023-2024. PR5, comparacion de representaciones.",no,https://arxiv.org/abs/2512.17758v3
2698,Nonparametric forecasting of multivariate probability density functions,2018,,none,alta,"Pronostico no parametrico de series de funciones de densidad de probabilidad multivariadas; isometria a L2, tecnicas FDA no parametricas, puntajes fPCA, numero de componentes por variabilidad explicada. S&P500/NASDAQ, PR3/PR5.",no,https://arxiv.org/abs/1803.06823v1
2699,Estimating Sleep & Work Hours from Alternative Data by Segmented Functional Classification Analysis (SFCA),2020,,none,media,"Analisis de clasificacion funcional segmentada (SFCA) para estimar horas de sueno/trabajo desde datos alternativos; compara con metodos lineales/funcionales/clasificacion, FPCA para reduccion de dimension. Contexto de econometria, datos de demanda electrica de EEUU.",no,https://arxiv.org/abs/2010.08102v1
2700,Exponential mixing properties of nonlinear functional autoregressive models,2026,,none,media,"Modelos autorregresivos funcionales no lineales (NFAR), propiedades de mezcla y operator learning; metodologia de series funcionales.",si,https://arxiv.org/abs/2605.25633v1
2701,Wasserstein Regression,2020,,none,media,"Regresion Wasserstein distribucion-a-distribucion, extiende regresion funcion-a-funcion de FDA; geometria de espacios tangentes.",si,https://arxiv.org/abs/2006.09660v2
2702,Nonparametric Depth and Quantile Regression for Functional Data,2016,,none,alta,Regresion de profundidad/cuantiles no parametrica para datos funcionales; aplicacion economica (PIB per capita vs tasa de ahorro).,no,https://arxiv.org/abs/1607.03752v2
2703,fsemipar: an R package for SoF semiparametric regression,2024,,none,media,Paquete R para regresion semiparametrica escalar-sobre-funcion; herramienta de implementacion de metodos FDA con seleccion de variables.,no,https://arxiv.org/abs/2405.14048v1
2706,Enriched Functional Tree-Based Classifiers: A Novel Approach Leveraging Derivatives and Geometric Features,2024,,none,media,Clasificadores funcionales basados en arboles enriquecidos con derivadas y features geometricas; metodologia de clasificacion FDA.,si,https://arxiv.org/abs/2409.17804v2
2707,Visualization and Assessment of Spatio-temporal Covariance Properties,2017,,none,media,"Enfoque FDA (boxplots funcionales, ranking) para evaluar separabilidad/simetria de covarianzas espacio-temporales; contribucion metodologica.",si,https://arxiv.org/abs/1705.01789v1
2710,Functional Linear Regression: Dependence and Error Contamination,2018,,none,alta,Regresion lineal funcional con dependencia serial y contaminacion de error funcional; estimador GMM basado en autocovarianza.,no,https://arxiv.org/abs/1806.05471v4
2711,Functional Mixtures-of-Experts,2022,,none,alta,Mixtures-of-experts funcional con regularizacion tipo Lasso sobre derivadas; representaciones funcionales sparse e interpretables.,no,https://arxiv.org/abs/2202.02249v2
2712,funBIalign: a hierachical algorithm for functional motif discovery based on mean squared residue scores,2023,,none,media,Descubrimiento de motivos funcionales via clustering jerarquico; una de las aplicaciones es inflacion de precios de alimentos.,si,https://arxiv.org/abs/2306.04254v1
2713,A feasible central limit theorem for realised covariation of SPDEs in the context of functional data,2022,,none,media,"Teoria asintotica (TCL) para estimacion de volatilidad en dimension infinita, SPDEs, covariacion realizada en espacios de Hilbert.",si,https://arxiv.org/abs/2205.03927v2
2714,A weak law of large numbers for realised covariation in a Hilbert space setting,2020,,none,media,"Ley debil de grandes numeros para covariacion realizada en espacio de Hilbert; datos funcionales de alta frecuencia, volatilidad.",si,https://arxiv.org/abs/2011.13030v1
2715,Nowcasting distributions: a functional MIDAS model,2024,,none,alta,Modelo MIDAS funcional con FPCA para nowcasting de la distribucion del ingreso de hogares de EEUU; aplicacion economica (desigualdad).,no,https://arxiv.org/abs/2411.05629v1
2717,Minimax prediction in the Functional Autoregressive Model,2026,,none,alta,"Prediccion minimax en el modelo autorregresivo funcional (FAR); estimador ridge frente a regularizacion FPCA estandar, suavidad funcional.",no,https://arxiv.org/abs/2607.04823v1
2718,Prediction of air pollutants PM10 by ARBX(1) processes,2024,10.1007/s00477-019-01712-z,none,media,"Series de tiempo funcionales en espacios de Banach con variables exogenas (ARBX); metodologia de estimacion/prediccion, aplicacion PM10.",si,https://arxiv.org/pdf/2402.06574
2719,Splash! Robustifying Donor Pools for Policy Studies,2023,,none,media,Compara sintesis de control con FPCA vs seleccion forward vs SCM original para elegir donantes; contexto de politica economica.,si,https://arxiv.org/abs/2308.13688v1
2720,On changepoint detection in functional data using empirical energy distance,2023,,none,alta,Deteccion de puntos de cambio en datos funcionales via distancia de energia empirica; aplicacion a datos financieros y de temperatura.,no,https://arxiv.org/abs/2310.04853v1
2721,Fully Functional Weighted Testing for Abrupt and Gradual Location Changes in Functional Time Series,2026,,none,alta,Test de cambios abruptos/graduales en series funcionales; discute reduccion de dimension por PCA vs CUSUM funcional y ponderacion por covarianza.,no,https://arxiv.org/abs/2601.16058v1
2722,Scalable Multiple Changepoint Detection for Functional Data Sequences,2020,,none,media,"Deteccion escalable de multiples puntos de cambio en secuencias de datos funcionales; proyecciones between/within, fused lasso, CUSUM.",no,https://arxiv.org/abs/2008.01889v3
2725,Variational Nonparametric Inference in Functional Stochastic Block Model,2024,,none,media,"Modelo de bloques estocasticos funcional; vertices con datos funcionales (PIB de paises), deteccion de comunidades e inferencia variacional.",si,https://arxiv.org/abs/2407.00564v1
2726,CoVariance Filters and Neural Networks over Hilbert Spaces,2025,,none,media,Filtros y redes de covarianza sobre espacios de Hilbert; se prueba que recuperan FPCA de senales filtradas; clasificacion de series.,si,https://arxiv.org/abs/2509.13178v2
2727,Spatially Varying Deep Functional Neural Network: Application in Large-Scale Crop Yield Prediction,2025,10.1093/jrsssc/qlag023,none,media,Red neuronal funcional profunda con coeficientes espacialmente variantes; supera modelos de regresion funcional; aplicacion a rendimiento de cultivos.,si,https://arxiv.org/pdf/2506.13017
2728,A Statistical Machine Learning Approach to Yield Curve Forecasting,2017,,none,alta,"Procesos gaussianos para modelar y pronosticar la curva de rendimientos (yield curve); datos funcionales, aplicacion financiera.",no,https://arxiv.org/abs/1703.01536v1
2731,On filter-type estimation of discretely sampled cyclic long-memory processes,2024,,none,media,"Estimacion tipo filtro de procesos ciclicos de memoria larga con wavelets; datos funcionales, consistencia fuerte; relevante a PR4.",si,https://arxiv.org/abs/2407.12444v1
2734,Probabilistic Functional Neural Networks,2025,,none,media,Red neuronal funcional probabilistica (ProFnet) para series funcionales de alta dimension; pronostico de tasas de mortalidad de Japon.,si,https://arxiv.org/abs/2503.21585v1
2738,Scalable Model-Based Gaussian Process Clustering,2023,,none,media,Clustering escalable de datos funcionales basado en procesos gaussianos con aproximacion Vecchia; contribucion metodologica de escalabilidad.,si,https://arxiv.org/abs/2309.07882v1
2742,"Detecting changes in Hilbert space data based on ""repeated"" and change-aligned principal components",2015,,none,alta,Procedimiento CUSUM para cambios en medias en espacio de Hilbert via representacion en componentes principales; evita separacion de autovalores.,no,https://arxiv.org/abs/1509.07409v2
2743,Region-Referenced Spectral Power Dynamics of EEG Signals: A Hierarchical Modeling Approach,2018,,none,media,Datos funcionales referenciados por region para EEG; discute modelos previos como supuestos sobre operadores de covarianza y descomposiciones factoriales.,si,https://arxiv.org/abs/1811.05566v2
2749,Climate change analysis from LRD manifold functional regression,2024,,none,media,Regresion funcional no lineal en variedades con errores de memoria larga (LRD); metodologia sustantiva de series funcionales; aplicacion climatica.,si,https://arxiv.org/abs/2407.00381v2
2750,Two-Sample Testing for Multivariate Cross-Correlation Functions with Applications to Gut-Brain Reward Learning,2026,,none,media,Test de dos muestras para funciones de correlacion cruzada multivariadas como datos funcionales; estadisticos globales tipo Hotelling.,si,https://arxiv.org/abs/2604.04156v1
2751,Functional Extreme-PLS,2024,,none,alta,"Extreme-PLS funcional: reduccion de dimension extrema para covariable en L2([0,1]); proyeccion, PLS/SIR; datos financieros de alta frecuencia.",no,https://arxiv.org/abs/2410.05517v3
2752,Generalized probabilistic principal component analysis of correlated data,2018,,none,alta,PCA probabilistica generalizada (GPPCA) para datos correlacionados incluyendo datos funcionales; estimador de cargas factoriales de forma cerrada.,no,https://arxiv.org/abs/1808.10868v3
2755,"Fast Emulation, Modular Calibration, and Active Learning for Simulators with Functional Response",2024,,none,media,Emulador escalable para respuesta funcional con regresion GP local; calibracion modular y aprendizaje activo de simuladores.,si,https://arxiv.org/abs/2405.16298v2
2757,Functional instrumental variable regression with an application to estimating the impact of immigration on native wages,2021,10.1017/S0266466624000252,none,alta,Regresion de variable instrumental funcional aplicada a impacto de inmigracion en salarios; econometria funcional (PR5).,si,https://doi.org/10.1017/s0266466624000252
2760,"Elastic $k$-means clustering of functional data for posterior exploration, with an application to inference on acute respiratory infection dynamics",2020,,none,media,k-means elastico de datos funcionales; BIC via modelo de mezcla sobre componentes principales de FPCA; aplicacion epidemiologica (Mexico).,no,https://arxiv.org/abs/2011.12397v1
2761,Modeling the Evolution of Infectious Diseases with Functional Data Models: The Case of COVID-19 in Brazil,2021,,none,alta,Modelos de datos funcionales para muertes por COVID-19 en Brasil; clustering + regresion cuantilica funcional sobre indicadores socioeconomicos (PR5).,no,https://arxiv.org/abs/2109.01952v1
2762,Bayesian spatial functional data clustering: applications in disease surveillance,2024,,none,media,"Clustering bayesiano de datos funcionales espaciales para vigilancia de enfermedades; arboles de expansion aleatorios, modelos gaussianos latentes.",si,https://arxiv.org/abs/2407.12633v1
2763,Bayesian Hierarchical Modeling for Predicting Spatially Correlated Curves in Irregular Domains: A Case Study on PM10 Pollution,2024,,none,alta,Modelo jerarquico bayesiano con bases de polinomios de Bernstein y efectos AR para curvas espacialmente correlacionadas; discute numero de bases (12 vs 18); PM10 Mexico.,no,https://arxiv.org/abs/2411.19425v1
2764,Functional generalized autoregressive conditional heteroskedasticity,2015,,none,alta,fGARCH: version funcional del proceso GARCH para series financieras; soluciones estacionarias en L2 y funciones continuas; volatilidad intradia (PR4/PR5).,no,https://arxiv.org/abs/1509.03813v2
2765,Interpretable models for forecasting high-dimensional functional time series,2026,,none,alta,Descomposicion ANOVA funcional + modelo de factores funcionales via FPCA en bases ortonormales; aporte metodologico central de representacion.,no,https://arxiv.org/abs/2603.28344v2
2766,Spatial Correlation in Weather Forecast Accuracy: A Functional Time Series Approach,2021,,none,media,"FTS sobre superficies 2D con base B-spline (resolucion elegida) + GARCH en coeficientes; discute construccion de base, aunque dominio meteorologico (posible E4).",si,https://arxiv.org/abs/2111.11381v1
2767,Forecasting high-dimensional functional time series with dual-factor structures,2021,,none,alta,"Modelo de doble factor: FTS + funciones base especificas por poblacion, recuperacion de bases via FPCA; representacion en bases es el objeto.",no,https://arxiv.org/abs/2109.04146v2
2768,Forecasting of a Hierarchical Functional Time Series on Example of Macromodel for Day and Night Air Pollution in Silesia Region: A Critical Overview,2017,,none,media,"FTS jerarquica y reconciliacion de pronosticos en marco econometrico; no discute eleccion/calidad de base (posible E1), cuerpo omitido.",si,https://arxiv.org/abs/1712.03797v1
2769,Multiscale Change Point Detection for Functional Time Series,2025,,none,alta,"Deteccion de puntos de cambio en FTS en espacios de Banach, procesos no estacionarios, aplicacion a datos financieros; relevante a PR4/PR5.",no,https://arxiv.org/abs/2511.06870v1
2770,A Functional Version of the ARCH Model,2011,,none,alta,"Conjunto oro #10 (Hormann/Horvath/Reeder). Version funcional del modelo ARCH, datos financieros de alta frecuencia, volatilidad. Ancla de C7.",no,https://arxiv.org/abs/1105.0343v1
2771,Functional Regression with Nonstationarity and Error Contamination: Application to the Economic Impact of Climate Change,2025,,none,alta,Regresion funcional no estacionaria con cointegracion aplicada al impacto economico del cambio climatico; PR5 y PR4 directos.,no,https://arxiv.org/abs/2509.08591v3
2772,An operator-level ARCH Model,2026,,none,alta,"Marco ARCH a nivel de operador de covarianza en espacios de Hilbert, series financieras, retornos intradia S&P 500; linea directa de GARCH funcional (PR4/PR7).",no,https://arxiv.org/abs/2603.10272v2
2773,A Frequentist Approach to Change Point Detection: Methods and Applications,2026,,none,media,"Deteccion de puntos de cambio en FTS con FPCA como proyeccion; preprint breve, discusion de base superficial, calidad modesta.",si,https://arxiv.org/abs/2607.13852v1
2774,Uncovering predictability in the evolution of the WTI oil futures curve,2019,,none,media,"Metodo FTS (exponential smoothing state space) para curvas de futuros de petroleo WTI; aplicacion economico-financiera, PR5. Profundidad de base no clara en extracto.",si,https://arxiv.org/abs/1901.02248v1
2775,A prediction interval for a function-valued forecast model,2014,,none,alta,Modelo KWF (Kernel+Wavelet+Functional) con base WAVELET explicita para series no estacionarias de carga electrica; PR4 directo (wavelets vs procesos no suaves).,no,https://arxiv.org/abs/1412.4222v1
